date,open,high,low,close,adj_close,volume
2020-05-04,9682.6504,9683.25,9430.3496,9454.0498,9454.0498,14240600
2020-05-05,9591.7002,9615.7998,9344.5498,9358.9004,9358.9004,12200000
2020-05-06,9379.3496,9489.25,9266.0996,9428.5498,9428.5498,14553900
2020-05-07,9394.25,9437.7998,9335.5,9351.4502,9351.4502,10767100
2020-05-08,9522.6504,9528.3496,9395.4502,9408.6504,9408.6504,0
2020-05-11,9505.9502,9596.7998,9393.4502,9411.7002,9411.7002,19170000
2020-05-12,9343.5996,9415.0498,9218.4502,9372.25,9372.25,16488200
2020-05-13,9752.3496,9752.4502,9518.7998,9552.6504,9552.6504,17100700
2020-05-14,9396.8496,9465.8496,9310.0498,9333.0996,9333.0996,11709500
2020-05-15,9371.9004,9372.0498,9240.9502,9320.5996,9320.5996,10803400
2020-05-18,9339.9004,9340,8988.9502,9004.4004,9004.4004,14417500
2020-05-19,9140.9502,9209.25,9036.0498,9060.1504,9060.1504,19156100
2020-05-20,9069.7002,9276.5996,9055.2002,9249.1504,9249.1504,13588400
2020-05-21,9265.75,9366.75,9243.7998,9299.7998,9299.7998,13350700
2020-05-22,9263.25,9344.0498,9165.4502,9226.7998,9226.7998,13186000
2020-05-26,9284.3496,9341.4004,9187.7998,9219.5996,9219.5996,11419400
2020-05-27,9267.75,9488.3496,9186.7002,9471.5996,9471.5996,12346400
2020-05-28,9519.7002,9669.0498,9492.75,9648.2002,9648.2002,17012800
2020-05-29,9584.0498,9777.0996,9542.5498,9759.4502,9759.4502,39474900
2020-06-01,9900.7002,10093.1504,9882.7002,9996.4004,9996.4004,17918200
2020-06-02,10051.2002,10153.8496,9998.4004,10139.75,10139.75,21387800
2020-06-03,10266.9004,10336.6504,10194.0498,10220.25,10220.25,22155100
2020-06-04,10219.75,10293.3496,10108.5,10198,10198,21089800
2020-06-05,10265.7002,10357.5,10213.8496,10324.1504,10324.1504,32703300
2020-06-08,10506.25,10506.2998,10298.6504,10346.7002,10346.7002,34714300
2020-06-09,10367.75,10472.7998,10202.7002,10231.25,10231.25,27883300
2020-06-10,10255.4502,10322.0996,10211.5498,10291.7002,10291.7002,21448400
2020-06-11,10271.6504,10297.9502,10066.5996,10082.0996,10082.0996,33711400
2020-06-12,9720.5498,10180.7998,9719.6504,10158.2998,10158.2998,26764100
2020-06-15,10113.4004,10141.1504,9924.0996,10005.7998,10005.7998,0
2020-06-16,10200.4502,10230.5996,9917.4004,10097.3496,10097.3496,0
2020-06-17,10060.1504,10186.1504,10020.9502,10069.75,10069.75,0
2020-06-18,10051.4502,10276.9004,10033.1504,10258.1504,10258.1504,0
2020-06-19,10289,10434.5996,10246.75,10407.75,10407.75,0
2020-06-22,10487.2002,10568.75,10453.0996,10494.3496,10494.3496,23679500
2020-06-23,10534.9502,10674.4004,10491.5,10660.7998,10660.7998,15657200
2020-06-24,10724.9502,10753.5996,10474.5498,10499.9004,10499.9004,19234100
2020-06-25,10431.0498,10558.4502,10392.7002,10486.5498,10486.5498,20590500
2020-06-26,10577.3496,10607.0498,10505.2002,10570.9502,10570.9502,21057600
2020-06-29,10506.7002,10520.9502,10414.5,10496.8496,10496.8496,7494400
2020-06-30,10566.7998,10587.0996,10452.5,10486.9004,10486.9004,7490100
2020-07-01,10511.9004,10615.1504,10482.3496,10598.9004,10598.9004,7810600
2020-07-02,10656.4502,10757.7998,10650.2998,10716.0996,10716.0996,8435900
2020-07-03,10780.6504,10797.0996,10732.4502,10776.2998,10776.2998,7882100
2020-07-06,10887.7998,10963.7998,10859.25,10919.25,10919.25,7806900
2020-07-07,10958.5,10972.6504,10847.2998,10958,10958,9025100
2020-07-08,10979.4004,11006.8496,10842.5498,10870.9502,10870.9502,11147000
2020-07-09,10918.8496,10984.5996,10898.8496,10962.7002,10962.7002,8332100
2020-07-10,10918.5,10975.7998,10868.75,10919.7002,10919.7002,8597600
2020-07-13,11001.0498,11036.0498,10902.4502,10953.75,10953.75,7430100
2020-07-14,10906.25,10911,10725.7002,10768.5996,10768.5996,7429200
2020-07-15,10859.2998,10974.4004,10730.7998,10769.5996,10769.5996,9027300
2020-07-16,10852.2998,10893.7998,10734.4004,10879.9004,10879.9004,8567200
2020-07-17,10895.5,11074.7998,10893.1504,11045.8496,11045.8496,8691500
2020-07-20,11138.5,11174.3496,11094.0498,11159.4502,11159.4502,7220900
2020-07-21,11261.2998,11300.9004,11244.6504,11283.9004,11283.9004,9943400
2020-07-22,11348.9502,11355,11173.9502,11249.4502,11249.4502,9725300
2020-07-23,11255.5996,11356.1504,11225.4502,11334.2998,11334.2998,7892500
2020-07-24,11270.7998,11326.9502,11202.2002,11297.75,11297.75,8515500
2020-07-27,11328.9004,11328.9004,11188.25,11231.2998,11231.2998,7780000
2020-07-28,11255.0498,11404.5,11253.1504,11388.4004,11388.4004,8586900
2020-07-29,11369.5498,11428.1504,11258.7998,11310.8496,11310.8496,8001700
2020-07-30,11361.9502,11403.9502,11207.9004,11231.2998,11231.2998,8960400
2020-07-31,11269.25,11286.2002,11177.0996,11222.9502,11222.9502,8575500
2020-08-03,11208.5498,11208.9502,11046.9502,11056,11056,9824000
2020-08-04,11113.6504,11258.8496,11074.0498,11244.0996,11244.0996,0
2020-08-05,11304.4004,11368.4004,11213.25,11248.4004,11248.4004,8680100
2020-08-06,11329.5,11396.1504,11278.1504,11345.4502,11345.4502,8256600
2020-08-07,11337.2002,11377.1504,11297.1504,11361.4004,11361.4004,6809200
2020-08-10,11426.2998,11491.9502,11401.5498,11433,11433,7469800
2020-08-11,11486.1504,11531.5,11455.9502,11471.25,11471.25,8583900
2020-08-12,11441.0498,11470.9004,11389.7002,11458.25,11458.25,9549800
2020-08-13,11488.0996,11512.6504,11429.25,11458.9004,11458.9004,8147300
2020-08-14,11511.4004,11525.9502,11269.4004,11337.5498,11337.5498,9131300
2020-08-17,11411.2002,11422.7002,11296.8496,11402.8496,11402.8496,8322400
2020-08-18,11419.2002,11556.8496,11412.8496,11541.9502,11541.9502,0
2020-08-19,11608.9004,11618.5498,11550.9502,11564.5,11564.5,0
2020-08-20,11478.5,11524.6504,11451.5,11479,11479,0
2020-08-21,11581.25,11589.25,11526.0498,11535.7998,11535.7998,0
2020-08-24,11579.9502,11648.5,11578.5,11619.1504,11619.1504,0
2020-08-25,11668.9502,11681.5498,11575.6504,11625.5996,11625.5996,0
2020-08-26,11668.5996,11705.5996,11611.4502,11694.3496,11694.3496,0
2020-08-27,11755.4004,11762.25,11692.6504,11709.4502,11709.4502,0
2020-08-28,11755.5996,11830.7002,11743.25,11791.5,11791.5,0
2020-08-31,11913.5498,11927.2002,11438.75,11496.0498,11496.0498,0
2020-09-01,11570.1504,11651.6504,11477.8496,11586.5996,11586.5996,0
2020-09-02,11598.4004,11681.4004,11554.6504,11660.5996,11660.5996,0
2020-09-03,11694.5,11714.6504,11643.8496,11663.3496,11663.3496,0
2020-09-04,11491.1504,11589.8496,11436.9502,11464.9502,11464.9502,0
2020-09-07,11493.25,11509.9502,11380.4502,11478.4004,11478.4004,7090300
2020-09-08,11502.9004,11556.4502,11407.4502,11434.9004,11434.9004,0
2020-09-09,11338.7002,11418.4502,11299.5996,11397.9502,11397.9502,0
2020-09-10,11481.2998,11577.0996,11453.0498,11562.6504,11562.6504,0
2020-09-11,11562.4502,11609.4004,11538.7998,11589.6504,11589.6504,0
2020-09-14,11665.6504,11690,11512.0498,11566.4502,11566.4502,0
2020-09-15,11613.7002,11666.2998,11580.0498,11652.8496,11652.8496,0
2020-09-16,11673.4004,11743.8496,11653.9004,11732.7002,11732.7002,0
2020-09-17,11671.25,11718.2998,11629.2002,11646.1504,11646.1504,0
2020-09-18,11713.5498,11716.2002,11581.6504,11640.2002,11640.2002,0
2020-09-21,11642,11661.4502,11332.5,11367.25,11367.25,0
2020-09-22,11411.0498,11411.4502,11177.0498,11264.5498,11264.5498,0
2020-09-23,11366.8496,11369.4004,11135.75,11241.5996,11241.5996,0
2020-09-24,11122.5498,11127.6504,10906.7002,10922.25,10922.25,0
2020-09-25,11029.5,11198.0996,10974.9004,11176.2998,11176.2998,0
2020-09-28,11270.5498,11375.4502,11233.5498,11365.25,11365.25,0
2020-09-29,11429.4004,11449.4502,11314.4502,11353.6504,11353.6504,0
2020-09-30,11380.2002,11431.6504,11320,11385.2002,11385.2002,0
2020-10-01,11499.6504,11557.4004,11484.25,11545.9004,11545.9004,0
2020-10-05,11616.5996,11693.2998,11574.5,11625.5996,11625.5996,0
2020-10-06,11722.5,11787.2002,11688.0498,11770.75,11770.75,0
2020-10-07,11787.4502,11857.4004,11741.3496,11833.9004,11833.9004,0
2020-10-08,11926.0996,11986.9502,11876.5996,11925.4004,11925.4004,0
2020-10-09,11944.5,12014.9502,11897.4004,11990.7002,11990.7002,0
2020-10-12,12047.0498,12088.9004,11936.9004,11999.0498,11999.0498,0
2020-10-13,12000.5498,12056.3496,11959.5,11995.7002,11995.7002,0
2020-10-14,11980.5996,12064,11893.4502,12039.0498,12039.0498,0
2020-10-15,12089.5498,12091.0498,11738.7002,11758.2002,11758.2002,0
2020-10-16,11804.25,11867.2002,11744.0996,11843.3496,11843.3496,0
2020-10-19,11953.75,11970.4502,11896.0996,11952.9004,11952.9004,0
2020-10-20,11941.6504,12023.2998,11919,11976.8496,11976.8496,0
2020-10-21,12036.7998,12092.0498,11851.9004,12009,12009,0
2020-10-22,11965.8496,12009.7002,11899.0996,11971.7998,11971.7998,0
2020-10-23,12029.4004,12045.3496,11985.1504,12006.0996,12006.0996,0
2020-10-26,12017.75,12022.0996,11788.7002,11842.7002,11842.7002,0
2020-10-27,11880.2998,11981.7002,11800.2002,11971.9004,11971.9004,0
2020-10-28,12006.5,12012.2002,11778.4004,11819.0498,11819.0498,0
2020-10-29,11723.25,11838.2002,11700.0498,11774.4004,11774.4004,0
2020-10-30,11784.8496,11855.9004,11646.9004,11748.9502,11748.9502,0
2020-11-02,11803.0498,11830.6504,11675.25,11777.8496,11777.8496,0
2020-11-03,11843.6504,11937.2002,11834.2002,11913.3496,11913.3496,0
2020-11-04,11890.9004,12026.1504,11860.75,12007.0996,12007.0996,0
2020-11-05,12150.3496,12225.9004,12127.4502,12217.9004,12217.9004,0
2020-11-06,12252.4502,12364.9004,12232.3496,12349.1504,12349.1504,0
2020-11-09,12482.9502,12557.5996,12448.9502,12545.4502,12545.4502,0
2020-11-10,12639.5,12695.25,12556.25,12683.3496,12683.3496,0
2020-11-11,12733.2998,12824,12634.5,12805.5996,12805.5996,0
2020-11-12,12766.75,12805.7002,12699.9004,12764.0498,12764.0498,0
2020-11-13,12735.5996,12815.5498,12691.9004,12804.25,12804.25,0
2020-11-14,,,,,,
2020-11-17,13007.4502,13008.3496,12884.9502,12960.9004,12960.9004,0
2020-11-18,12948.25,13032.5996,12904.1504,13022.75,13022.75,0
2020-11-19,12931.6504,13055.5,12840,12864.8496,12864.8496,0
2020-11-20,12904.7002,12992.3496,12832.0996,12962.4502,12962.4502,0
2020-11-23,13062.3496,13076,12946.6504,13036.6504,13036.6504,0
2020-11-24,13110.7998,13179.0996,13090.0996,13158.2998,13158.2998,0
2020-11-25,13231.9004,13244.7998,12935.5498,12959.7998,12959.7998,0
2020-11-26,13001.4004,13117.0498,12900.0996,13087.75,13087.75,8058100
2020-11-27,13117.0996,13146.8496,13030.25,13080.2998,13080.2998,0
2020-12-01,13180.2002,13244.2998,13088.0498,13225.7002,13225.7002,0
2020-12-02,13243,13254.8496,13115.2002,13244.3496,13244.3496,0
2020-12-03,13342.75,13342.9502,13252.3496,13280.5,13280.5,0
2020-12-04,13325.0996,13415.0498,13288.9502,13396.5,13396.5,0
2020-12-07,13406.3496,13508.0996,13387.8496,13497.8496,13497.8496,0
2020-12-08,13536.75,13575.4502,13439.2998,13529.8496,13529.8496,0
2020-12-09,13597.0498,13673.0996,13589.8496,13649.5996,13649.5996,0
2020-12-10,13611.7002,13632.8496,13519.3496,13612.3496,13612.3496,0
2020-12-11,13646.2002,13707.9004,13532.2998,13647.9004,13647.9004,0
2020-12-14,13706.2002,13731.0498,13615.4502,13693.2002,13693.2002,7992900
2020-12-15,13685.6504,13716.1504,13583.5498,13697.7002,13697.7002,7278900
2020-12-16,13792.1504,13817.75,13735.9502,13808.0498,13808.0498,0
2020-12-17,13838.9004,13890.0996,13802.9502,13852.5498,13852.5498,0
2020-12-18,13877.75,13886.1504,13767.4502,13872.7998,13872.7998,0
2020-12-21,13852.75,13887.4004,13214,13431.2998,13431.2998,0
2020-12-22,13467.0996,13603.5996,13272.0498,13577.3496,13577.3496,0
2020-12-23,13587.75,13744.0996,13544.2002,13725.5498,13725.5498,0
2020-12-24,13803.1504,13882.7998,13748.1504,13862.0996,13862.0996,0
2020-12-28,13930.7998,13997,13929.2002,13986.7002,13986.7002,0
2020-12-29,14028.0498,14077.9502,13964,14037.6504,14037.6504,0
2020-12-30,14086.4502,14103.8496,13969.7998,14088.4502,14088.4502,0
2020-12-31,14080.7998,14127.5996,14048.0996,14090.75,14090.75,0
2021-01-01,,,,,,
2021-01-04,14226,14282.4004,14084.0498,14267.0498,14267.0498,0
2021-01-05,14212.9502,14373.8496,14177.2002,14355.9004,14355.9004,0
2021-01-06,14399.7002,14403.0498,14191.4004,14305.6504,14305.6504,0
2021-01-07,14417.9004,14419.3496,14290.6504,14305.5,14305.5,0
2021-01-08,14424.7998,14533,14393.4502,14514.3496,14514.3496,0
2021-01-11,14638.7998,14653.2002,14535.4004,14642.0498,14642.0498,0
2021-01-12,14632.7002,14735.4502,14593.3496,14705.5,14705.5,0
2021-01-13,14782.5996,14793.25,14559.2998,14694.9502,14694.9502,0
2021-01-14,14688.2002,14750,14608.0996,14731.1504,14731.1504,0
2021-01-15,14736.5,14760.25,14482.75,14558.7998,14558.7998,0
2021-01-18,14574.1504,14579.5,14332.8496,14390.0498,14390.0498,10749500
2021-01-19,14481.1504,14653.8496,14470.9004,14632.2002,14632.2002,8428000
2021-01-20,14652,14771,14631.7998,14751.2998,14751.2998,0
2021-01-21,14840.9502,14860.8496,14613.3496,14686.5498,14686.5498,0
2021-01-22,14684.3496,14725.25,14466.2002,14479.5996,14479.5996,0
2021-01-25,14588.2002,14602.9004,14328.0996,14348.4502,14348.4502,0
2021-01-27,14349.5,14349.5,14045.1504,14085.8496,14085.8496,0
2021-01-28,13932.7002,14017.7998,13846.7002,13947.25,13947.25,0
2021-01-29,14075.6504,14089.4004,13704.1504,13743.2998,13743.2998,0
2021-02-01,13866.0498,14414.5996,13762.2002,14361.6504,14361.6504,0
2021-02-02,14556,14792,14546.2998,14720.5498,14720.5498,13720200
2021-02-03,14824.25,14931.6504,14650.75,14854,14854,13741300
2021-02-04,14860.0498,14992.5,14806.6504,14977.1504,14977.1504,0
2021-02-05,15040.75,15099.25,14938.7998,14988.9502,14988.9502,0
2021-02-08,15123.1504,15217,15103.7002,15177.9502,15177.9502,0
2021-02-09,15228.1504,15313.4502,15124.7998,15171.25,15171.25,0
2021-02-10,15184.2998,15233.1504,15047.6504,15176.4004,15176.4004,0
2021-02-11,15146.0996,15262.2998,15138.2002,15249.6504,15249.6504,0
2021-02-12,15267.3496,15318.8496,15163.6504,15245.75,15245.75,0
2021-02-15,15350.25,15421.9004,15326.4004,15399.2002,15399.2002,0
2021-02-16,15455.4004,15513.5,15328.5996,15406,15406,0
2021-02-17,15379.2998,15413.9004,15275.7002,15318.5,15318.5,0
2021-02-18,15353.6504,15368.7998,15210.25,15249.5,15249.5,0
2021-02-19,15212.5498,15275.4004,15017.3496,15102.6504,15102.6504,0
2021-02-22,15119.5498,15132.5,14758.75,14802.4502,14802.4502,0
2021-02-23,14906,14979.2998,14780.1504,14844.25,14844.25,0
2021-02-24,14876.75,15118.6504,14869.6504,15094.8496,15094.8496,6176600
2021-02-25,15193.5498,15281.25,15177.5996,15209,15209,11570000
2021-02-26,15005,15045.1504,14604.25,14667.5996,14667.5996,0
2021-03-01,14834.5,14932.2998,14774.6504,14889.6504,14889.6504,0
2021-03-02,14993.9004,15100.9502,14897.9004,15061.5996,15061.5996,0
2021-03-03,15205.0498,15405.7002,15147.5498,15379.5,15379.5,0
2021-03-04,15172.2998,15352.9502,15139.5,15238.75,15238.75,0
2021-03-05,15139.75,15248.7002,15009.2002,15084.3496,15084.3496,0
2021-03-08,15151.8496,15250.5996,15062.3496,15096.8496,15096.8496,0
2021-03-09,15189.5996,15252,15043.0996,15206,15206,0
2021-03-10,15309.0996,15327,15209.6504,15284.8496,15284.8496,0
2021-03-12,15426.5498,15438.5,15071.1504,15140.1504,15140.1504,0
2021-03-15,15163.25,15165.4004,14856.2998,15040.8496,15040.8496,0
2021-03-16,15107.7998,15159.0996,15009.7998,15033.2998,15033.2998,0
2021-03-17,15066.4502,15074.7998,14805.75,14828.8496,14828.8496,0
2021-03-18,14959.0498,14977.4502,14581.9502,14662.5,14662.5,0
2021-03-19,14573.2998,14886.9502,14434.0996,14847.25,14847.25,0
2021-03-22,14850.75,14885.6504,14729.4502,14859.7002,14859.7002,0
2021-03-23,14898.2998,15011.0498,14849.1504,14952.0996,14952.0996,0
2021-03-24,14853.2002,14902.6504,14676.3496,14690.0498,14690.0498,0
2021-03-25,14713.3496,14717.5996,14393.5,14450.5498,14450.5498,0
2021-03-26,14624.9004,14692.75,14539.25,14633.5,14633.5,0
2021-03-30,14755.5996,14977.9502,14745.9502,14936.0498,14936.0498,9292100
2021-03-31,14913,14913.7002,14787.5996,14807.4502,14807.4502,0
2021-04-01,14912.25,15008.9502,14813.6504,14993.0498,14993.0498,0
2021-04-05,14970.2002,14975.6504,14596.9502,14775.7002,14775.7002,0
2021-04-06,14870.75,14922.2998,14719.4004,14836.25,14836.25,0
2021-04-07,14869.8496,15019.75,14810.4502,14973.9502,14973.9502,0
2021-04-08,15030.0498,15139.9502,14984.3496,15036.1504,15036.1504,0
2021-04-09,15045.2002,15081.9004,14957.5996,15004.1504,15004.1504,0
2021-04-12,14805.9502,14812,14390.0996,14450.0498,14450.0498,0
2021-04-13,14501.8496,14660.2002,14415.9004,14639.4004,14639.4004,0
2021-04-15,14655.75,14735.9004,14487.9502,14719.25,14719.25,0
2021-04-16,14741.7998,14850.1504,14705.5996,14773.2002,14773.2002,0
2021-04-19,14459,14535.5498,14346.0996,14512.8496,14512.8496,0
2021-04-20,14680.1504,14688.1504,14373.9502,14466.7998,14466.7998,0
2021-04-22,14395.9004,14581.75,14329.5996,14564.25,14564.25,8103800
2021-04-23,14492.2002,14625.0996,14439.9004,14510.9502,14510.9502,0
2021-04-26,14618.9004,14711.1504,14590.4502,14645.9004,14645.9004,0
2021-04-27,14662.5,14822.9502,14652.8496,14807.75,14807.75,0
2021-04-28,14871.4502,15030.4502,14855.5498,15004.6504,15004.6504,0
2021-04-29,15117.4004,15178.8496,14954.0498,15029.9502,15029.9502,0
2021-04-30,14891.25,15005.4004,14760.2998,14790.5996,14790.5996,0
2021-05-03,14645.5996,14845.0996,14583.3496,14811.2002,14811.2002,7240700
2021-05-04,14871.9004,14904.5996,14647.6504,14683.7002,14683.7002,11727600
2021-05-05,14793,14843.2998,14698.9502,14823.2002,14823.2002,0
2021-05-06,14878.5996,14947.1504,14817.6504,14928.5996,14928.5996,0
2021-05-07,15023,15060.1504,14968.2998,15021.6504,15021.6504,0
2021-05-10,15123.3496,15167.4502,15091.4004,15146.6504,15146.6504,0
2021-05-11,15003.2002,15115.9502,14978.0498,15071.4004,15071.4004,0
2021-05-12,15060.9502,15062.1504,14891.0996,14940,14940,0
2021-05-14,14996.9004,14996.9502,14809,14893.2002,14893.2002,0
2021-05-17,14973.2002,15148.5,14936.7998,15134.1504,15134.1504,0
2021-05-18,15281.7002,15348.2998,15258.7002,15325,15325,0
2021-05-19,15288,15366.2002,15250.2002,15272.5498,15272.5498,0
2021-05-20,15288.75,15317.0498,15142.4502,15164.4502,15164.4502,0
2021-05-21,15252.9502,15422.7998,15246.9004,15408.5498,15408.5498,0
2021-05-24,15448.1504,15498,15392.4004,15445.2002,15445.2002,0
2021-05-25,15543.0996,15544.9004,15401.5,15445.5996,15445.5996,0
2021-05-26,15494.8496,15541.3496,15425.4004,15522.3496,15522.3496,0
2021-05-27,15552.6504,15604.5,15500.5498,15564.3496,15564.3496,0
2021-05-28,15646.5996,15690.5,15620.0498,15650.3496,15650.3496,0
2021-05-31,15659.9502,15822.3496,15600.5996,15798.7002,15798.7002,0
2021-06-01,15848,15875.1504,15735.4004,15789.4004,15789.4004,0
2021-06-02,15743.8496,15853.25,15711.2002,15832.2002,15832.2002,0
2021-06-03,15913.9502,15968.5498,15881,15952.6504,15952.6504,0
2021-06-04,15980.9004,16000,15897.1504,15945.8496,15945.8496,0
2021-06-07,16004.0498,16042.5996,15956.0498,16018.5996,16018.5996,0
2021-06-08,16044.5498,16049,15947.5498,16017.2002,16017.2002,0
2021-06-09,16046.25,16082.7998,15830.6504,15904.75,15904.75,0
2021-06-10,15966.8496,16032.3496,15925.7002,16021.5,16021.5,0
2021-06-11,16080.6504,16116.0996,16019.9004,16079.5996,16079.5996,0
2021-06-14,16056.4502,16093.9004,15851.3496,16079.7002,16079.7002,0
2021-06-15,16134.2998,16167.5996,16113.5996,16136.6504,16136.6504,0
2021-06-16,16111.6504,16149.25,15998.8496,16025.5498,16025.5498,0
2021-06-17,15897.5996,16024,15865.4502,15936.2002,15936.2002,0
2021-06-18,15988.6504,15992.9502,15665.25,15915.5498,15915.5498,0
2021-06-21,15751.3496,16009,15729.3496,15991.25,15991.25,0
2021-06-22,16087,16147.3496,16005.8496,16026.9502,16026.9502,0
2021-06-23,16118,16118.1504,15919.5498,15933.1504,15933.1504,0
2021-06-24,15978.0996,16038,15946.5498,16011.5498,16011.5498,0
2021-06-25,16058.9502,16097.2002,15998.5498,16087.2002,16087.2002,0
2021-06-28,16141.4502,16141.7002,16032.75,16055.2002,16055.2002,0
2021-06-29,16050.5,16088.5498,15966.8496,15992.0996,15992.0996,0
2021-06-30,16020.9004,16073.8496,15945.5498,15959.4004,15959.4004,0
2021-07-01,15992.2002,15992.75,15913.2998,15928.0996,15928.0996,4604700
2021-07-02,15950.9502,15972.6504,15883.0996,15957.0996,15957.0996,4768300
2021-07-05,16027.9502,16078.2002,15999.2002,16066.9004,16066.9004,0
2021-07-06,16045.0498,16149.7002,16039.75,16054.9004,16054.9004,0
2021-07-07,16055.3496,16133.7002,16013.5498,16117.4004,16117.4004,0
2021-07-08,16100.7998,16136.4004,15935,15981.9502,15981.9502,0
2021-07-09,15948.7002,15987.4004,15896.1504,15952.4004,15952.4004,0
2021-07-12,16028.9502,16050.9502,15911.7002,15955.9502,15955.9502,0
2021-07-13,16053.5,16063.7002,15994.7998,16055.5996,16055.5996,0
2021-07-14,16058.1504,16112,16009.0996,16091.5,16091.5,0
2021-07-15,16114.0996,16184.7002,16100.1504,16160.2002,16160.2002,0
2021-07-16,16194.7002,16200.2998,16129.4004,16172.0498,16172.0498,0
2021-07-19,16015.0498,16097.4004,15958.2998,16006.9004,16006.9004,0
2021-07-20,15962.5,15983.0996,15829.5,15886.25,15886.25,0
2021-07-22,15995.2998,16105.5996,15988.5498,16094.25,16094.25,0
2021-07-23,16127.8496,16161.6504,16032,16119.0996,16119.0996,0
2021-07-26,16117.25,16156.2002,16066.1504,16094.2002,16094.2002,0
2021-07-27,16131.4502,16152.7002,15967.1504,16011.0498,16011.0498,0
2021-07-28,16030.5996,16030.5996,15781.9004,15983.9004,15983.9004,0
2021-07-29,16040.5,16082.5498,16013.7998,16045.2002,16045.2002,0
2021-07-30,16073.5498,16138.6504,16022,16040.1504,16040.1504,0
2021-08-02,16151.7998,16174.9502,16112.7998,16166.9502,16166.9502,0
2021-08-03,16235.4004,16415.9492,16201.9004,16399.9492,16399.9492,0
2021-08-04,16465.5508,16544.6992,16448.8496,16494.5508,16494.5508,0
2021-08-05,16526.3496,16566.1992,16430.9004,16520.5,16520.5,0
2021-08-06,16533.75,16564,16463,16476.5508,16476.5508,0
2021-08-09,16524.0508,16554.4492,16404.9004,16483.4492,16483.4492,0
2021-08-10,16505,16578.6504,16407.5,16493.8496,16493.8496,5338300
2021-08-11,16535.4492,16547.75,16345.5,16490.1504,16490.1504,5935700
2021-08-12,16512,16577.8008,16485.6992,16569.3008,16569.3008,4953500
2021-08-13,16591.8496,16731.1992,16582.9004,16716.1504,16716.1504,5666000
2021-08-16,16709.1504,16769.3008,16667.5508,16748,16748,4387000
2021-08-17,16733.6504,16819.5508,16680.5,16805.1504,16805.1504,6129000
2021-08-18,16876.5996,16897.3008,16749.9492,16778.8008,16778.8008,5309400
2021-08-20,16599,16724.5996,16586.5996,16642.1504,16642.1504,6531500
2021-08-23,16784.25,16784.8008,16574.0996,16673.3496,16673.3496,6301900
2021-08-24,16744.5996,16825.6992,16678.4004,16808,16808,6127400
2021-08-25,16844.8008,16896.4492,16809.4004,16830.0996,16830.0996,5224000
2021-08-26,16834.6504,16888.8496,16804.8496,16841.5996,16841.5996,5279200
2021-08-27,16858.75,16945.5,16782.8008,16930.8496,16930.8496,4428200
2021-08-30,17003.4004,17183.0508,16993.3496,17164.1992,17164.1992,5466300
2021-08-31,17182.9004,17394.5996,17153.4004,17373.0996,17373.0996,7745900
2021-09-01,17432.6504,17470.6504,17321.6992,17343.3008,17343.3008,6152700
2021-09-02,17363.1504,17515.5508,17328.5996,17504.5996,17504.5996,5680000
2021-09-03,17542.5,17613.5,17487.5996,17597.4492,17597.4492,5411000
2021-09-06,17677.5996,17695.75,17613.8496,17641,17641,4027200
2021-09-07,17669.4004,17691.1504,17542.8008,17618.6992,17618.6992,4385100
2021-09-08,17633.8008,17647.9492,17521.8496,17626.1992,17626.1992,5428800
2021-09-09,17591.25,17663.3496,17579.5508,17652.9004,17652.9004,4270800
2021-09-13,17649.9492,17669.25,17558.1504,17648.5996,17648.5996,4567000
2021-09-14,17716.4492,17733.25,17666.1504,17678.4492,17678.4492,11569900
2021-09-15,17694.5996,17823,17690.9492,17809.5,17809.5,8913800
2021-09-16,17838.25,17941.1992,17808.8496,17925.0508,17925.0508,17335800
2021-09-17,17997.3008,18072.5,17814.8008,17864.5508,17864.5508,14116800
2021-09-20,17719.6504,17888.6992,17619.6504,17654.0996,17654.0996,6803300
2021-09-21,17696,17834.4004,17577.0996,17817.9492,17817.9492,6645000
2021-09-22,17838.8496,17875.9492,17787,17817.6992,17817.6992,5468600
2021-09-23,17939.8496,18104.9492,17917.3008,18085.8008,18085.8008,6144700
2021-09-24,18159.6504,18204.0508,18054.5996,18090.1992,18090.1992,6621000
2021-09-27,18167.9004,18168.0508,18028,18085.5508,18085.5508,5238300
2021-09-28,18135.9004,18141.5508,17811.1992,17973.1504,17973.1504,7648300
2021-09-29,17881.6992,17998.1504,17834.8008,17926.0508,17926.0508,10150900
2021-09-30,17939.3496,17962.5508,17814.9492,17845.0996,17845.0996,7749100
2021-10-01,17768,17802.25,17686.5996,17778.5508,17778.5508,8470700
2021-10-04,17867.8008,17992.25,17837.3496,17956.75,17956.75,7026400
2021-10-05,17934.5508,18093.1992,17912.3496,18082.8008,18082.8008,7908800
2021-10-06,18130.3496,18157.4492,17873.5508,17905.8496,17905.8496,8304300
2021-10-07,18072.5,18122.4004,18031.5,18058,18058,7857600
2021-10-08,18154,18195.3008,18092.5508,18141.6992,18141.6992,6898300
2021-10-11,18128.6992,18289.4492,18100.6992,18198.9004,18198.9004,6833200
2021-10-12,18181.5508,18275,18125.1992,18258.8496,18258.8496,7242100
2021-10-13,18365.9004,18469.0996,18323.3496,18433.1992,18433.1992,9017800
2021-10-14,18543.0508,18621.5996,18525.8008,18610.3496,18610.3496,9767100
2021-10-18,18789.3008,18807.5,18717.6504,18734.9004,18734.9004,15937200
2021-10-19,18869.6504,18870.6992,18604.0996,18646.1504,18646.1504,9404200
2021-10-20,18665.0508,18678.75,18399.75,18467.75,18467.75,8323700
2021-10-21,18587.1992,18588.4492,18240.1992,18374.0996,18374.0996,10485700
2021-10-22,18426.3496,18502.8496,18203,18285.1504,18285.1504,9881500
2021-10-25,18396.1992,18406.1504,18096.6504,18272.4004,18272.4004,10048500
2021-10-26,18301,18463.8496,18260.75,18425.1504,18425.1504,9467000
2021-10-27,18457.1992,18515.8008,18348.25,18390.0508,18390.0508,8237500
2021-10-28,18368.25,18369.6504,17971.5996,18028.0996,18028.0996,11024700
2021-10-29,18010.5508,18114.5,17782.4492,17880.8008,17880.8008,9139300
2021-11-01,17996.5508,18156.4492,17901.5,18134.5996,18134.5996,8061900
2021-11-02,18174.6992,18211,18062.0996,18101,18101,6646100
2021-11-03,18161.1992,18200,17979.8496,18066.9492,18066.9492,6801700
2021-11-04,18176.6992,18188.1992,18139.9004,18156.1504,18156.1504,1195900
2021-11-08,18280.75,18339.6504,18079.4492,18320.6504,18320.6504,7064600
2021-11-09,18338.3496,18364.5996,18240.8008,18309.0508,18309.0508,6088800
2021-11-10,18238,18335.1992,18191.5996,18291.75,18291.75,6619400
2021-11-11,18248.5,18252.5996,18085.5,18156.8008,18156.8008,5704900
2021-11-12,18266.75,18407.4492,18197.9004,18389.5,18389.5,4733800
2021-11-15,18438.25,18498.6992,18364.4004,18401.6504,18401.6504,4856600
2021-11-16,18420.25,18425.8008,18260.8496,18301.4492,18301.4492,5061300
2021-11-17,18244.0508,18338.3496,18189.4492,18211.3496,18211.3496,5050400
2021-11-18,18208.5996,18260.5996,17979.3008,18059.5,18059.5,6711000
2021-11-22,18096.9004,18103.5,17561.5996,17708.5508,17708.5508,7404700
2021-11-23,17581.5508,17865.6992,17518.9492,17823.5,17823.5,9561300
2021-11-24,17870.5,17917.0996,17673.0996,17733,17733,5704300
2021-11-25,17739.5508,17884.9492,17657.6504,17861.6504,17861.6504,5311100
2021-11-26,17665.0996,17683.5,17297.1504,17340.5,17340.5,7449000
2021-11-29,17351.6504,17448.75,17060.6992,17339.1504,17339.1504,6613100
2021-11-30,17333.75,17611.4004,17216.5996,17270.25,17270.25,9781500
2021-12-01,17381.4004,17482.6504,17338.5996,17444.4492,17444.4492,6264000
2021-12-02,17465.9004,17694.3008,17434.6992,17675,17675,5261900
2021-12-03,17701.25,17764.1504,17477.75,17493.6992,17493.6992,5675000
2021-12-06,17511.3008,17517.9004,17175.5508,17197.5,17197.5,5251000
2021-12-07,17332.25,17535.4004,17275.9492,17464.9492,17464.9492,7720700
2021-12-08,17595.5508,17766.0996,17589.8008,17751.9004,17751.9004,5649500
2021-12-09,17805.8008,17824.1992,17667.0996,17797.8008,17797.8008,8036000
2021-12-10,17760.4492,17821.1504,17699.0508,17802.5996,17802.5996,7019400
2021-12-13,17918.8496,17941.3496,17653.5996,17664.8496,17664.8496,7528400
2021-12-14,17586.6992,17677.4004,17528.0508,17637.6992,17637.6992,6238500
2021-12-15,17637.4492,17662.9492,17505.8008,17526.3496,17526.3496,4891500
2021-12-16,17674.3496,17680.8008,17480.1504,17539.3008,17539.3008,5010100
2021-12-17,17559.8496,17578.75,17231.6992,17249,17249,6775800
2021-12-20,17084.5996,17097,16653.5996,16856.1992,16856.1992,7070800
2021-12-21,17011.8496,17192.9492,16950.1992,17037.75,17037.75,5316300
2021-12-22,17135.6504,17248.4492,17096.5996,17232.8008,17232.8008,5039000
2021-12-23,17346.6992,17398.3496,17303.0508,17360.6504,17360.6504,4336300
2021-12-24,17434.25,17441.5508,17192.6992,17273.6504,17273.6504,4381000
2021-12-27,17214.1504,17374.8008,17103.9492,17351.8008,17351.8008,3639900
2021-12-28,17444.5508,17517.8496,17428.0996,17501.75,17501.75,3936700
2021-12-29,17491.0508,17552.6992,17444.5996,17478.8008,17478.8008,4168100
2021-12-30,17465.25,17516.0508,17413.1992,17449.3008,17449.3008,5935600
2021-12-31,17488.4492,17659.5508,17485.9492,17618.8008,17618.8008,3715000
2022-01-03,17654.4492,17894.1504,17651.4492,17874,17874,5756800
2022-01-04,17934.5,18051.5,17831.5,18030.9492,18030.9492,6744900
2022-01-05,18044.3008,18164.6992,17974.9004,18147.5,18147.5,7898200
2022-01-06,17997.5996,18025.25,17889.75,17985.5996,17985.5996,5508600
2022-01-07,18035.6992,18140.8496,17944.4004,18053.9492,18053.9492,5914700
2022-01-10,18146.1992,18243.25,18109.75,18229.0996,18229.0996,5439200
2022-01-11,18225.6992,18295,18181.4004,18275.1504,18275.1504,5699300
2022-01-12,18390.8496,18443.8008,18346.9492,18430.25,18430.25,4923200
2022-01-13,18478.5508,18495.6504,18385,18482.4492,18482.4492,6431400
2022-01-14,18411.1992,18515.0996,18348.4004,18485.6992,18485.6992,4547700
2022-01-17,18471.5996,18553.4004,18456.5508,18543.1992,18543.1992,4807400
2022-01-18,18577.6992,18595.1504,18302.9492,18331.6992,18331.6992,5428000
2022-01-19,18349.5508,18349.5508,18114.8496,18179.6992,18179.6992,6232600
2022-01-20,18168.25,18187.5996,17915.75,18021.0996,18021.0996,5146400
2022-01-21,17882.3496,17953.5996,17721.3008,17856.1504,17856.1504,5843100
2022-01-24,17821.5508,17841.4004,17197,17353.4492,17353.4492,8240800
2022-01-25,17200.4004,17519.5996,17030.4492,17489.1504,17489.1504,6971900
2022-01-27,17281.6992,17376.8496,17069.75,17302.3496,17302.3496,8709300
2022-01-28,17405.5508,17587.5996,17289.1992,17314.6992,17314.6992,7530700
2022-01-31,17516.9004,17623.25,17479.6504,17547.4004,17547.4004,6439300
2022-02-01,17731.5508,17826.1504,17464.25,17796.25,17796.25,8511600
2022-02-02,17920.0508,18012.25,17889.1504,17998.75,17998.75,6543400
2022-02-03,17985.0996,17996.3008,17749.4004,17794.6992,17794.6992,5829000
2022-02-04,17826.25,17858.1992,17701.1992,17755.3008,17755.3008,6255600
2022-02-07,17710.0508,17791.6992,17382.8008,17477.6504,17477.6504,7923900
2022-02-08,17543.1992,17572.6992,17298.3496,17509.8008,17509.8008,7613800
2022-02-09,17612.5508,17720.9004,17583,17707.8496,17707.8496,5462500
2022-02-10,17794,17869.0996,17665.6992,17842.9004,17842.9004,6230700
2022-02-11,17694.4004,17696.9492,17541.6504,17606.5996,17606.5996,5524800
2022-02-14,17293.0996,17318.4492,17026.4004,17060.6992,17060.6992,6750200
2022-02-15,17147.9004,17582.9004,17037.5996,17560.5508,17560.5508,6533900
2022-02-16,17626.25,17706.0996,17481.6504,17530.6504,17530.6504,5251900
2022-02-17,17608.4492,17657.0996,17457.1992,17524.4492,17524.4492,4815000
2022-02-18,17456.6992,17586.3496,17439.0508,17472.9004,17472.9004,4285100
2022-02-21,17389.5508,17532.4004,17251.8496,17379.0996,17379.0996,4492200
2022-02-22,17012.75,17321.1504,17009.3008,17276.5,17276.5,6474800
2022-02-23,17378.9492,17413.3008,17240,17273.4492,17273.4492,4950700
2022-02-24,16742.8008,16897.8496,16384.4492,16428.0508,16428.0508,12170800
2022-02-25,16703,16955.5,16676.5996,16872.3496,16872.3496,8562700
2022-02-28,16701.6992,17035.1504,16568.4492,17016.5508,17016.5508,8949600
2022-03-02,16826.25,16930.1992,16732.0508,16855.6992,16855.6992,9903900
2022-03-03,16991,17032.9492,16708.0996,16761.5996,16761.5996,8917200
2022-03-04,16610.75,16700.5508,16384.25,16482.8496,16482.8496,8763400
2022-03-07,16116.0996,16180.5996,15938.75,16086.9502,16086.9502,10113600
2022-03-08,15991.4502,16267.0498,15901.0996,16251.6504,16251.6504,9700600
2022-03-09,16328.4004,16648.0996,16245.75,16571.5508,16571.5508,8629300
2022-03-10,16979.8496,16979.8496,16689.8008,16835.5,16835.5,9478900
2022-03-11,16773.5996,16928.25,16717,16877.6992,16877.6992,6488100
2022-03-14,16882.5,17092.1504,16833.0996,17076.5996,17076.5996,6468700
2022-03-15,17107.75,17136.9004,16764.25,16873.4492,16873.4492,7576000
2022-03-16,17086,17209.5,17052.5996,17198,17198,5368700
2022-03-17,17422.3496,17553.6992,17394.25,17505.4004,17505.4004,15345200
2022-03-21,17550.5,17576.5,17306.5996,17323.6504,17323.6504,6428900
2022-03-22,17329.5508,17518.25,17195.5996,17499.1992,17499.1992,6615900
2022-03-23,17593.4004,17625.9004,17399.8008,17446.0508,17446.0508,6650500
2022-03-24,17305.8496,17494.1504,17301.8008,17429.9492,17429.9492,5471300
2022-03-25,17500.8496,17506.9492,17287.8496,17370.5,17370.5,5019200
2022-03-28,17404.8008,17434.8008,17213.8008,17422.1504,17422.1504,5927300
2022-03-29,17500.4492,17541.25,17438.4004,17523.5996,17523.5996,5555400
2022-03-30,17665.5996,17718.0508,17589.1504,17684.3008,17684.3008,10715800
2022-03-31,17710.75,17752.5508,17627.3496,17660.3496,17660.3496,5454000
2022-04-01,17643.9004,17912.6992,17631.0996,17879.5,17879.5,5429300
2022-04-04,18010.3008,18281.9492,17994.9004,18256.0996,18256.0996,6254600
2022-04-05,18294.25,18327.75,18159.8496,18195.0996,18195.0996,5742000
2022-04-06,18089.3008,18154.0508,18042.8496,18075.0996,18075.0996,6337200
2022-04-07,18006.6504,18092.3008,17906.0996,17920.8008,17920.8008,5987800
2022-04-08,17993.6504,18144.3496,17906.5508,18089.3008,18089.3008,5269700
2022-04-11,18062.4492,18114.5508,17992.9492,18032.4004,18032.4004,4857900
2022-04-12,17965.3008,17970.9492,17786.9492,17877.5508,17877.5508,5264800
2022-04-13,17956.1992,18017.3008,17816.1992,17835.1992,17835.1992,4529400
2022-04-18,17566,17615.0508,17440.5996,17565.9492,17565.9492,5929800
2022-04-19,17662.5508,17687.4492,17199.5,17330.4004,17330.4004,6494100
2022-04-20,17425.1992,17553.9492,17353.9004,17496.6504,17496.6504,4894800
2022-04-21,17602.5996,17766.9004,17578,17750.1992,17750.1992,4851400
2022-04-22,17610.3008,17678.25,17518.8496,17541.0996,17541.0996,4338000
2022-04-25,17373.1504,17403.9004,17236.4492,17300.3496,17300.3496,5267700
2022-04-26,17472.0996,17600.4492,17429.8496,17577.8008,17577.8008,4551700
2022-04-27,17453.5508,17484.1504,17321.0996,17398.5508,17398.5508,4603900
2022-04-28,17557.5996,17687.5,17429.1992,17615.4004,17615.4004,4918200
2022-04-29,17703.0996,17741.4004,17404.9004,17457.1992,17457.1992,5352200
2022-05-02,17286.6504,17439.9004,17269.8496,17419.4492,17419.4492,4271300
2022-05-04,17451.1504,17483.8008,16944.5508,17004.0508,17004.0508,5465400
2022-05-05,17186.3496,17270.5996,16978.6504,17016.5996,17016.5996,4726200
2022-05-06,16740.0996,16807.0996,16654.25,16729.5508,16729.5508,5738600
2022-05-09,16549.25,16694.5996,16441.4004,16581.8008,16581.8008,4978800
2022-05-10,16533.4004,16653.8496,16426.9004,16466.25,16466.25,5100700
2022-05-11,16502.4492,16576.4004,16204.25,16399.6992,16399.6992,5929000
2022-05-12,16263.2002,16281.0498,15946.1504,16023.9004,16023.9004,7339300
2022-05-13,16200.5996,16315,15941.0996,15986.5,15986.5,7101800
2022-05-16,16062.6504,16199.25,15946.7998,16079,16079,5054100
2022-05-17,16166,16522.6504,16152.5,16498.5,16498.5,5422800
2022-05-18,16566.6992,16655.4492,16461.5996,16485.8008,16485.8008,5853700
2022-05-19,16146.7002,16213.0996,16015.2998,16047.3496,16047.3496,5455700
2022-05-20,16290.2002,16491.0996,16253.5498,16476.6992,16476.6992,4642600
2022-05-23,16504.5996,16612.1504,16382.0996,16409.75,16409.75,6340100
2022-05-24,16428.5996,16460,16262.3496,16312.2998,16312.2998,6776800
2022-05-25,16384.3008,16409.3008,16167.5,16187.1504,16187.1504,5676200
2022-05-26,16267.5996,16382.8496,16046.5498,16341.9004,16341.9004,6279300
2022-05-27,16473.3008,16534.5508,16388.6992,16516.8008,16516.8008,4911300
2022-05-30,16692.1992,16860.4004,16672.5996,16838.1504,16838.1504,5710200
2022-05-31,16761.5508,16883.5996,16702.4492,16767.5,16767.5,11446200
2022-06-01,16772.0508,16831.1992,16601.8496,16688.9492,16688.9492,5424900
2022-06-02,16650.25,16810.5508,16613.6504,16794.75,16794.75,4770800
2022-06-03,16928.4492,16953.6504,16705.75,16721.5,16721.5,4274600
2022-06-06,16671.3008,16741.1992,16565.5,16701.1992,16701.1992,4143700
2022-06-07,16602.0996,16619.0508,16489.1504,16550.6992,16550.6992,4191400
2022-06-08,16610.75,16649.75,16425.8008,16492.1992,16492.1992,4547000
2022-06-09,16402.5,16631.1504,16374.4502,16616.4004,16616.4004,4161400
2022-06-10,16426.3008,16465.3008,16322.5498,16353.5,16353.5,3753300
2022-06-13,16033.6504,16044.5,15850.8496,15936.0498,15936.0498,4205400
2022-06-14,15848.9502,16034.5498,15822.5996,15905.5996,15905.5996,4544500
2022-06-15,15918.0996,15966,15858.3496,15874.9004,15874.9004,3383500
2022-06-16,16021.8496,16046.0498,15518,15543.3496,15543.3496,4981600
2022-06-17,15452.7998,15575.9502,15344.5498,15445.7998,15445.7998,6525700
2022-06-20,15489.5,15517.7998,15336.0498,15481.9502,15481.9502,5243300
2022-06-21,15593.4004,15845.4502,15558.7002,15793.1504,15793.1504,5215600
2022-06-22,15702.4502,15718.3496,15528.5498,15555.2998,15555.2998,4415100
2022-06-23,15594.7998,15775.7998,15515.7998,15704.7998,15704.7998,4757900
2022-06-24,15809.5996,15895.2998,15773.6504,15858.2998,15858.2998,4274600
2022-06-27,16082.4502,16086.9502,15974.4004,15990.2998,15990.2998,4813400
2022-06-28,15919.2998,16045.0498,15857,16008.8496,16008.8496,5672900
2022-06-29,15857.0996,16013.7998,15845.4502,15952.75,15952.75,7095800
2022-06-30,15933.9502,16047.75,15881,15929.4004,15929.4004,6154400
2022-07-01,15861.5996,15966.0498,15679.2998,15925.9502,15925.9502,6625000
2022-07-04,15894.7002,16033.9004,15844.6504,16018.1504,16018.1504,5064700
2022-07-05,16093.5498,16209.2998,15973.3496,16001.5996,16001.5996,4608800
2022-07-06,16009.2998,16217.2002,15990.1504,16196.25,16196.25,5097800
2022-07-07,16322.1504,16355.75,16251.6504,16339.0996,16339.0996,5374100
2022-07-08,16475.8496,16477.3496,16353.0996,16424,16424,4662900
2022-07-11,16346.75,16491.0996,16331.2002,16465.0996,16465.0996,4749700
2022-07-12,16380.1504,16421.9492,16293.7998,16323.5,16323.5,4689700
2022-07-13,16396.9492,16411.5508,16220.1504,16237.25,16237.25,4606600
2022-07-14,16294.75,16329.5498,16115.6504,16213.0498,16213.0498,4489600
2022-07-15,16287.8496,16334.6504,16204.0498,16317.2002,16317.2002,4382000
2022-07-18,16423.8496,16559.1992,16415.1504,16548.1504,16548.1504,4377700
2022-07-19,16460.9492,16634.3496,16460.9492,16614.0508,16614.0508,4603100
2022-07-20,16829.0508,16846.9492,16744.3008,16773.6992,16773.6992,5857000
2022-07-21,16777.25,16904.4004,16737.8008,16881.6992,16881.6992,4442000
2022-07-22,16940.1992,17002.9004,16872.4004,16970.6992,16970.6992,3807900
2022-07-25,16924.3008,16960.3008,16825.4492,16892.0996,16892.0996,6138900
2022-07-26,16896.4004,16899,16710,16733.3008,16733.3008,7857700
2022-07-27,16724,16900.9492,16687.25,16889.5508,16889.5508,7368300
2022-07-28,17016.0996,17186.4004,16985.1504,17169.6992,17169.6992,8653400
2022-07-29,17317.3496,17413.8496,17266,17400.75,17400.75,8552200
2022-08-01,17487.6504,17614.1992,17396,17598.8008,17598.8008,7583100
2022-08-02,17576.0508,17656.9004,17489.8008,17618.25,17618.25,11291400
2022-08-03,17621.25,17665.3496,17487.6992,17646,17646,11015000
2022-08-04,17723.5,17753.8496,17420.4004,17652.9492,17652.9492,9976400
2022-08-05,17699.3496,17747.4004,17625.3496,17655.5,17655.5,10797000
2022-08-08,17664.1992,17799.9004,17621.1504,17784.8008,17784.8008,6014000
2022-08-10,17829.4492,17829.4492,17695.8008,17784.9004,17784.9004,7221800
2022-08-11,17955.9004,17962.3496,17883.0996,17913.9492,17913.9492,6411900
2022-08-12,17916.6504,17982.9004,17857.75,17956.8008,17956.8008,8538000
2022-08-16,18056.25,18118.4492,18028.0996,18107.25,18107.25,0
2022-08-17,18154.1992,18258.1504,18125.8496,18235.5508,18235.5508,7709600
2022-08-18,18195.6504,18277.0996,18156.3008,18264.4004,18264.4004,7717700
2022-08-19,18281.5996,18304.6992,18026.5996,18071.0996,18071.0996,8159000
2022-08-22,18001.3008,18007.0996,17767.25,17792.4492,17792.4492,7035400
2022-08-23,17654.5,17926.9492,17644.5996,17878.4004,17878.4004,6893300
2022-08-24,17832.8496,17933.0996,17790.9004,17917.3008,17917.3008,5700300
2022-08-25,17992.8008,18044.8496,17813.8008,17847.6504,17847.6504,5921900
2022-08-26,17949.0996,18017.4492,17855.9492,17893.8008,17893.8008,5856800
2022-08-29,17499.75,17730.0996,17486.8496,17666.4492,17666.4492,5228300
2022-08-30,17776.75,18131.3008,17766.8496,18112.4004,18112.4004,6883700
2022-09-01,17858.4492,18063.9004,17850.1504,17924.3008,17924.3008,7096900
2022-09-02,17989.5,18029.4004,17871.1992,17916,17916,5657700
2022-09-05,17928.8008,18041.6504,17922.9492,18021.6504,18021.6504,4759400
2022-09-06,18061.9004,18125.0508,17955.25,18031.3008,18031.3008,6336300
2022-09-07,17906.6504,18036.75,17874.6504,18008.0996,18008.0996,6291200
2022-09-08,18135.8496,18178.1992,18067.8496,18168.8496,18168.8496,6403300
2022-09-09,18298.9004,18298.9004,18148.5,18198.0996,18198.0996,6253900
2022-09-12,18257.8496,18352.8008,18255.5508,18319.8008,18319.8008,4986700
2022-09-13,18429.0508,18471.0508,18393.4492,18453.6992,18453.6992,6774800
2022-09-14,18147.5996,18486.9492,18147.5996,18405.5996,18405.5996,8179600
2022-09-15,18459.9004,18505.1992,18282.75,18316.9004,18316.9004,6727500
2022-09-16,18239.1504,18259.0996,17898.3008,17938.0996,17938.0996,10463300
2022-09-19,17958.3008,18080.6504,17828.75,18025.25,18025.25,6334600
2022-09-20,18180.9004,18329,18161.3496,18222.0996,18222.0996,5992100
2022-09-21,18180.5508,18255.4492,18041.1504,18091.9004,18091.9004,5441200
2022-09-22,17988.5,18111.4492,17914.1504,18030.4004,18030.4004,5713100
2022-09-23,18004.9492,18050.0996,17686.0508,17718.4492,17718.4492,6831400
2022-09-26,17549,17576.4004,17329.3008,17374.8008,17374.8008,8318700
2022-09-27,17469.9004,17544.1504,17290.8496,17366.4004,17366.4004,6513500
2022-09-28,17229,17401.4004,17179.25,17219.5508,17219.5508,6215300
2022-09-29,17361.8496,17403.5508,17139.25,17167.75,17167.75,7470600
2022-09-30,17146.9492,17518.0996,17080.6504,17438.5996,17438.5996,7249400
2022-10-03,17448.6992,17469.9004,17137.3008,17190.9004,17190.9004,5310300
2022-10-04,17470.75,17602.0508,17444.4004,17589.3008,17589.3008,4709500
2022-10-06,17700.8496,17750.5996,17647.4004,17662.8008,17662.8008,5130000
2022-10-07,17624.5996,17660.1504,17532.9004,17641.4492,17641.4492,5416900
2022-10-10,17419.1992,17596.1504,17380.5996,17553.1504,17553.1504,4502900
2022-10-11,17582.1992,17585.75,17251.1504,17285.8496,17285.8496,4946900
2022-10-12,17330.8008,17440.4492,17249.9004,17423.4004,17423.4004,4519900
2022-10-13,17393,17417.1504,17247.4004,17302.1504,17302.1504,4463500
2022-10-14,17612.8496,17620.8496,17418.5508,17432.5508,17432.5508,4191100
2022-10-17,17395.1992,17580.25,17335.5,17560.5,17560.5,3962800
2022-10-18,17685.1504,17774,17681.8496,17741.1992,17741.1992,5266900
2022-10-19,17822.6504,17862.0508,17721.25,17756.25,17756.25,4057100
2022-10-20,17670.5996,17850.8008,17665.9004,17829.4492,17829.4492,4778400
2022-10-21,17887.9492,17915.25,17751.25,17808.8008,17808.8008,5003500
2022-10-24,17973.75,18008.5,17926.9492,17951.3008,17951.3008,799600
2022-10-25,18023.9004,18027.3008,17871,17887.4004,17887.4004,4959400
2022-10-27,18002.0508,18027.9492,17899.6504,17989,17989,5776500
2022-10-28,18011.3008,18065.0508,17950.0996,18017.1992,18017.1992,4682000
2022-10-31,18133.75,18256.6504,18125.0996,18243.4004,18243.4004,4819400
2022-11-01,18354.9004,18397.5508,18290.3496,18383.1992,18383.1992,5764400
2022-11-02,18413,18413.9004,18287.3496,18322.4004,18322.4004,4681600
2022-11-03,18206.9004,18344.0508,18198,18297.4004,18297.4004,4025000
2022-11-04,18301.9492,18377.25,18254.6504,18361.4492,18361.4492,4944100
2022-11-07,18456.4492,18496.9492,18309.4004,18450.1504,18450.1504,6857500
2022-11-09,18534.6504,18538.0508,18363.8496,18406.25,18406.25,6239000
2022-11-10,18302.3496,18356.25,18202.1504,18267.0996,18267.0996,5316500
2022-11-11,18505.9492,18586.1504,18498.9004,18573.3496,18573.3496,10059200
2022-11-14,18603.9492,18626.1504,18547.0508,18568.4004,18568.4004,6683700
2022-11-15,18603.6504,18656.5508,18516.8008,18635.4004,18635.4004,4796000
2022-11-16,18632.6992,18657.5,18546.9492,18615.5,18615.5,4859100
2022-11-17,18569.5996,18618.9004,18501.1504,18532.4492,18532.4492,4945200
2022-11-18,18575.75,18587.8496,18385.4492,18483.1992,18483.1992,4610900
2022-11-21,18426.0996,18439.6504,18305.75,18334.6504,18334.6504,4374600
2022-11-22,18353.1992,18421.8496,18307.8496,18407.5,18407.5,4207100
2022-11-23,18487.25,18487.4004,18411.0996,18433.8008,18433.8008,4287700
2022-11-24,18492.3008,18665.9492,18462.9492,18627.25,18627.25,4756000
2022-11-25,18673.8008,18677.0996,18583.8496,18652.0508,18652.0508,4599100
2022-11-28,18582.5508,18751,18521.5996,18696.75,18696.75,4493700
2022-11-29,18691.5508,18815.9004,18689.5996,18758.3496,18758.3496,4185500
2022-11-30,18771.3496,18980.75,18762.5996,18919.5508,18919.5508,11353300
2022-12-01,19034.1992,19039.4004,18939.5996,18973.0508,18973.0508,6230000
2022-12-02,18925.8496,18948.1504,18812.5996,18870.25,18870.25,5438000
2022-12-05,18898,18905.5996,18755.5,18867.6504,18867.6504,5463700
2022-12-06,18777.5996,18832.5996,18760.1992,18821.5508,18821.5508,4247700
2022-12-07,18826.3496,18858.3008,18721.8496,18754,18754,3932900
2022-12-08,18770.8008,18820.3496,18739,18802,18802,4408000
2022-12-09,18859.4004,18861.3008,18594.6992,18687.6504,18687.6504,5196900
2022-12-12,18605.1992,18711.1992,18536.4492,18690.8008,18690.8008,3950100
2022-12-13,18724.0508,18793.6992,18688.9492,18781.6504,18781.6504,3580000
2022-12-14,18842.8496,18872.6504,18817.3496,18837.25,18837.25,4008800
2022-12-15,18795.5508,18833.6504,18576,18604.4492,18604.4492,3765100
2022-12-16,18512.1504,18624.6504,18432,18446.3008,18446.3008,5366500
2022-12-19,18466.6992,18616.4492,18419.4492,18604.5,18604.5,3298400
2022-12-20,18532.9492,18589.5,18391.1992,18570.4004,18570.4004,3434100
2022-12-21,18621.3008,18664.75,18324.4004,18361.1504,18361.1504,4032100
2022-12-22,18447,18484.9492,18212.5,18277.8496,18277.8496,4344600
2022-12-23,18128.5,18193,17855.1504,17888.0508,17888.0508,5423600
2022-12-26,,,,,,
2022-12-27,18214.9492,18280.5,18097.75,18263.5508,18263.5508,3962900
2022-12-28,18220.3496,18317.4004,18200.1992,18270.9492,18270.9492,3999100
2022-12-29,18192.1992,18387.5996,18124.8008,18343.5996,18343.5996,4684900
2022-12-30,18422.4004,18434.1992,18232.3008,18258.75,18258.75,3520500
2023-01-02,18290.1992,18350.9004,18237.4492,18334.3008,18334.3008,3910028500
2023-01-03,18310.6504,18398.9492,18298.5508,18376.5,18376.5,3733900
2023-01-04,18375.6504,18385.9004,18153.0508,18173.4492,18173.4492,4360600
2023-01-05,18236.5508,18256.3008,18032.4492,18150,18150,4328300
2023-01-06,18165.9492,18200.3008,17951.8008,18013.9492,18013.9492,4026200
2023-01-09,18111.3008,18276.25,18098,18248.5508,18248.5508,4219800
2023-01-10,18270,18274.4004,18008.3008,18081,18081,4623800
2023-01-11,18094.6504,18135.3008,17988.1992,18054.3008,18054.3008,4395000
2023-01-12,18080.5508,18105.1504,17932.75,18028.3008,18028.3008,4351000
2023-01-13,18041.1992,18157.1504,17949.1504,18126.25,18126.25,4377700
2023-01-16,18191.8496,18212,18029,18074.1992,18074.1992,3604900
2023-01-17,18102.1504,18235.3496,18065.4492,18216.4004,18216.4004,4628800
2023-01-18,18237.5996,18324.3008,18189.5508,18307.4004,18307.4004,5035800
2023-01-19,18260.0996,18291.6504,18202.8008,18244.75,18244.75,4132000
2023-01-20,18252.8008,18278.1504,18156,18169.4492,18169.4492,4497900
2023-01-23,18254.6992,18292.5,18203.8496,18249.3496,18249.3496,3911600
2023-01-24,18313.5996,18323.75,18210.5,18245.3496,18245.3496,4282800
2023-01-25,18213.5508,18219.9004,17950.4004,17974.3496,17974.3496,7325600
2023-01-27,17946,17953.3008,17483.9004,17594.5,17594.5,9731100
2023-01-30,17498.6504,17676.5996,17331.9004,17571.8496,17571.8496,8473900
2023-01-31,17636.75,17644.1504,17467.5,17601,17601,8126800
2023-02-01,17744.8496,17866.9492,17247.5996,17516.1504,17516.1504,9620500
2023-02-02,17401.25,17534.3496,17321,17490.3008,17490.3008,8234700
2023-02-03,17574.5,17701.8008,17422.1992,17687.3496,17687.3496,7429500
2023-02-06,17648.6992,17652.1992,17541.8008,17611.4492,17611.4492,5428700
2023-02-07,17626.4492,17654.9004,17504.25,17569.6992,17569.6992,6532800
2023-02-08,17598.5508,17743.9004,17596.8496,17719.8496,17719.8496,7687400
2023-02-09,17724.25,17751.6504,17625.25,17723.8496,17723.8496,6945900
2023-02-10,17675.4004,17704.4492,17634.9492,17685.4492,17685.4492,6144000
2023-02-13,17679.4004,17697.0996,17532,17575.1504,17575.1504,4600000
2023-02-14,17626.3008,17721.9004,17581.5996,17702.3496,17702.3496,4760100
2023-02-15,17664.0508,17804.9004,17629.3008,17786.9004,17786.9004,3965300
2023-02-16,17856.9492,17907,17783.3008,17814.9004,17814.9004,4574600
2023-02-17,17753.25,17808.5508,17666.3008,17721.0508,17721.0508,4056300
2023-02-20,17737.0996,17768.75,17600.8496,17626.9004,17626.9004,4475900
2023-02-21,17682.8496,17699.25,17579.0996,17604.4004,17604.4004,4580600
2023-02-22,17529.6504,17539.9492,17307.0996,17335,17335,4264400
2023-02-23,17349.8008,17386.3008,17224.1992,17286.3008,17286.3008,5425400
2023-02-24,17357.1992,17369,17198.3008,17242.1504,17242.1504,4444200
2023-02-27,17200.25,17212.9004,17060.0996,17156.1504,17156.1504,4584900
2023-02-28,17145.3008,17195.3496,17039.5996,17083.8008,17083.8008,8966700
2023-03-01,17134.9004,17253.4492,17124.0996,17238.4492,17238.4492,4760200
2023-03-02,17217.0508,17236.0996,17112.6504,17129.6504,17129.6504,4818600
2023-03-03,17258.1992,17433.9004,17241.4004,17385.9492,17385.9492,5967800
2023-03-06,17475.25,17586.0508,17467.8008,17506.3008,17506.3008,5854900
2023-03-08,17463.9004,17564.4004,17399.0508,17552.9492,17552.9492,4583500
2023-03-09,17578.25,17582.3008,17382,17398.3008,17398.3008,4325700
2023-03-10,17261.4004,17269.0996,17147,17244.3008,17244.3008,4158000
2023-03-13,17257.25,17358.5508,16960,16997.3008,16997.3008,4546500
2023-03-14,17003.3496,17060.0508,16826.0996,16887.0508,16887.0508,5209300
2023-03-15,17002.75,17044.0996,16795.5,16825.0508,16825.0508,4298500
2023-03-16,16844.75,16923.8496,16696.25,16852.25,16852.25,10267700
2023-03-17,16981.0996,17014.3008,16843,16964.8008,16964.8008,8283600
2023-03-20,16920.9004,16922.75,16700.25,16852.9004,16852.9004,5116000
2023-03-21,16926.25,16990.4492,16876.6992,16970.5,16970.5,4499700
2023-03-22,17041.9004,17075.0996,16987.5,17026.1992,17026.1992,0
2023-03-23,16977.4492,17075.6992,16929.5,16958.1504,16958.1504,4246900
2023-03-24,16966.6992,16998.4004,16806.0996,16831.8008,16831.8008,4880700
2023-03-27,16870.3008,16953.5508,16802.5508,16849.3008,16849.3008,4806300
2023-03-28,16884.75,16905.3008,16758.0996,16795.3496,16795.3496,4868100
2023-03-29,16808.8496,16962.6992,16791.3008,16918.0508,16918.0508,6676600
2023-03-31,17043,17206.8496,17036.0996,17186.1504,17186.1504,5948700
2023-04-03,17256.1992,17256.1992,17141.4492,17224.75,17224.75,4180100
2023-04-05,17245.6504,17387.8008,17232.6504,17373.9492,17373.9492,4565000
2023-04-06,17357.5508,17451.0996,17321.3008,17414.6504,17414.6504,4332800
2023-04-10,17454.0508,17510.3008,17422.9004,17446.3008,17446.3008,4428900
2023-04-11,17528.4492,17571.0508,17476.1992,17540.8008,17540.8008,4731500
2023-04-12,17582.8008,17638.9492,17539.9492,17626.9004,17626.9004,4042800
2023-04-13,17624.4492,17647.6992,17546.5508,17635.1504,17635.1504,4411900
2023-04-17,17667.3008,17667.3008,17411.5508,17543.4492,17543.4492,5124000
2023-04-18,17600.5508,17600.5508,17457.4492,17510.8496,17510.8496,4180800
2023-04-19,17507.4492,17513.8496,17421.8008,17455.4492,17455.4492,4638400
2023-04-20,17476.0508,17515.5,17422.1992,17459.8496,17459.8496,3543700
2023-04-21,17476.0996,17493.1992,17388.5508,17455.25,17455.25,4533700
2023-04-24,17532.5996,17574.8496,17446.0996,17564.4004,17564.4004,4124700
2023-04-25,17582.1992,17633.4004,17546.8008,17600.0508,17600.0508,6285500
2023-04-26,17598.3008,17657.6992,17549.6992,17645.5508,17645.5508,4103700
2023-04-27,17646.4492,17755.1504,17631.6992,17739.9492,17739.9492,4652500
2023-04-28,17777.4004,17926.0508,17726.6992,17903.9492,17903.9492,7132300
2023-05-02,17964.3496,18020.5996,17943.5,17989.3008,17989.3008,5336300
2023-05-03,17958.1504,17971.25,17895.3496,17941.0996,17941.0996,4516300
2023-05-04,17938.5996,18110.3008,17923.4492,18099.75,18099.75,5084900
2023-05-05,17982.0508,18076.6992,17925.5508,17939.25,17939.25,4807700
2023-05-08,17984.5508,18137,17966.25,18118.5,18118.5,4865600
2023-05-09,18154.8496,18198.8496,18078.1992,18114.0508,18114.0508,5308800
2023-05-10,18158.0508,18182.4004,18064.5996,18170.8496,18170.8496,4199300
2023-05-11,18218.8008,18242.3496,18146.6504,18174.25,18174.25,4403600
2023-05-12,18152.6992,18212.1504,18070.0996,18181.9492,18181.9492,4400400
2023-05-15,18202.8496,18317.6992,18157.9004,18258.0996,18258.0996,4120000
2023-05-16,18291.5996,18291.6992,18141.6992,18162.25,18162.25,4956200
2023-05-17,18178.5996,18186.75,17991.8496,18056.6992,18056.6992,4332500
2023-05-18,18156.75,18165.6504,17964.3496,17985.75,17985.75,4894900
2023-05-19,18034.5,18074.5,17911.6992,18060.3496,18060.3496,4984600
2023-05-22,18065.6504,18199.5,18040.4492,18180.9004,18180.9004,5723500
2023-05-23,18236.5,18287.4492,18197.8008,18219.8008,18219.8008,5014000
2023-05-24,18178.5508,18267.8008,18149.3008,18170,18170,4464800
2023-05-25,18158.3008,18230.3496,18102.1504,18213.5996,18213.5996,5436600
2023-05-26,18256.1504,18400.6992,18223.3008,18393.0508,18393.0508,4543600
2023-05-29,18512.5,18532.25,18472.5996,18490.25,18490.25,4721600
2023-05-30,18500.1504,18546.9004,18470.0996,18516.9492,18516.9492,4248400
2023-05-31,18479.1504,18484.5,18380.25,18438.3008,18438.3008,13086600
2023-06-01,18482.8496,18493.25,18383.8008,18405.6992,18405.6992,4656600
2023-06-02,18469.25,18492.0508,18402.6992,18457,18457,6001900
2023-06-05,18529.9492,18554.9004,18502.6992,18513.8496,18513.8496,4944800
2023-06-06,18525.3496,18550.6504,18459.8008,18527.8496,18527.8496,4181200
2023-06-07,18596.0508,18671.5996,18566.0996,18659.6504,18659.6504,4694800
2023-06-08,18665.4004,18706.0508,18546.0996,18562.9492,18562.9492,5312200
2023-06-09,18588.1992,18607.1504,18493.0996,18502.0996,18502.0996,4268800
2023-06-12,18537,18570.1992,18498.3008,18545.8008,18545.8008,4229400
2023-06-13,18581.8008,18679.25,18581.4004,18668,18668,4554700
2023-06-14,18700.25,18719.5,18644.75,18705.25,18705.25,4892600
2023-06-15,18727.3008,18757.4492,18633.6504,18653.5996,18653.5996,4858900
2023-06-16,18695.3496,18835.9492,18683.3496,18798.5508,18798.5508,5069800
2023-06-19,18847.8008,18855.75,18698.25,18732.8008,18732.8008,4308800
2023-06-20,18736.3008,18816.4004,18651.8496,18794.5996,18794.5996,3940500
2023-06-21,18829.6992,18858.1992,18774.6504,18827.8008,18827.8008,4309700
2023-06-22,18830.3496,18850.4004,18710.3008,18722.6992,18722.6992,4587100
2023-06-23,18698.9492,18710.0508,18580.9492,18595.75,18595.75,4159600
2023-06-26,18600.6504,18654.9492,18578.0508,18632.75,18632.75,3332000
2023-06-27,18690.9492,18761.5,18662.4492,18751.3008,18751.3008,4109800
2023-06-28,18840.8008,18926.0508,18795.75,18901.1992,18901.1992,7002100
2023-06-30,18999.9492,19110.5,18953.1992,19099.5508,19099.5508,5171400
2023-07-03,19159.9492,19243.0996,19148.5508,19223.8496,19223.8496,4504000
2023-07-04,19305.5508,19318.6992,19196.8496,19270.5508,19270.5508,3867700
2023-07-05,19295.3496,19317.5996,19239.8496,19297.9492,19297.9492,4417800
2023-07-06,19293.1504,19410.0508,19279.6504,19397.0996,19397.0996,5048800
2023-07-07,19333.5508,19426.8008,19205.25,19233.5996,19233.5996,4628000
2023-07-10,19299,19316.9004,19213.5,19239.8008,19239.8008,4375300
2023-07-11,19307.3496,19403.3496,19288.1992,19333.5996,19333.5996,4715800
2023-07-12,19389.4004,19398.0996,19274.5508,19293.6992,19293.6992,5311200
2023-07-13,19400.3496,19466.4004,19275.4004,19304.8496,19304.8496,6733600
2023-07-14,19386.3008,19482.6992,19321.6992,19454,19454,5338000
2023-07-17,19500.3496,19602.8008,19457.75,19584.8008,19584.8008,4552600
2023-07-18,19657.9492,19681.6504,19548.9492,19605.8496,19605.8496,4903500
2023-07-19,19658.6504,19706.8008,19596.5996,19690.6992,19690.6992,4331900
2023-07-20,19694.1992,19822.9492,19622.5996,19811.9004,19811.9004,4452700
2023-07-21,19655.25,19732.25,19562.4004,19602.5996,19602.5996,5419700
2023-07-24,19610.3008,19642.8008,19526.6504,19540.4492,19540.4492,4992300
2023-07-25,19593.75,19593.75,19491.0508,19566.9004,19566.9004,6130600
2023-07-26,19623.8008,19706.3496,19600.9492,19662,19662,4684600
2023-07-27,19731.5508,19752.4492,19510.3008,19566.6992,19566.6992,5715200
2023-07-28,19576.6504,19606.4492,19498.5508,19580.6504,19580.6504,5844800
2023-07-31,19598.9004,19697.4492,19545,19679.3496,19679.3496,5635400
2023-08-01,19712.8496,19722.0996,19630.6992,19659.8496,19659.8496,5143800
2023-08-02,19590.5508,19610,19339.75,19447.0996,19447.0996,5605500
2023-08-03,19388.5508,19453.9004,19222.4004,19310.9004,19310.9004,8225200
2023-08-04,19394.75,19472.5,19378.4004,19448.75,19448.75,8660200
2023-08-07,19509.9004,19546.1504,19451.1992,19521.8496,19521.8496,6426700
2023-08-08,19554.5996,19560.5508,19450.0996,19497.4492,19497.4492,5957400
2023-08-09,19510.5996,19565.6992,19403.0508,19554.75,19554.75,5117200
2023-08-10,19535.5508,19548.9004,19423.5,19463.0996,19463.0996,5647100
2023-08-11,19482.3008,19484.4004,19343.25,19359,19359,4611900
2023-08-14,19313.4492,19363.5508,19153.6992,19330.8008,19330.8008,4550600
2023-08-16,19268.0508,19375.0508,19212.75,19358.0508,19358.0508,0
2023-08-17,19350.8008,19361.5996,19236.3008,19264.5996,19264.5996,4257900
2023-08-18,19208.25,19273.1504,19157.4492,19209.3496,19209.3496,4358200
2023-08-21,19224.0508,19333.1992,19205.25,19303.4004,19303.4004,4087300
2023-08-22,19333.0508,19364.25,19305.5,19325.4492,19325.4492,4554400
2023-08-23,19371.3496,19397,19302.6992,19362.5508,19362.5508,4486500
2023-08-24,19458.3496,19504.1992,19306.6504,19323.3496,19323.3496,4703500
2023-08-25,19242.5508,19278.5,19162.6992,19193.9004,19193.9004,6856400
2023-08-28,19235.9004,19299.0996,19183.3496,19243.6504,19243.6504,5070000
2023-08-29,19311.6992,19313.1504,19259.4492,19291.25,19291.25,5085600
2023-08-30,19383.6992,19400.6504,19295.3496,19307.5,19307.5,5980200
2023-08-31,19331.3496,19338.5508,19178,19204.8008,19204.8008,8760300
2023-09-01,19212.9004,19403.75,19210.1504,19382.9492,19382.9492,5826200
2023-09-04,19473.4004,19499.75,19382.9492,19485.5,19485.5,6362448000
2023-09-05,19525.1504,19542.8008,19482.1992,19531.1992,19531.1992,5367100
2023-09-06,19542,19599.9492,19464.0996,19578.25,19578.25,7063400
2023-09-07,19572.0996,19703,19533.1504,19690.5,19690.5,6183300
2023-09-08,19741.3008,19834.9004,19690.5,19789.3008,19789.3008,5859500
2023-09-11,19864.9004,19981,19841.75,19970.8008,19970.8008,5471300
2023-09-12,20082.0996,20082.4004,19835.0508,19905.1992,19905.1992,6629800
2023-09-13,19900.8496,20000.5,19844.75,19977.8008,19977.8008,4963000
2023-09-14,20040.5508,20083.6992,19961.4004,20024.8008,20024.8008,4854300
2023-09-15,20079.75,20136.3008,20048.75,20108.4004,20108.4004,8106100
2023-09-18,20092.9492,20115.5,20039.75,20056.1504,20056.1504,5609000
2023-09-20,19919,19984.1504,19809.5508,19832.5996,19832.5996,6581600
2023-09-21,19779.1992,19784.8008,19641.1992,19674.8008,19674.8008,4658300
2023-09-22,19679.5,19732.8008,19597.1992,19614.1992,19614.1992,4742000
2023-09-25,19622.0508,19663,19539.6992,19606.8496,19606.8496,3639000
2023-09-26,19615.8496,19640.9492,19579.6504,19606.0508,19606.0508,3676300
2023-09-27,19583.4004,19668,19498.4492,19654.9492,19654.9492,3967600
2023-09-28,19698.4492,19703.3496,19421.25,19451.6504,19451.6504,6022600
2023-09-29,19511.4492,19656.4492,19482,19577.0508,19577.0508,4405600
2023-10-03,19569.9004,19571.5,19434.4492,19492.6992,19492.6992,5458600
2023-10-04,19416.0508,19423.9004,19277.3008,19376.25,19376.25,6122200
2023-10-05,19462.4492,19504.3496,19420.8008,19476.0508,19476.0508,6346900
2023-10-06,19554.4004,19606.0508,19524.6992,19584.4492,19584.4492,3908000
2023-10-09,19462.5,19504.6504,19391.75,19428.9004,19428.9004,3992800
2023-10-10,19485.9492,19640.6992,19484.75,19616.5508,19616.5508,4538100
2023-10-11,19695.5,19767.1504,19686.5996,19736.8008,19736.8008,5264600
2023-10-12,19755.9492,19775.8008,19709.1992,19728.0996,19728.0996,4920300
2023-10-13,19598.3496,19744.3008,19579.9492,19691.6992,19691.6992,4859000
2023-10-16,19678.0996,19726.4004,19636.4004,19680.6504,19680.6504,3779600
2023-10-17,19787.0996,19792.75,19726.3008,19758.9004,19758.9004,3839100
2023-10-18,19769.3496,19780,19600.3496,19611.3496,19611.3496,4964200
2023-10-19,19490.9492,19613.75,19449.3496,19562.3008,19562.3008,4111700
2023-10-20,19488.25,19533.3496,19450.3008,19468.4004,19468.4004,4366800
2023-10-23,19451.4004,19482.6992,19162.1992,19189.0996,19189.0996,4435900
2023-10-25,19196.75,19264.9004,18977.1504,19034.4004,19034.4004,4546700
2023-10-26,18941.4004,18954.5508,18743.3008,18780.5996,18780.5996,6658100
2023-10-27,18859,19024.75,18856.9004,18996.0996,18996.0996,4715000
2023-10-30,19007.5996,19096.5,18882.4004,19080.8496,19080.8496,3767600
2023-10-31,19174.5996,19175.1992,19012.3496,19035.3496,19035.3496,4510500
2023-11-01,19028.8496,19061.9492,18926.0508,18942.3008,18942.3008,4498500
2023-11-02,19074.5508,19128.1504,19028.1504,19107.25,19107.25,5034400
2023-11-03,19215.9004,19256.4492,19200.3008,19222.0996,19222.0996,6069700
2023-11-06,19333.1992,19410.6992,19300.3496,19399.0996,19399.0996,5702900
2023-11-07,19398.25,19433.9004,19331.5508,19416.8008,19416.8008,5833400
2023-11-08,19466.9004,19485.25,19426.4492,19470.0996,19470.0996,4758900
2023-11-09,19489.1504,19494.4492,19398.5996,19413.8008,19413.8008,4206200
2023-11-10,19371.5508,19468.75,19344.9004,19444.8008,19444.8008,3505100
2023-11-13,19508.5996,19515.1992,19436.5996,19475.6992,19475.6992,4040500
2023-11-15,19675.5,19714.9004,19611.0508,19698.4004,19698.4004,5704300
2023-11-16,19701.6504,19884.3008,19652.5996,19785.8496,19785.8496,5007300
2023-11-17,19704.5996,19835.75,19696.0996,19773.4492,19773.4492,5113100
2023-11-20,19779.5508,19795.0996,19715.1504,19730.6992,19730.6992,3593400
2023-11-21,19807.5,19851.8008,19788.0508,19806.4004,19806.4004,3759300
2023-11-22,19810.3008,19849.0508,19716.9492,19818.9004,19818.9004,3743800
2023-11-23,19839.6992,19883.4492,19802.25,19819.4004,19819.4004,3334100
2023-11-24,19831.8008,19854.6992,19792.75,19812.0996,19812.0996,3439600
2023-11-28,19867.75,19964.9492,19832.5,19938.4004,19938.4004,5943800
2023-11-29,20037.25,20144.5996,20021.3008,20136.1992,20136.1992,6345300
2023-11-30,20152.8496,20226.4004,20063.4004,20201,20201,11787000
2023-12-01,20274.5996,20365.4492,20263.0996,20339.4492,20339.4492,6576500
2023-12-04,20687.3496,20773.6992,20586.75,20757.9492,20757.9492,9011500
2023-12-05,20870.4004,20957.6504,20783.5996,20949.25,20949.25,9014000
2023-12-06,21055.0996,21093,20978.0996,21074.1504,21074.1504,8402300
2023-12-07,21086.25,21102.8008,21014.1992,21076.3496,21076.3496,7820400
2023-12-08,21125.1992,21172.3496,20981.6992,21107.1992,21107.1992,6940400
2023-12-11,21114.75,21181.0996,21089.3008,21161.6992,21161.6992,5331700
2023-12-12,21191.9004,21203.6992,21009.9004,21058.25,21058.25,5143800
2023-12-13,21088.3496,21122.1504,20930.25,21099.5996,21099.5996,5829600
2023-12-14,21279.4004,21392.75,21252.6992,21364.3008,21364.3008,6880100
2023-12-15,21471.1992,21624.75,21411.3496,21595.5,21595.5,8707700
2023-12-18,21585.1992,21644,21510.1504,21585.25,21585.25,5881200
2023-12-19,21647.4492,21672.5508,21494.4004,21622.9492,21622.9492,5595500
2023-12-20,21728.6504,21775.75,21206.3496,21267.3496,21267.3496,7595500
2023-12-21,21135.3008,21435,21073.9004,21402.1504,21402.1504,6041800
2023-12-22,21461.25,21544.1992,21382.1992,21508.8496,21508.8496,6195000
2023-12-26,21539.4004,21647.0508,21504.5996,21617.0508,21617.0508,5015000
2023-12-27,21683.9004,21834.6992,21678.4004,21815.4492,21815.4492,5219000
2023-12-28,21879.8496,21951.9004,21836.9492,21931.75,21931.75,9112900
2023-12-29,21903.4492,21944.4492,21847.5,21918.8008,21918.8008,6434300
2024-01-01,,,,,,
2024-01-02,21955.8008,21959.5508,21727.3496,21865.25,21865.25,5763500
2024-01-03,21877.5996,21890.6504,21752.5508,21771.4004,21771.4004,6962800
2024-01-04,21865.4004,21961.4004,21830.9004,21934.4004,21934.4004,6397600
2024-01-05,21988.5,22027,21882.25,21974.5996,21974.5996,6496200
2024-01-08,22016.6992,22024.1504,21750.25,21770.75,21770.75,5183900
2024-01-09,21915.6504,21986.5996,21788.6992,21815.1504,21815.1504,4784300
2024-01-10,21806.0996,21907.5,21704.5,21885.8008,21885.8008,4885700
2024-01-11,21963.75,22004.0996,21886.6504,21942.1504,21942.1504,5073200
2024-01-12,22065.0996,22192.75,22003.1504,22159.25,22159.25,6064600
2024-01-15,22313,22355.4492,22202.6992,22338.75,22338.75,6311300
2024-01-16,22329.8008,22367.3008,22204.5508,22274.5996,22274.5996,6314100
2024-01-17,21925.5996,22110.5508,21819.9004,21839.9492,21839.9492,8681700
2024-01-18,21698.3008,21799.3008,21509.0996,21730.0996,21730.0996,7701800
2024-01-19,21882.8008,21942.8496,21849.6504,21916,21916,6973700
2024-01-23,22037.6504,22054.8496,21464.75,21506.8008,21506.8008,9063500
2024-01-24,21469.9492,21771.75,21391.8008,21746,21746,7813700
2024-01-25,21763.6504,21763.6504,21541.8496,21666.5,21666.5,8186900
2024-01-29,21752.0996,22066.75,21744.1992,22041.5996,22041.5996,8319700
2024-01-30,22088.5996,22120.3496,21826.0508,21846.1992,21846.1992,7744300
2024-01-31,21823.1504,22067.1504,21783.4004,22051.5508,22051.5508,8828600
2024-02-01,22123.4492,22169.8496,21985.6992,22039.5996,22039.5996,8153600
2024-02-02,22158.6992,22444.75,22155,22199,22199,9837400
2024-02-05,22284.1504,22329.6992,22064.1504,22113.4004,22113.4004,9156000
2024-02-06,22177.0508,22315.1504,22074.3496,22299.3008,22299.3008,7261000
2024-02-07,22428.6504,22437.6504,22261.9492,22363.6992,22363.6992,8102400
2024-02-08,22456.4004,22459.9492,22150.8008,22202.75,22202.75,10624000
2024-02-09,22223.1504,22274.5996,22044.4492,22247.5508,22247.5508,10123800
2024-02-12,22273.5,22301.9004,22001.6992,22042.0996,22042.0996,7686200
2024-02-13,22090.5,22196.8496,21934.8008,22181.5996,22181.5996,7249400
2024-02-14,22014.1504,22336.8496,21972.3008,22313.4004,22313.4004,6786800
2024-02-15,22398.4004,22447.5508,22301.6504,22405.5508,22405.5508,8897800
2024-02-16,22516.9004,22570.1992,22469.6992,22540.9004,22540.9004,7429700
2024-02-19,,,,,,
2024-02-20,22604.75,22704.3496,22545.8496,22685.6504,22685.6504,5669200
2024-02-21,22743.6504,22757.25,22488.5,22547.5996,22547.5996,6930600
2024-02-22,22587.1504,22759.0508,22389.8496,22725.4004,22725.4004,6254100
2024-02-23,22798.6504,22804.8008,22704.9004,22734.3008,22734.3008,5664500
2024-02-26,22698.6992,22743.4004,22617.3008,22667.75,22667.75,4767600
2024-02-27,22643.6504,22753,22641,22722.3008,22722.3008,5036300
2024-02-28,22746.4004,22764.5508,22421.4492,22457.6504,22457.6504,5367600
2024-02-29,22441.9492,22609.3496,22358.1992,22526.3008,22526.3008,11544300
2024-03-01,22605.6992,22874.4492,22604.6504,22862.0508,22862.0508,6184600
2024-03-04,22947.75,22985.9492,22889.3496,22944.8008,22944.8008,6304400
2024-03-05,22927.75,22956.9492,22824.8496,22900.6504,22900.6504,6314400
2024-03-06,22878.5508,23011.5508,22724.0996,22988.3496,22988.3496,11692600
2024-03-07,23024.0508,23070.6504,22970.8496,23036.0508,23036.0508,7210400
2024-03-11,23066.9492,23073.5508,22867.4492,22895.4492,22895.4492,6110500
2024-03-12,22901.8008,22990.0508,22784.9004,22840.9004,22840.9004,5685100
2024-03-13,22928.1504,22944.0508,22294.4492,22399,22399,9029700
2024-03-14,22371.3496,22664.1992,22296.6504,22623.6992,22623.6992,7546600
2024-03-15,22548.5508,22613.9004,22367.6504,22494.6992,22494.6992,12164500
2024-03-18,22462.3008,22607.5,22393.6992,22541.1504,22541.1504,6007000
2024-03-19,22449.1992,22471.9004,22254.5508,22274.6504,22274.6504,5950100
2024-03-20,22310.3008,22383.0996,22140.1992,22307.75,22307.75,5526700
2024-03-21,22472.5996,22583.0508,22445.1504,22538.9004,22538.9004,6321700
2024-03-22,22476.6992,22709.3496,22414.5,22633.8008,22633.8008,6300200
2024-03-26,22494.1504,22650.4004,22493.6992,22601.3496,22601.3496,6011300
2024-03-27,22661.6992,22793.1504,22661.6992,22698.5,22698.5,7109200
2024-03-28,22747.5508,23090.1992,22747.5508,22920.6992,22920.6992,6430100
2024-04-01,23065.1504,23161.75,23058.6504,23107.1504,23107.1504,5613900
2024-04-02,23124.3008,23162.5508,23056.3008,23138.5508,23138.5508,7362000
2024-04-03,23077.6992,23212.5508,23038.1992,23136.5996,23136.5996,7570100
2024-04-04,23304.1992,23327.9492,23034,23206,23206,8250000
2024-04-05,23185.3008,23262.9004,23128.9004,23240.5508,23240.5508,6501300
2024-04-08,23324.9004,23422.3008,23289.25,23380.3008,23380.3008,5952700
2024-04-09,23480.0996,23480.4004,23304.5,23348.9004,23348.9004,5808100
2024-04-10,23431.9492,23494.8008,23391.8008,23474.6992,23474.6992,6766700
2024-04-12,23412.8496,23466.8008,23244.4004,23254.9004,23254.9004,8035200
2024-04-15,23026.6992,23139.3008,22908.5996,22967.0996,22967.0996,8520000
2024-04-16,22834.0996,22944.6504,22798.1992,22870.3008,22870.3008,7200700
2024-04-18,22964.0508,23080.5,22702.6504,22740.1992,22740.1992,9102200
2024-04-19,22591.0996,22896.5,22469.0508,22859.8008,22859.8008,7326800
2024-04-22,23067.3008,23115.6504,22934.3496,23078.9004,23078.9004,6309700
2024-04-23,23200.4492,23200.6992,23098.9492,23116,23116,5402400
2024-04-24,23177,23230.6504,23148.3008,23167.8008,23167.8008,5448200
2024-04-25,23099.4492,23372.9004,23092.3496,23329.8008,23329.8008,7980200
2024-04-26,23389.1992,23392.8008,23200.6992,23232.0996,23232.0996,7548300
2024-04-29,23305.6992,23457.9004,23250.9004,23443.8008,23443.8008,6718000
2024-04-30,23499.75,23618.6992,23402.75,23436.5,23436.5,9489800
2024-05-02,23422.9004,23593.1992,23421.9004,23541.3008,23541.3008,9537700
2024-05-03,23668.5,23693.5,23234.75,23382.75,23382.75,8478400
2024-05-06,23458.5996,23466,23256.4004,23297.75,23297.75,9072400
2024-05-07,23350.5,23355.8008,23020.4492,23103.75,23103.75,8022200
2024-05-08,23040.8008,23236.6504,22982.8496,23166,23166,7374800
2024-05-09,23114.5996,23190.4004,22763.3008,22790.1992,22790.1992,7876500
2024-05-10,22844.25,22960.3008,22784.6504,22909.0996,22909.0996,6481400
2024-05-13,22904.4004,22988.3496,22630.8496,22956.3496,22956.3496,7332100
2024-05-14,22979.4004,23162.6992,22942.25,23118.1992,23118.1992,6817500
2024-05-15,23177.8008,23224.8496,23078.0508,23133.8496,23133.8496,6777900
2024-05-16,23258.8008,23370.8496,22997.5,23343.5508,23343.5508,8457700
2024-05-17,23368.3496,23466,23307.25,23444.3008,23444.3008,7702400
2024-05-21,23450.9492,23625.9004,23449.75,23569.9004,23569.9004,9859700
2024-05-22,23634.5,23663.4004,23498.75,23633.9004,23633.9004,8125900
2024-05-23,23662.9004,24004.8496,23632.4492,23982.3496,23982.3496,9824300
2024-05-24,23962.1992,24060.75,23926.4004,23980.0996,23980.0996,7516500
2024-05-27,24075,24106.8496,23903.3008,23959.8496,23959.8496,7615100
2024-05-28,24011.4492,24028.1504,23840.0508,23873.9004,23873.9004,6268900
2024-05-29,23744.9492,23816.3496,23670.9492,23687.6992,23687.6992,6800600
2024-05-30,23609.9004,23696.1992,23393.3008,23466.3008,23466.3008,8160500
2024-05-31,23561.8496,23620.5508,23439.6992,23518.0508,23518.0508,16943700
2024-06-03,24444.6992,24445.1992,24133.1504,24344.1992,24344.1992,15509100
2024-06-04,24268.0508,24268.0508,22003.75,22739.5996,22739.5996,28987000
2024-06-05,23027.6992,23597.1992,22563.6504,23550.75,23550.75,17826100
2024-06-06,23754.9492,23917.0508,23627.4492,23806.9492,23806.9492,11616800
2024-06-07,23812.9492,24291.3496,23758.0996,24266.0508,24266.0508,9767300
2024-06-10,24328.9492,24417.8008,24229.1504,24271.1504,24271.1504,7961800
2024-06-11,24306.4004,24403.6504,24222.3496,24271.0508,24271.0508,7613900
2024-06-12,24358.8496,24445.8008,24313.4004,24348.8008,24348.8008,7520000
2024-06-13,24527.0508,24527.1504,24376.75,24449.5,24449.5,7324900
2024-06-14,24529,24592.9004,24411.1504,24571.6504,24571.6504,6718300
2024-06-18,24689.75,24700.5996,24612.9492,24683.5508,24683.5508,7086100
2024-06-19,24762.5,24763.5996,24499.3008,24599.9004,24599.9004,8627800
2024-06-20,24668.6504,24695.5,24532.8496,24649.8496,24649.8496,6763400
2024-06-21,24743.5508,24746.4004,24480.3008,24555.5,24555.5,10694400
2024-06-24,24443.75,24635.8496,24382.1504,24621.5996,24621.5996,6291900
2024-06-25,24674.0996,24786.6992,24626,24757.8008,24757.8008,6549700
2024-06-26,24754.6504,24888.3008,24689.9492,24867.1504,24867.1504,7797800
2024-06-27,24878.4492,25070.25,24819.5996,25026.5508,25026.5508,10641000
2024-06-28,25075.6504,25165.8008,24981.75,25007.25,25007.25,8102600
2024-07-01,25004,25172.9492,24996.6504,25155.6992,25155.6992,0
2024-07-02,25241.75,25247.5996,25039.0508,25120.0996,25120.0996,0
2024-07-03,25287,25328.6504,25211,25306.9004,25306.9004,0
2024-07-04,25394.3496,25433.4004,25319.5996,25342.5508,25342.5508,5871900
2024-07-05,25272.4004,25426.4004,25229.3008,25391.25,25391.25,8555500
2024-07-08,25414.5,25427.25,25310,25393.5508,25393.5508,9034500
2024-07-09,25440.8496,25524.4492,25414.25,25515.0996,25515.0996,7457500
2024-07-10,25557.6504,25557.6992,25165,25425.6504,25425.6504,8570600
2024-07-11,25503.6504,25508.3008,25312,25433.75,25433.75,7462700
2024-07-12,25514.75,25677.6992,25458.0508,25577.3008,25577.3008,9376500
2024-07-15,25674.9004,25726.25,25599.3496,25696.0508,25696.0508,8263000
2024-07-16,25736.0996,25762.25,25655,25679.0996,25679.0996,7180900
2024-07-18,25621.4492,25812.6992,25501.5996,25784.8008,25784.8008,8659700
2024-07-19,25820.4492,25821.0996,25428.3008,25450.8496,25450.8496,8198400
2024-07-22,25357.25,25567.9004,25275.0996,25490.4004,25490.4004,6912400
2024-07-23,25566.1992,25575.4492,24895.5508,25419.5996,25419.5996,10340700
2024-07-24,25398.0508,25476,25288.5,25389,25389,7739200
2024-07-25,25203,25428.5996,25184.6992,25407.5,25407.5,8650900
2024-07-26,25451.9004,25863.3008,25438.6992,25841.9004,25841.9004,8085200
2024-07-29,25966.0996,26040.6992,25832.8008,25901.9492,25901.9492,10381400
2024-07-30,25920.4004,26031.8008,25869.0996,25914.0996,25914.0996,8309700
2024-07-31,25960.4004,26054.3008,25931.4492,26025.5996,26025.5996,7592400
2024-08-01,26101.0996,26145.5996,25983.6504,26057.8008,26057.8008,9220800
2024-08-02,25833.75,25930.8496,25743.8008,25771.9004,25771.9004,10729300
2024-08-05,25291.0508,25375.6504,24871.5508,25043.0508,25043.0508,12672600
2024-08-06,25199.1992,25427.3496,24905.3008,24940.75,24940.75,8560700
2024-08-07,25286.1992,25373.5996,25171.6504,25349,25349,8032000
2024-08-08,25314,25383,25125.75,25161.25,25161.25,6536900
2024-08-09,25443.0508,25477.9004,25362.9004,25425.4004,25425.4004,5263600
2024-08-12,25356.1992,25501.3008,25233.9004,25386.0508,25386.0508,6182600
2024-08-13,25396.75,25414.3008,25131.8008,25155.1504,25155.1504,5645300
2024-08-14,25210,25224.1992,25090.3496,25160.6504,25160.6504,6129100
2024-08-16,25355.8008,25599.4492,25221.25,25578.5,25578.5,5763500
2024-08-19,25699.9492,25701.4004,25604.4492,25638.1992,25638.1992,5627600
2024-08-20,25718.3496,25801.9492,25673.9004,25782.3496,25782.3496,6500000
2024-08-21,25775.6992,25871.5996,25746.5996,25853.1992,25853.1992,5395000
2024-08-22,25958.0996,25961.8008,25877.5,25910.4492,25910.4492,4868600
2024-08-23,25956.3008,25972.0508,25880.5,25905.9492,25905.9492,5493500
2024-08-26,25998.5508,26102.75,25952.9492,26076.8008,26076.8008,4603700
2024-08-27,26098.75,26134.8496,26038.25,26083.1504,26083.1504,4786200
2024-08-28,26116.1504,26193.5996,26033.9492,26116.8008,26116.8008,4761200
2024-08-29,26107.4492,26222.3496,26023.3496,26188.9004,26188.9004,6674200
2024-08-30,26291.1504,26309.0508,26242.5508,26274.3496,26274.3496,10228000
2024-09-02,26383.4492,26383.5,26261.6992,26335,26335,5638600
2024-09-03,26394,26394.1504,26309,26341.6992,26341.6992,5431300
2024-09-04,26143,26291,26137,26275.75,26275.75,5732100
2024-09-05,26339.4492,26359.6992,26222,26239.0996,26239.0996,6010800
2024-09-06,26195.4004,26254.8496,25877.4492,25928.5508,25928.5508,7266500
2024-09-09,25898.9004,26035.4004,25786.3008,26011.25,26011.25,6089500
2024-09-10,26086.5,26214.75,25979.9004,26115.1992,26115.1992,6113100
2024-09-11,26118.8008,26204.0996,25950.0508,25987.8008,25987.8008,6634200
2024-09-12,26145.9004,26497.5,26041.5996,26461.0996,26461.0996,7163700
2024-09-13,26511,26511,26387.0996,26419.9004,26419.9004,6001500
2024-09-16,26486.8008,26522,26409.8008,26453.4004,26453.4004,4336200
2024-09-17,26491.9492,26495.5996,26408.0508,26471.3008,26471.3008,4848500
2024-09-18,26461.9004,26525.8496,26318.0996,26420.1504,26420.1504,5343500
2024-09-19,26540.1504,26638.9004,26332.75,26425.25,26425.25,7189300
2024-09-20,26532.4492,26879,26454.5,26821,26821,10123000
2024-09-23,26920.0508,27039.5508,26898.1992,27024.0996,27024.0996,5640500
2024-09-24,27013.5996,27087.9004,26975.25,27027.5,27027.5,7822100
2024-09-25,26997.75,27076.8008,26921.9492,27051.6504,27051.6504,6010500
2024-09-26,27068.3008,27284.9004,27056.8496,27256.25,27256.25,7406100
2024-09-27,27283.25,27335.6504,27228.25,27253.8496,27253.8496,13164800
2024-09-30,27147.3496,27203,26870.6504,26890.1504,26890.1504,7125900
2024-10-01,26879.9492,26994.1504,26828.5,26885.25,26885.25,6214000
2024-10-03,26511.5508,26713.0996,26267.8496,26305.25,26305.25,8920900
2024-10-04,26238.5,26520.8008,26007.5508,26056,26056,8284900
2024-10-07,26141.6504,26189.9492,25644.4004,25749.6504,25749.6504,8840500
2024-10-08,25772,26091.3496,25698.5,26057.3496,26057.3496,7460500
2024-10-09,26129.3008,26331.1992,26042.5996,26076.5996,26076.5996,6690500
2024-10-10,26168,26241.1504,26059.9492,26079.4492,26079.4492,5319400
2024-10-11,26077.4004,26118.0996,26002.1992,26054.0996,26054.0996,3947800
2024-10-14,26117.5508,26222.5996,26105.5996,26197.9004,26197.9004,4198400
2024-10-15,26272.6504,26291.5508,26091.5996,26149.0996,26149.0996,4879600
2024-10-16,26106.75,26188.6992,25987.8008,26058.0996,26058.0996,4833700
2024-10-17,26105.5508,26109.8008,25752.5,25765.3496,25765.3496,5284700
2024-10-18,25671.4004,25888.8496,25547.5508,25853.8008,25853.8008,6449700
2024-10-21,25956.8496,25991.4492,25673.0508,25739.5,25739.5,5200500
2024-10-22,25760.1504,25828.1504,25322.5996,25348.0508,25348.0508,6980700
2024-10-23,25266.4004,25491.6992,25240.6504,25320.6504,25320.6504,8448300
2024-10-24,25315.0508,25376.8496,25217.9492,25275.5,25275.5,5620900
2024-10-25,25305.3008,25326.5996,24897.1992,25022.1992,25022.1992,7678800
2024-10-28,25086.9492,25321.6504,24932.75,25175.1992,25175.1992,7561200
2024-10-29,25171.9492,25339.0996,24952.0508,25321.3008,25321.3008,7660900
2024-10-30,25227.1992,25364.5508,25164.5,25195.0508,25195.0508,6998600
2024-10-31,25207.8008,25235.9004,25020.0508,25059.5,25059.5,6783300
2024-11-01,25171,25250.9004,25157.5996,25184.5996,25184.5996,1253900
2024-11-04,25192.9492,25195.4004,24668.75,24857.75,24857.75,7428900
2024-11-05,24783.5996,25080.5,24671.6992,25060.8008,25060.8008,6767200
2024-11-06,25167.5,25443.3008,25078.3008,25403.1504,25403.1504,7603500
2024-11-07,25419.5996,25429.4004,25097.8008,25110.6992,25110.6992,6498200
2024-11-08,25118.25,25186.5508,24954.0996,25002.9492,25002.9492,5817100
2024-11-11,24942.8008,25210.25,24845.3496,25013.3008,25013.3008,5662600
2024-11-12,25094.3496,25132.6504,24667,24715.5508,24715.5508,5464400
2024-11-13,24650.6504,24716.8496,24293.9004,24347,24347,6914200
2024-11-14,24348.8008,24508.3008,24305.8008,24366.0508,24366.0508,6102800
2024-11-18,24467.5508,24468.0508,24195.3496,24301,24301,5753700
2024-11-19,24386.1504,24640.1504,24320,24374.6992,24374.6992,6019600
2024-11-21,24293.8496,24306.9492,24014.25,24135.0996,24135.0996,9536500
2024-11-22,24185.3496,24704.5508,24127.6504,24655.3496,24655.3496,7459900
2024-11-25,25041.4492,25153.5508,24938.8008,24993.6504,24993.6504,13779700
2024-11-26,25112.1504,25113.6992,24925.0996,24983.0996,24983.0996,4984000
2024-11-27,25004.4492,25187.5,24948.8008,25115.1504,25115.1504,6707300
2024-11-28,25135.9004,25230.0996,24791.5996,24836.25,24836.25,7901900
2024-11-29,24857.6504,25120.3008,24856.75,25053.9492,25053.9492,7467300
2024-12-02,25063.5508,25221.0996,24953.25,25198.1504,25198.1504,5015000
2024-12-03,25284.5,25410.0996,25221.3008,25393.25,25393.25,6731800
2024-12-04,25443.25,25521.3008,25308.9004,25428.4004,25428.4004,7397400
2024-12-05,25508.9004,25784.4004,25274.8008,25657.8496,25657.8496,7174300
2024-12-06,25693.3008,25735.5508,25593.8496,25663.9004,25663.9004,7642200
2024-12-09,25622.75,25687.6504,25556.0508,25594.1992,25594.1992,6242700
2024-12-10,25634.1504,25659.9492,25494.5996,25600.1992,25600.1992,5504200
2024-12-11,25603.25,25681.5508,25575.3496,25635.0508,25635.0508,5283800
2024-12-12,25606.6504,25668.1992,25530.9004,25546.4004,25546.4004,5754700
2024-12-13,25493.8496,25745.75,25148.9004,25724.5996,25724.5996,6288600
2024-12-16,25719.8496,25748.3496,25584.5,25652.8496,25652.8496,4097700
2024-12-17,25579,25624.25,25288.3496,25321.6504,25321.6504,5477700
2024-12-18,25290.6992,25358.8008,25087.3496,25137.5996,25137.5996,4830700
2024-12-19,24783.6992,24934.0996,24776.4492,24884.9492,24884.9492,5422500
2024-12-20,24902.5996,25002,24400.25,24448.8496,24448.8496,10274800
2024-12-23,24597.3008,24735.75,24502.8008,24599.75,24599.75,4929900
2024-12-24,24617.3008,24715.6992,24534.9004,24572.5,24572.5,3877800
2024-12-26,24623.25,24692.8496,24509,24611.3496,24611.3496,3700
2024-12-27,24657.6992,24784.0508,24618.0996,24632,24632,3286200
2024-12-30,24623.0996,24732.0996,24436.1992,24500.75,24500.75,11994100
2024-12-31,24407.75,24542.9492,24300.75,24495.5508,24495.5508,4577400
2025-01-01,,,,,,
2025-01-02,24637.1504,25054.8496,24599.9492,25028.8008,25028.8008,5531400
2025-01-03,25058.25,25060.9004,24849.9004,24879.8496,24879.8496,6687100
2025-01-06,24920.4004,24929.1504,24335.25,24404.5996,24404.5996,7072500
2025-01-07,24460.9492,24597.5508,24411.6504,24478.0996,24478.0996,5856200
2025-01-08,24515.5996,24521.4492,24232.9004,24426,24426,5428100
2025-01-09,24419.4004,24431.3496,24213.6992,24232.3008,24232.3008,5216600
2025-01-10,24252.8008,24288.75,23982.9004,24064.75,24064.75,6034800
2025-01-13,23808.0996,23931.75,23548.75,23586.8008,23586.8008,7455700
2025-01-14,23679.6992,23850,23674.3008,23770.5996,23770.5996,7915200
2025-01-15,23866.6504,23921.9004,23755.5508,23839.25,23839.25,6108300
2025-01-16,24036.75,24049.0996,23958.6504,23984.5508,23984.5508,6592700
2025-01-17,23958.8008,23981.5,23802.4492,23926,23926,5451800
2025-01-20,24017.5996,24118.5508,23874.1504,24048.8008,24048.8008,6247800
2025-01-21,24101.9492,24110.3008,23630.8008,23664.75,23664.75,8384500
2025-01-22,23731.6504,23755,23526.9004,23738.4004,23738.4004,7099900
2025-01-23,23709.4004,23880.3008,23667.0508,23823.25,23823.25,5462300
2025-01-24,23810.1992,23930.0996,23618.0996,23660.1992,23660.1992,5289700
2025-01-27,23501.6992,23538,23277.8496,23319.9492,23319.9492,6218700
2025-01-28,23460.3496,23630.8496,23305.5,23440.0508,23440.0508,8110300
2025-01-29,23504,23717.25,23468.8496,23696.25,23696.25,5907400
2025-01-30,23714.3008,23852.6992,23660.9004,23772.5,23772.5,7334900
2025-01-31,23819.75,24096.6504,23788.5,24053.4492,24053.4492,7796200
2025-02-01,,,,,,
2025-02-03,23888.3008,23917.9004,23755.1992,23896.1504,23896.1504,7852400
2025-02-04,24066.5508,24304.5,23975.3496,24279.6504,24279.6504,7489400
2025-02-05,24348.4492,24382.5,24251,24271.3496,24271.3496,6113300
2025-02-06,24356.1992,24367.3496,24108.9492,24161,24161,5580100
2025-02-07,24207.8008,24262.6992,24002.5508,24125.5,24125.5,6483700
2025-02-10,24113.25,24140.1504,23826.3008,23897,23897,4848300
2025-02-11,23897.5508,23906.4004,23442.5,23530.8008,23530.8008,6260000
2025-02-12,23510.8008,23612.3008,23188.8496,23508.3496,23508.3496,7434000
2025-02-13,23527.1992,23729.9004,23470.4492,23504.8496,23504.8496,5345200
2025-02-14,23572.9492,23605.5508,23165.9004,23325.1504,23325.1504,5665300
2025-02-17,23202,23361.9004,23067.6992,23343.1504,23343.1504,5222600
2025-02-18,23354.8008,23392.5996,23174.9004,23331.4004,23331.4004,5003200
2025-02-19,23223.5508,23471.5,23181.3008,23368.5508,23368.5508,5214100
2025-02-20,23260.25,23422.1504,23253.1992,23411.4004,23411.4004,5548200
2025-02-21,23359.9004,23442.3496,23196.6992,23274.0508,23274.0508,5689700
2025-02-24,23075.4492,23127.3496,22985.75,23021.6992,23021.6992,4495000
2025-02-25,22993.1504,23101.9004,22955.75,22987.1504,22987.1504,5458700
2025-02-27,23008.9492,23052.9004,22911.3008,22948.3008,22948.3008,6125700
2025-02-28,22821.1504,22839.4492,22452.1504,22479.4492,22479.4492,12118200
2025-03-03,22551.6504,22635.3008,22327.9492,22514.1992,22514.1992,7028000
2025-03-04,22357.75,22535.4492,22324.0508,22504.9004,22504.9004,6328400
2025-03-05,22495.25,22861.4492,22493.9492,22818.8008,22818.8008,6581100
2025-03-06,22982.5508,23053.9492,22775.3496,23038.8008,23038.8008,6939900
2025-03-07,23008.3496,23127.3008,22956.3496,23027.6992,23027.6992,5775200
2025-03-10,23005.0996,23155.25,22861.6504,22890.75,22890.75,6104100
2025-03-11,22752.5996,22973.5996,22714.8008,22942.6992,22942.6992,7044600
2025-03-12,22990.5,23039,22755.75,22919.9004,22919.9004,6803300
2025-03-13,23002.6504,23030.4492,22817,22837.8496,22837.8496,5706800
2025-03-17,22806.1504,23029.3496,22806.1504,22960.8008,22960.8008,4962600
2025-03-18,23116.1504,23365.0508,23055.9492,23340.4004,23340.4004,5919400
2025-03-19,23390.4004,23503.25,23321.5508,23468.3496,23468.3496,6374400
2025-03-20,23605.3008,23758.1992,23509.8496,23730.6992,23730.6992,6126700
2025-03-21,23712.5,23958.5508,23681.75,23902.0996,23902.0996,10640600
2025-03-24,24075.9004,24266.9492,23989.8008,24214.1992,24214.1992,6801900
2025-03-25,24326,24409.75,24097.1504,24159.9004,24159.9004,7028000
2025-03-26,24188.3008,24246,23958.9492,23990.4004,23990.4004,6679700
2025-03-27,23934.9004,24194.75,23919.4004,24145.0508,24145.0508,16483400
2025-03-28,24154.1504,24220.75,23992.8008,24057.3496,24057.3496,7313600
2025-04-01,23902.3008,24110.5996,23684.3008,23713.8008,23713.8008,6005800
2025-04-02,23742.75,23919.5996,23683.9004,23901.8496,23901.8496,5337700
2025-04-03,23715.9492,23874.6504,23709.8496,23833.3008,23833.3008,5334500
2025-04-04,23781.75,23801.4492,23375.25,23433.25,23433.25,7725700
2025-04-07,22186.25,22767.1992,22177.3496,22677.9004,22677.9004,9983300
2025-04-08,22992.8008,23225.9492,22794.1992,23077.6504,23077.6504,7191500
2025-04-09,23011.8008,23012.4004,22879,22952.4492,22952.4492,5897600
2025-04-11,23280.4492,23468.9492,23257.75,23369.25,23369.25,6183100
2025-04-15,23917.5996,23946.5,23745.5508,23917.4004,23917.4004,6787400
2025-04-16,23935.8496,24052.4004,23865,24037.25,24037.25,6122300
2025-04-17,24005.5,24444.1992,23906.1504,24418.3496,24418.3496,7496100
2025-04-21,24533.4004,24777.4492,24475,24725.8008,24725.8008,6700
2025-04-22,24792.4492,24855.9492,24663.8008,24770.4492,24770.4492,7067400
2025-04-23,24950.1504,24958.5,24700.25,24937,24937,6941000
2025-04-24,24899.9004,24968.1504,24824.0996,24860.9004,24860.9004,6411800
2025-04-25,24906.0996,24986.8496,24383.1504,24581.3008,24581.3008,7203100
2025-04-28,24596,24903.75,24590.0996,24874,24874,5484900
2025-04-29,24929.8008,25016.5,24834.3496,24870.4004,24870.4004,6073200
2025-04-30,24880.3496,24940.8008,24710.3008,24843.8008,24843.8008,7071000
2025-05-02,24822.4492,25098.4004,24740.3008,24849.1992,24849.1992,6596200
2025-05-05,24931.8008,25056.0996,24915.3496,25010.1992,25010.1992,5882600
2025-05-06,25050.5996,25056.4004,24791.3008,24837.4492,24837.4492,5847300
2025-05-07,24650.5508,24919.0508,24644.8008,24887.1992,24887.1992,6741300
2025-05-08,24910.4004,24932.25,24548.9004,24678,24678,7753800
2025-05-09,24303.5508,24559.1992,24303.5508,24437.5508,24437.5508,6332000
2025-05-12,24907.1992,25401.25,24880.9492,25381.4004,25381.4004,6847000
2025-05-13,25333.25,25438.1992,25059.5,25087.0996,25087.0996,7875700
2025-05-14,25126.0996,25289.25,25059.25,25193.3008,25193.3008,6599100
2025-05-15,25228.5,25617.8496,25049.5,25573.0508,25573.0508,7528300
2025-05-16,25584.25,25619.4492,25511.3496,25593.0996,25593.0996,7822900
2025-05-19,25594.0996,25663.3496,25524.5,25551.5,25551.5,5486000
2025-05-20,25612.8496,25627.5,25231.3496,25248.6504,25248.6504,6991900
2025-05-21,25307.9004,25514.9492,25252.9004,25409.0996,25409.0996,5577400
2025-05-22,25334.8008,25340.1992,25073.6504,25221.9004,25221.9004,5951900
2025-05-23,25255.0508,25497.5996,25225.1504,25453,25453,4452500
2025-05-26,25527.4492,25677.5508,25514.5508,25596.5,25596.5,4725500
2025-05-27,25561.6992,25645.8008,25319.3008,25436.3496,25436.3496,7505500
2025-05-28,25450.9492,25483.0996,25346.0996,25361.0996,25361.0996,8815000
2025-05-29,25439.75,25491.4492,25296.8496,25436.3008,25436.3008,5803300
2025-05-30,25421.3008,25471.8496,25308.1992,25344.25,25344.25,12750100
2025-06-02,25277.0508,25368.0508,25158.8008,25333.6504,25333.6504,5903900
2025-06-03,25405.1504,25461.5508,25133.4004,25162.0508,25162.0508,6128000
2025-06-04,25183.25,25263.1992,25128.4492,25240.6504,25240.6504,5975400
2025-06-05,25314.5996,25507.75,25242.3496,25369.75,25369.75,6388000
2025-06-06,25376.3008,25654.75,25303.0508,25638.8008,25638.8008,6805600
2025-06-09,25795.3496,25800.25,25721.4004,25779.4492,25779.4492,5391200
2025-06-10,25876.5996,25878.8008,25727.0996,25785.5,25785.5,5637600
2025-06-11,25815.4492,25892.9004,25760.9492,25807.0996,25807.0996,6155200
2025-06-12,25834,25852.5508,25459.5,25511.5508,25511.5508,6017400
2025-06-13,25070.5996,25361,25070.25,25331.3496,25331.3496,5547200
2025-06-16,25343.6504,25575.3496,25280.5508,25556.75,25556.75,4937000
2025-06-17,25588.75,25591.6992,25411.75,25446.6992,25446.6992,4052300
2025-06-18,25392.25,25543.9004,25335.1504,25398.0508,25398.0508,4072800
2025-06-19,25388.1992,25446.6992,25261.8008,25320.4492,25320.4492,5293200
2025-06-20,25318.6992,25675.3008,25318.4004,25648.8008,25648.8008,9868500
2025-06-23,25468.1992,25615.5,25375.3496,25532.9492,25532.9492,4364600
2025-06-24,25757.4004,25890.8496,25589.4004,25631.5996,25631.5996,6706400
2025-06-25,25743.8496,25839.25,25716.3008,25822.3496,25822.3496,4552700
2025-06-26,25856.5996,26137,25849.4492,26121.0996,26121.0996,6635400
2025-06-27,26156.5508,26239.9492,26117.5508,26223.5996,26223.5996,8916800
2025-06-30,26256.8496,26265.1504,26088.1504,26139.5,26139.5,5151600
2025-07-01,26179.3496,26209.9004,26107.3496,26156.0996,26156.0996,4875500
2025-07-02,26198.9004,26223.1992,25987.1992,26068.0508,26068.0508,5243900
2025-07-03,26116.5996,26173.5996,25984.4004,26003,26003,5036700
2025-07-04,26035.3496,26075.0508,25938.0508,26066.6504,26066.6504,3686900
2025-07-07,26063.1992,26106.6992,26018.4004,26074.5508,26074.5508,3867700
2025-07-08,26052.3008,26149.5,26028.3496,26126.0508,26126.0508,3815400
2025-07-09,26121.75,26159.5508,26030.9492,26084,26084,4573900
2025-07-10,26123.5,26136.9004,25958.0508,25971.3496,25971.3496,4295600
2025-07-11,25885.5996,25947.0996,25737.9004,25760.8008,25760.8008,4432800
2025-07-14,25759.8496,25764.9004,25644.5996,25724.1504,25724.1504,4604700
2025-07-15,25740.3008,25891.1992,25733.4492,25849.1504,25849.1504,4187100
2025-07-16,25850.6992,25906.1504,25777.25,25872.1992,25872.1992,4739500
2025-07-17,25896,25902.8008,25767.8496,25776.4492,25776.4492,4035600
2025-07-18,25779.6992,25809,25586.25,25623.5,25623.5,4846500
2025-07-21,25652.9492,25765.25,25535.5,25745.3496,25745.3496,4637300
2025-07-22,25822.9004,25832.1992,25686.25,25703.9004,25703.9004,7572200
2025-07-23,25778.1504,25857,25708.8008,25846,25846,5246500
2025-07-24,25867.8496,25874.0508,25648.5508,25701.9004,25701.9004,6328000
2025-07-25,25650.9492,25650.9492,25412.1504,25442.0996,25442.0996,4864200
2025-07-28,25387.75,25510.0996,25251.4004,25285,25285,4479300
2025-07-29,25216.9492,25468.0996,25209.5,25443.6504,25443.6504,4687700
2025-07-30,25510.6504,25520,25389.8496,25476.0508,25476.0508,4646900
2025-07-31,25241.6992,25560.5,25237.5,25380.5,25380.5,5911000
2025-08-01,25353.5508,25385.0508,25120.3008,25149.5996,25149.5996,4542700
2025-08-04,25178.6504,25342.5508,25132.5996,25330.1992,25330.1992,4369100
2025-08-05,25333.0996,25335.1992,25189,25257.9492,25257.9492,4057100
2025-08-06,25256.6992,25275.1992,25122.0996,25156.3496,25156.3496,4395900
2025-08-07,25046.3008,25225.3008,24916.25,25185.1504,25185.1504,7998300
2025-08-08,25145.0996,25182.4004,24908.0508,24934.0508,24934.0508,4617000
2025-08-11,24944.75,25187.9492,24916.5996,25172.1992,25172.1992,4155000
2025-08-12,25156.9492,25292.3496,25064.75,25085.4004,25085.4004,3757100
2025-08-13,25180.4492,25267.1504,25141.1504,25223.25,25223.25,3909300
2025-08-14,25222.9492,25271.75,25192.5508,25226.25,25226.25,4383900
2025-08-18,25544.1504,25633.3496,25478.5,25492.3496,25492.3496,5524300
2025-08-19,25511.4004,25627.5996,25478.8496,25613.3008,25613.3008,4247200
2025-08-20,25604.1504,25726.1992,25570.5508,25689.3008,25689.3008,4804700
2025-08-21,25778.1992,25780.5508,25687.8008,25705.0996,25705.0996,4010500
2025-08-22,25693.4004,25709,25485.5508,25495.5996,25495.5996,3509300
2025-08-25,25581.8008,25643.1504,25522.3008,25589.6992,25589.6992,3525400
2025-08-26,25526.5508,25544.6504,25291.4492,25313.5,25313.5,10854300
2025-08-28,25308.1992,25308.1992,25062.1992,25078.5,25078.5,5101800
2025-08-29,25050.8008,25161.0996,24979.8008,25003.0508,25003.0508,5256100
2025-09-01,25019.0996,25241,25019.0996,25231.1992,25231.1992,3872300
2025-09-02,25263.3008,25377.4492,25159.9004,25215.0508,25215.0508,4194100
2025-09-03,25255.1992,25378,25188.0508,25358.9004,25358.9004,4805600
2025-09-04,25642.8008,25642.8008,25328.1992,25355.1504,25355.1504,4790100
2025-09-05,25438.6992,25455.5,25230.0996,25356.8496,25356.8496,3578000
2025-09-08,25423.0996,25516.0996,25375.1504,25402,25402,4015600
2025-09-09,25488.6992,25508.4492,25432.5508,25489.1992,25489.1992,3581300
2025-09-10,25608.4004,25662.75,25539.6504,25596.9492,25596.9492,4332800
2025-09-11,25577.5508,25669.4492,25572.1992,25638.75,25638.75,4869700
2025-09-12,25711.6504,25768.6504,25672.4492,25745.0996,25745.0996,4239900
2025-09-15,25761.1504,25781.1504,25712.6992,25733.5508,25733.5508,3764800
2025-09-16,25748.5996,25925.0996,25737.5996,25903.5508,25903.5508,4330900
2025-09-17,25947.5508,26013.9492,25937.9492,25990.4492,25990.4492,5060300
2025-09-18,26095.3496,26103.1504,25991.6992,26081.8496,26081.8496,4541800
2025-09-19,26089.0508,26103.5508,25976.75,26025.8496,26025.8496,7781300
2025-09-22,25955.8008,26066.8008,25882.4004,25934.5,25934.5,6153200
2025-09-23,25958.8496,25995.3008,25805.0508,25886,25886,7123700
2025-09-24,25833.25,25870.4004,25719.5508,25736.3496,25736.3496,6079600
2025-09-25,25717.0508,25782.8008,25547.6504,25562,25562,6852100
2025-09-26,25497.6504,25537.1992,25261.3496,25287.0996,25287.0996,5473500
2025-09-29,25363.3008,25444.5508,25251,25314.8496,25314.8496,7004500
2025-09-30,25370.1504,25415.4492,25258.3008,25295.1504,25295.1504,5839700
2025-10-01,25303.0996,25527.6992,25293.75,25502.9492,25502.9492,5659100
2025-10-03,25445.1992,25580.5,25412.3008,25569.3008,25569.3008,6808400
2025-10-06,25593.4492,25750.9492,25550,25740.9492,25740.9492,5076400
2025-10-07,25754.1504,25871.0508,25742.8496,25772.25,25772.25,5250600
2025-10-08,25748.6504,25839.3008,25658.1992,25685.9004,25685.9004,4563000
2025-10-09,25719.1992,25839.4492,25662.9492,25825.6992,25825.6992,4778100
2025-10-10,25819.75,25975.3496,25799.9492,25924.75,25924.75,4466700
2025-10-13,25815.8008,25900.8496,25781.1504,25867.75,25867.75,4481800
2025-10-14,25922,25954.6992,25694.1992,25775.1504,25775.1504,5160100
2025-10-15,25817.6992,26017.5508,25809.9492,25984.0508,25984.0508,5482400
2025-10-16,26055.1504,26265.4004,26034.75,26229.1992,26229.1992,6469900
2025-10-17,26196.5996,26403.4492,26167.9004,26329.8008,26329.8008,7651800
2025-10-20,26445.8008,26536.9492,26400.5508,26449.75,26449.75,5820100
2025-10-21,26521.5996,26550,26431.8008,26475.8496,26475.8496,1008800
2025-10-23,26654.1992,26700,26459.1992,26490.0508,26490.0508,7353200
2025-10-24,26533.4492,26540.9004,26327.9492,26402.8008,26402.8008,4995000
2025-10-27,26457.8008,26596.75,26435.5508,26565,26565,4919800
2025-10-28,26551.4004,26636.3496,26400.3008,26517.4492,26517.4492,6502600
2025-10-29,26566.3008,26713.3008,26551.0508,26679.25,26679.25,7561100
2025-10-30,26630.1992,26662.8008,26481.5508,26518.8496,26518.8496,6185100
2025-10-31,26512.5,26595.1504,26357.5508,26369.5,26369.5,6706300
2025-11-03,26358.5508,26483.3008,26321.4004,26445.8496,26445.8496,637900
2025-11-04,26430.5508,26465.5996,26267.0508,26284.4492,26284.4492,5446800
2025-11-06,26288,26353.9004,26137.0996,26154.9492,26154.9492,5895500
2025-11-07,26075.9492,26204.25,25935.1504,26144.1992,26144.1992,5338300
2025-11-10,26162.9492,26311.5508,26162.9492,26230.8008,26230.8008,4234900
2025-11-11,26269.6504,26357.6992,26088.9004,26340,26340,5146700
2025-11-12,26475.0508,26558,26427.6992,26500,26500,5521700
2025-11-13,26532.6992,26635.8496,26437.1992,26505.5996,26505.5996,6221000
2025-11-14,26408.5996,26556.4492,26371,26528,26528,7458000
2025-11-17,26574.9004,26652.5508,26538.0996,26639.4004,26639.4004,4795400
2025-11-18,26654.1992,26660.0996,26486.25,26519,26519,4574100
2025-11-19,26528.3008,26661.0996,26459.0996,26640.5,26640.5,4477600
2025-11-20,26724.8008,26815.9492,26652.75,26755.5,26755.5,4001700
2025-11-21,26677.4004,26727.0996,26578.75,26593.1992,26593.1992,4009700
2025-11-24,26640.5996,26650.75,26415.5,26458.25,26458.25,7883700
2025-11-25,26493.6504,26535.3008,26380.4492,26405.3008,26405.3008,4256300
2025-11-26,26377.6504,26753.75,26377.6504,26743.0508,26743.0508,4485000
2025-11-27,26800.9492,26833.1992,26670.25,26744.3496,26744.3496,4136200
2025-11-28,26763.25,26803.25,26701.4004,26737.8008,26737.8008,4153300
2025-12-01,26859.4004,26859.5,26663.5996,26719.75,26719.75,3848400
2025-12-02,26638.1504,26709.5,26554.1504,26592.8496,26592.8496,9202500
2025-12-03,26572.9004,26623.6992,26418.1504,26506.0996,26506.0996,5447700
2025-12-04,26505.4004,26627.4492,26471.4004,26557,26557,4303900
2025-12-05,26527.6992,26711.9492,26509.4004,26696.9004,26696.9004,4134100
2025-12-08,26673.5996,26690.75,26346.4004,26415.5508,26415.5508,5218500
2025-12-09,26320.9004,26408.5996,26162.5508,26337.3496,26337.3496,5082300
2025-12-10,26362.9492,26462.5996,26238.0508,26259.25,26259.25,3934400
2025-12-11,26275.25,26425.1504,26188.75,26402.4492,26402.4492,3981800
2025-12-12,26477.25,26576.8008,26447.6992,26565.0996,26565.0996,4316600
2025-12-15,26460.1992,26570.8496,26415.75,26555.3496,26555.3496,3833200
2025-12-16,26489.25,26509.3008,26365.5,26394.5,26394.5,4497400
2025-12-17,26435.8496,26472.3008,26291.6504,26342.6504,26342.6504,4030700
2025-12-18,26295.4492,26410.9004,26222.4492,26324.6504,26324.6504,3546400
2025-12-19,26414.1992,26500.3008,26391.4004,26488,26488,5804400
2025-12-22,26579.4004,26701.75,26565.3008,26693.1992,26693.1992,4324500
2025-12-23,26734.0508,26766.5996,26650.25,26713.1504,26713.1504,4147000
2025-12-24,26713.75,26773.25,26653.0508,26674.5,26674.5,3514800
2025-12-26,26658.5,26692.1504,26551.6992,26589.3496,26589.3496,4297400
2025-12-29,26612.3496,26641.9004,26460.0508,26483.4492,26483.4492,4988600
2025-12-30,26479.8496,26522.4004,26411.5,26482.5508,26482.5508,6732800
2025-12-31,26520.8008,26744.4004,26519.0996,26689.3008,26689.3008,4585000
2026-01-01,,,,,,
2026-01-02,26739.8496,26936,26723.25,26925.3008,26925.3008,6136700
2026-01-05,26936.6504,26975.1504,26806.25,26858.1504,26858.1504,5498900
2026-01-06,26813.5508,26892.5996,26742.1504,26808.75,26808.75,5856600
2026-01-07,26783.3008,26828.9492,26702.8008,26781.8008,26781.8008,5103200
2026-01-08,26748.9492,26772.5,26439.6992,26462.5996,26462.5996,5459100
2026-01-09,26422.8008,26536.4492,26187,26252.9492,26252.9492,5522200
2026-01-12,26244.6504,26380.5,26020.4492,26357.4004,26357.4004,4792500
2026-01-13,26462.0508,26462.75,26150.5508,26296.75,26296.75,5082900
2026-01-14,26220.4004,26373.1992,26196.0508,26256.3008,26256.3008,6511700
2026-01-15,,,,,,
2026-01-16,26287.4004,26468.6992,26248.4492,26285.3008,26285.3008,7049600
2026-01-19,26245.9492,26246.0996,26104.9492,26181.9492,26181.9492,7386600
2026-01-20,26174.3008,26182.3008,25719.25,25780.9492,25780.9492,7323100
2026-01-21,25687.3008,25848.6504,25443.8496,25701.4004,25701.4004,6683500
2026-01-22,25890.3008,26008.4004,25739.5996,25860.25,25860.25,7023900
2026-01-23,25921.8008,25922.9004,25541.6504,25570.5,25570.5,7066700
2026-01-27,25610.3496,25778.0508,25452.0996,25706.1504,25706.1504,9382900
2026-01-28,25790.6992,25963.25,25766.5508,25943.8008,25943.8008,8873900
2026-01-29,25951.6504,26053.9004,25765.9004,26021.6992,26021.6992,10109100
2026-01-30,25858.6992,25950.1992,25785.6992,25902,25902,9006500
2026-02-02,25366.8496,25677.0508,25212.4004,25655.3496,25655.3496,7636700
2026-02-03,26849.75,26893.8496,26216.5,26313.1992,26313.1992,10620100
2026-02-04,26270.8008,26419.9004,26129.25,26382.6992,26382.6992,7656000
2026-02-05,26351.75,26354.0508,26182.8008,26248.3008,26248.3008,6000
2026-02-06,26204.25,26309.25,26069.5,26297.3008,26297.3008,6331500
2026-02-09,26487.75,26508.1504,26380.4004,26487.8008,26487.8008,5973200
2026-02-10,26548.4004,26601.0508,26488.6992,26552.0996,26552.0996,7003200
2026-02-11,26619.0996,26626.1504,26524.3496,26592.3008,26592.3008,5668600
2026-02-12,26552.25,26552.25,26381.9004,26448.0508,26448.0508,6290500
2026-02-13,26212.25,26252.8008,26063.75,26092.4004,26092.4004,6712700
2026-02-16,26034.6992,26331.3008,25981.4492,26315.3496,26315.3496,4299800
2026-02-17,26273.0996,26406.1504,26214,26375.0996,26375.0996,5399400
2026-02-18,26404.4004,26495.1992,26302.1992,26484.5996,26484.5996,4961700
2026-02-19,26533.6504,26542.6992,26022.6992,26090.6992,26090.6992,4722500
2026-02-20,26042.5996,26307.4004,26017.5,26217.3008,26217.3008,5058000
2026-02-23,26333.4004,26425.25,26249.1504,26355.4004,26355.4004,5036400
2026-02-24,26280.4492,26280.4492,25988,26112.1992,26112.1992,6521800
2026-02-25,26204.1504,26347.3496,26131.4492,26200.5,26200.5,6865600
2026-02-26,26272.0996,26290.3496,26113.25,26226.8496,26226.8496,6380300
2026-02-27,26195.5508,26211.4492,25861.8496,25897.5508,25897.5508,6816200
2026-03-02,25308.3008,25699.5508,25288.75,25563.5,25563.5,8210200
2026-03-04,25087.0996,25239.1992,24961.1504,25118.25,25118.25,9358000
2026-03-05,25253.0996,25505.0996,25175.1992,25420.0996,25420.0996,7827000
2026-03-06,25316.1992,25375.1992,25101.6992,25134.9004,25134.9004,6850300
2026-03-09,24556.75,24733.1504,24338.75,24685.6504,24685.6504,8241900
2026-03-10,24955.5996,25001.9492,24753.0508,24957.8008,24957.8008,7015000
2026-03-11,24941.5996,25020.5,24538.8008,24574.5508,24574.5508,6397800
2026-03-12,24386.5508,24564.6992,24235.6992,24375.0996,24375.0996,8617000
2026-03-13,24205.75,24237,23810.8008,23849.25,23849.25,8062900
2026-03-16,23814.9492,24155.8496,23608.9492,24055.4004,24055.4004,9026900
2026-03-17,24143.8008,24310.6992,23992.6992,24237.8008,24237.8008,7094200
2026-03-18,24293.1992,24529.5996,24283.6504,24446.4492,24446.4492,6244000
2026-03-19,23890.0996,24043.4004,23575.1504,23651.9492,23651.9492,7696000
2026-03-20,23773.25,24021.75,23725.0508,23766.0996,23766.0996,10109900
2026-03-23,23478.8008,23504.1992,23054.3008,23098.25,23098.25,8691900
2026-03-24,23489.5,23654.75,23192.5508,23499.3008,23499.3008,8732500
2026-03-25,23672.5,24072.5996,23672.0508,23915.1504,23915.1504,8187300
2026-03-27,23782.9492,23792.8496,23385.25,23400.0508,23400.0508,10559900
2026-03-30,23114.1504,23289.5,22829.9492,22875.5,22875.5,10847200
2026-04-01,23472.25,23528,23206,23272.75,23272.75,8863200
2026-04-02,22971.0508,23370.5,22720.4492,23304.1992,23304.1992,8624600
2026-04-06,23376.9004,23609.25,23159.75,23579.4492,23579.4492,8553600
2026-04-07,23453.1992,23757.3496,23326,23730.25,23730.25,7526900
2026-04-08,24503.4004,24690.3008,24470.3008,24666.6992,24666.6992,11428500
2026-04-09,24587.5508,24682.5,24390.0508,24486.5,24486.5,7892600
2026-04-10,24602.5996,24831.3008,24579.3008,24809.8008,24809.8008,8063800
2026-04-13,24314.1992,24666.5508,24259.1992,24599.6504,24599.6504,8728900
2026-04-15,24942.5508,25063.5508,24925.5996,25023.6992,25023.6992,8117000
2026-04-16,25186.9492,25216.25,24925.5996,25042.3008,25042.3008,8645300
2026-04-17,25022.5508,25253.1504,24955.1992,25238.9004,25238.9004,8426400
2026-04-20,25275.5996,25379.3008,25096.6504,25252.9004,25252.9004,7320700
2026-04-21,25276.9492,25487.9004,25268,25464,25464,7226800
2026-04-22,25369.9004,25425.8496,25280.6504,25329.9492,25329.9492,8235600
2026-04-23,25169.4004,25252.9004,25073,25094.9492,25094.9492,8513800
2026-04-24,25039.3496,25138.0508,24725.1504,24827.3008,24827.3008,7491700
2026-04-27,24888.3008,25089.1504,24880.5508,25052.25,25052.25,7474300
2026-04-28,25013.6504,25131.1504,24922.3496,24955,24955,8915300
2026-04-29,25060.25,25271.8496,25010.5996,25106.0996,25106.0996,8599700
2026-04-30,24927.1992,24984.8008,24688.1504,24896,24896,8687100
2026-05-01,,,,,,
2026-05-04,24973.6992,25191.6992,24924.4492,25041.0996,25041.0996,7660300
2026-05-05,24982.8008,25033,24831.4004,24990.3008,24990.3008,7146300
2026-05-06,25148.8008,25332.25,24973.1992,25312.5996,25312.5996,8205300
2026-05-07,25388.8496,25460.9004,25267.9004,25319.5,25319.5,7989800
2026-05-08,25235.6992,25247.1504,25125.3496,25168.5996,25168.5996,5972900
2026-05-11,24964.5996,24976.8008,24767.25,24784.8008,24784.8008,6944200
2026-05-12,24694.3008,24735.75,24269.3496,24303.0508,24303.0508,7685500
2026-05-13,24282.3008,24538.75,24184.0996,24369.0508,24369.0508,7846100
2026-05-14,24503.9004,24739,24364.9004,24654.4004,24654.4004,7863200
2026-05-15,24702.5508,24775.0996,24540.4004,24572.1504,24572.1504,7760900
2026-05-18,24406.1504,24578.6992,24193.4492,24534.25,24534.25,6977100
2026-05-19,24568.8008,24684.0996,24501.0508,24531.6992,24531.6992,7231500
2026-05-20,24368.3496,24619.0508,24303.1504,24590.5996,24590.5996,6461100
2026-05-21,24775.3008,24808.8496,24546,24596.4004,24596.4004,6501600
2026-05-22,24621.1992,24772,24613.3008,24669.3008,24669.3008,5812600
2026-05-25,24899.8496,25025.5996,24883.0996,25001.6992,25001.6992,6991100
2026-05-26,24982.1992,25066.8008,24872.1504,24910.0996,24910.0996,7322700
2026-05-27,24888.3496,25014.3008,24877.9492,24970.8496,24970.8496,8604200
2026-05-28,,,,,,
2026-05-29,24992.4004,25082.0996,24544.9492,24608.4492,24608.4492,18409000
2026-06-01,24722.3008,24789.75,24369.8496,24393.0508,24393.0508,7026200
2026-06-02,24234.1504,24555.5996,24217.4004,24491.3008,24491.3008,8178000
2026-06-03,24435.5,24467.0508,24146.3008,24408.3008,24408.3008,7073900
2026-06-04,24291.9004,24486.8008,24255.4004,24427.6992,24427.6992,6392500
2026-06-05,24500.1992,24544.5996,24301.5,24397.3008,24397.3008,6658100
2026-06-08,24100,24285.0508,24065.25,24111.0996,24111.0996,6141800
2026-06-09,24251,24309.3008,24128.5508,24275.5996,24275.5996,7024400
2026-06-10,24269.5,24433.4004,24166.1504,24200.75,24200.75,6320400
2026-06-11,24082.8496,24270.1992,24036.3496,24104.6992,24104.6992,6427800
2026-06-12,24378.9004,24625.5,24271.6992,24602.25,24602.25,6321200
2026-06-15,24984.1504,25076.4492,24870.4004,24907.8496,24907.8496,7079000
2026-06-16,24977.3496,25044.9492,24932.6992,25029.9004,25029.9004,5400400
2026-06-17,25080.6504,25154.6992,25001.4004,25141.8008,25141.8008,9116500
2026-06-18,25142,25257.0996,25089.4004,25233.6504,25233.6504,10422300
2026-06-19,25071.4492,25120,24969,25086.6504,25086.6504,9796600
2026-06-22,25182.5996,25238.9492,25147,25209.5508,25209.5508,6216200
2026-06-23,25182.5508,25230.4492,24867.4492,24907.8008,24907.8008,8870700
2026-06-24,24880.6992,25148.3496,24872.6992,25075.9492,25075.9492,7561700
2026-06-25,25182.75,25317.0996,25096.25,25114.0996,25114.0996,8533900
2026-06-26,,,,,,
2026-06-29,25117.75,25157.0508,24946.3008,24976.6992,24976.6992,10927300
2026-06-30,25063,25063.0508,24883.8008,24915.5996,24915.5996,7303000
2026-07-01,24953.1992,25105.9492,24940.3008,25065.0996,25065.0996,6148700
2026-07-02,25133.5996,25245.6992,25131.4004,25230.1992,25230.1992,6398400
2026-07-03,25418.8008,25418.8008,25280.5996,25301.9004,25301.9004,6340100
2026-07-06,25342.3496,25496.0508,25320.6504,25464.4492,25464.4492,5689600
2026-07-07,25503.6992,25524.5996,25362.6504,25409.6504,25409.6504,6611300
2026-07-08,25262.0508,25322,24798.8496,24883.0508,24883.0508,7468100
2026-07-09,24927.5996,25132.8008,24925.25,24989.25,24989.25,5957500
2026-07-10,25157.0996,25271.25,25150.0996,25255.0996,25255.0996,5691900
2026-07-13,25075.8008,25283.1992,25021,25240.8008,25240.8008,5458600
2026-07-14,25096.3008,25173.4492,25052.5996,25088.6504,25088.6504,5905200
2026-07-15,25133.8008,25266.0996,25063.6992,25130.0996,25130.0996,5997600
2026-07-16,25198.8496,25247.75,25085.9492,25109.1992,25109.1992,5091000
2026-07-17,25158,25362.0508,25119.8496,25327.6504,25327.6504,6100700
2026-07-20,25199.4004,25309.75,25161.5508,25286.4492,25286.4492,7082400
2026-07-21,25272.0508,25322.6992,25189.1504,25263.4492,25263.4492,5445800
2026-07-22,25237.0508,25247.1504,25038.1504,25069.6504,25069.6504,5173400
2026-07-23,24975.3496,25083.8008,24867.0996,24932.5,24932.5,5300700
2026-07-24,24723.8496,24901.8008,24659.8008,24840.75,24840.75,5454100
2026-07-27,25006,25099.0508,24979.9004,25088.5996,25088.5996,5444000
2026-07-28,25070.1504,25118.9492,25017.5508,25046.9492,25046.9492,7096800
2026-07-29,25224.6504,25338.3496,25186.25,25307.0508,25307.0508,6281600
2026-07-30,25306,25393.9492,25242.1504,25368.75,25368.75,5820800
2026-07-31,25422.9492,25532.6504,25387.25,25486.3496,25486.3496,6644900
2026-08-03,25676.75,25880.6504,25627.1992,25880.4492,25880.4492,5851900
2026-08-04,25816.8008,25816.8008,25553.4004,25719.1504,25719.1504,4974600
2026-08-05,25794.3008,25801.4492,25622.8496,25744.0508,25744.0508,5653700
2026-08-06,25758.5996,25798.4492,25720.0508,25757.4004,25757.4004,5965600
2026-08-07,25672.4004,25771.1992,25664.25,25712.6992,25712.6992,5462900
2026-08-10,25726.8008,25761,25653.3008,25728.3008,25728.3008,4963400
2026-08-11,25728.0508,25729.1992,25578.3008,25625.4004,25625.4004,4856300
2026-08-12,25621.5,25622.1992,25419.8008,25601.1992,25601.1992,6011600
2026-08-13,25602.3496,25602.3496,25478.0996,25565.6504,25565.6504,4726500
2026-08-14,25529.6992,25565.4004,25465.9492,25524.8496,25524.8496,4432600
2026-08-17,25504.5,25529.8008,25392.4004,25457.3008,25457.3008,3811200
2026-08-18,25398.5996,25442.9004,25332.1504,25333.6504,25333.6504,3759100
2026-08-19,25328.4004,25345.6992,25192.3008,25242.25,25242.25,3924800
2026-08-20,25388.6504,25430.3008,25347.1504,25391.8496,25391.8496,4144300
2026-08-21,25436.9492,25436.9492,25350.3008,25396.0508,25396.0508,4316000
2026-08-24,25422.5508,25448.5508,25288.1504,25369.9492,25369.9492,4088800
2026-08-25,25327.1504,25500.3008,25260.1992,25499.5,25499.5,4241700
2026-08-26,25513.6992,25565.3008,25389.8496,25390.9492,25390.9492,4710600
2026-08-27,25461.9492,25480.75,25281.5996,25281.5996,25281.5996,5722100
2026-08-28,25314.25,25359.9004,25237.9492,25341.75,25341.75,4547500
2026-08-31,25274.8008,25284.5996,25118,25235.0508,25235.0508,10304000
2026-09-01,25213.5508,25251.3496,25048.9492,25157.4004,25157.4004,5410200
2026-09-02,24953.3496,25041.6504,24861.1504,25041.6504,25041.6504,5307200
2026-09-03,25121.3496,25151.9004,25003.8496,25013.4492,25013.4492,4036000
2026-09-04,25050.5508,25132.0996,25022.5508,25023.1504,25023.1504,3770900
2026-09-07,25010.9492,25018.6992,24865.9004,24902.5996,24902.5996,3529900
2026-09-08,24872.9492,24888.3496,24781.5,24803.9004,24803.9004,3764900
2026-09-09,24690.9004,24755.3496,24623.9004,24624.3008,24624.3008,5447600
2026-09-10,24640.0996,24677.4492,24552.0996,24643.0508,24643.0508,4176300
2026-09-11,24427.5996,24592,24368.3496,24546.5508,24546.5508,4563800
2026-09-14,,,,,,
2026-09-15,24713.25,24733.5,24192,24193,24193,4965200
2026-09-16,24261.0996,24356.6504,24147.75,24282.9492,24282.9492,4119400
2026-09-17,24264.3008,24456.25,24262.9004,24377.75,24377.75,3835700
2026-09-18,24441.75,24545.9004,24417.4004,24498.75,24498.75,5986700
2026-09-21,24488.3008,24614.8496,24478.5996,24560.3496,24560.3496,3369300
2026-09-22,24602.4492,24641.4004,24428.25,24469.75,24469.75,3836200
2026-09-23,24498.8008,24619.1992,24498.5,24612.25,24612.25,3953300
