date,open,high,low,close,adj_close,volume
2020-05-04,491.0475,492.9898,474.4634,477.1527,461.089,3320830
2020-05-05,483.0792,485.8681,467.3915,469.5828,453.7738,1735925
2020-05-06,473.1188,484.0752,467.3417,480.4895,464.3133,1896522
2020-05-07,480.4895,490.0016,474.5132,483.2784,467.0083,1743414
2020-05-08,487.8602,490.8483,480.8381,484.374,468.0671,1451705
2020-05-11,487.2625,510.4703,482.8302,502.4521,485.5366,3912963
2020-05-12,500.7091,518.9366,490.1511,515.8987,498.5305,3122914
2020-05-13,547.8217,547.8217,516.9943,520.8788,503.343,2711938
2020-05-14,515.9485,526.5065,506.2371,509.3746,492.226,1940379
2020-05-15,512.2133,517.7911,507.8806,515.7991,498.4342,1384443
2020-05-18,513.4584,513.4584,492.1431,493.8364,477.2109,2678574
2020-05-19,496.2269,518.9366,493.0894,509.8228,492.6591,3299878
2020-05-20,508.9762,536.8155,504.992,534.7238,516.7219,2862696
2020-05-21,534.7238,534.8234,519.4844,524.863,507.1931,2005953
2020-05-22,521.8251,532.8314,511.0679,530.2416,512.3906,1752039
2020-05-26,532.8812,542.2439,525.7595,530.5405,512.6794,4004041
2020-05-27,532.8812,567.3441,526.9547,564.4058,545.4045,4754112
2020-05-28,565.7504,579.3464,555.043,574.2168,554.8852,3330221
2020-05-29,587.9622,599.6158,574.7148,586.8665,567.1091,5979901
2020-06-01,590.1534,597.6237,577.7527,581.1891,561.6228,2564085
2020-06-02,580.691,598.9684,573.2706,593.9882,573.991,2681043
2020-06-03,598.1716,607.5841,590.004,595.4324,575.3867,2436065
2020-06-04,594.6356,608.5801,580.5416,602.7036,582.413,1650031
2020-06-05,609.1778,628.2021,607.0861,624.6662,603.6362,3146152
2020-06-08,632.4851,641.8479,611.3193,614.7058,594.0112,2757483
2020-06-09,620.6323,633.2819,604.2972,609.4766,588.9579,2091161
2020-06-10,609.5762,623.5208,607.6837,612.3153,591.7011,1797749
2020-06-11,615.5524,623.5208,580.2429,588.2609,568.4565,2507917
2020-06-12,565.9496,603.7992,565.9496,599.566,579.381,2110589
2020-06-15,607.5841,608.4307,574.8144,579.5954,560.0828,2927192
2020-06-16,595.6317,602.1059,577.9022,586.7669,567.0128,1815454
2020-06-17,584.7748,595.3328,578.4998,581.5377,561.9596,1161867
2020-06-18,580.691,600.4625,576.0096,595.7313,575.6754,1808862
2020-06-19,595.6317,601.3091,591.1993,598.8688,578.7073,2630246
2020-06-22,601.5083,626.3594,584.6752,615.154,594.4443,5901428
2020-06-23,620.1342,631.8377,610.622,619.8852,599.0161,3194115
2020-06-24,623.5208,630.9412,596.1296,611.2197,590.6424,2452073
2020-06-25,608.5303,624.0685,601.6577,605.0442,584.6749,2097893
2020-06-26,610.4727,623.8694,607.5841,613.7098,593.0486,1767686
2020-06-29,611.3193,621.9769,596.1296,616.7975,596.0323,2018333
2020-06-30,622.7737,626.2599,608.879,617.2457,596.4656,1634716
2020-07-01,617.3453,623.4709,609.7256,611.9169,591.3162,1402760
2020-07-02,612.5145,629.0488,612.5145,615.5026,594.7811,2512090
2020-07-03,621.3295,627.5049,611.0703,625.6622,604.5986,2074752
2020-07-06,630.493,650.8123,626.6085,638.6107,617.1113,4075813
2020-07-07,638.6107,640.3538,618.8394,621.1801,600.2674,2164858
2020-07-08,625.5128,629.3476,602.9027,606.09,585.6855,2401094
2020-07-09,609.5762,620.2836,607.5343,614.2078,593.5299,1631873
2020-07-10,614.2078,617.4449,594.7352,609.0284,588.5249,2704109
2020-07-13,611.9667,615.5026,605.1438,609.3272,588.8135,1722338
2020-07-14,610.0244,611.4189,591.4981,594.3368,574.3279,1758125
2020-07-15,600.064,604.596,584.0278,586.5677,566.8203,1921434
2020-07-16,589.6554,590.6514,577.7029,580.7408,561.1896,1515681
2020-07-17,582.1851,593.0419,580.691,589.755,569.9003,2180665
2020-07-20,595.6317,608.9786,591.0001,600.7612,580.536,2295638
2020-07-21,602.6039,614.0583,599.5162,600.7114,580.4879,1950293
2020-07-22,604.596,609.5762,591.6475,599.4166,579.2366,1749629
2020-07-23,602.9027,609.377,594.6356,595.8807,575.8197,1211759
2020-07-24,594.4364,594.4364,579.2966,580.3922,560.8528,1255646
2020-07-27,582.6831,582.6831,566.1987,568.5394,549.399,2224709
2020-07-28,570.5314,595.5818,562.7623,593.8885,573.8947,5625982
2020-07-29,597.6237,619.3872,596.9763,613.8592,593.1931,6110360
2020-07-30,611.7177,622.6243,598.7692,600.562,580.3436,2519390
2020-07-31,603.9485,634.3776,599.6158,630.5428,609.315,4769694
2020-08-03,627.5049,640.2044,619.188,630.991,609.748,2556245
2020-08-04,632.8835,637.2163,619.7358,622.1761,601.23,2070693
2020-08-05,622.2259,641.051,619.2378,630.9412,609.7,2505820
2020-08-06,633.4811,643.9396,626.5089,631.6883,610.4219,2312477
2020-08-07,631.4891,639.3578,625.7618,634.029,612.6838,2235535
2020-08-10,637.4653,640.8021,625.214,631.5389,610.2775,1932817
2020-08-11,632.4851,638.4116,616.5983,621.7777,600.845,2069626
2020-08-12,617.5445,626.5089,612.6639,623.6702,602.6737,2151111
2020-08-13,629.2978,635.4732,619.0386,629.3476,608.16,3049144
2020-08-14,629.497,637.2661,620.9808,626.459,605.3687,2852059
2020-08-17,627.6543,631.4891,608.2814,622.8734,601.9037,4326042
2020-08-18,618.5405,675.8128,618.5405,664.4579,642.0883,15527149
2020-08-19,665.3046,669.3386,657.8343,662.2169,639.9227,3257907
2020-08-20,657.5355,672.3267,652.4557,662.9639,640.6446,3026994
2020-08-21,672.0279,680.295,666.2509,674.6674,651.954,4009171
2020-08-24,677.7053,690.7534,663.5615,668.8903,646.3716,3836076
2020-08-25,669.3386,676.759,659.0295,671.0817,648.4891,1831246
2020-08-26,670.2848,675.8128,655.9916,664.5576,646.02,2459758
2020-08-27,667.4959,685.2752,664.3584,682.3369,663.3033,3272319
2020-08-28,687.2175,714.6584,681.291,698.3731,678.8922,7416581
2020-08-31,700.2158,707.9849,667.9939,672.1773,653.4271,4474304
2020-09-01,674.269,702.0087,648.4716,681.8389,662.8192,4746522
2020-09-02,678.3029,683.2333,660.0256,675.763,656.9128,3946609
2020-09-03,682.2871,726.4614,678.9006,721.8796,701.7431,7528192
2020-09-04,702.2079,721.1326,695.9328,703.7019,684.0723,3620215
2020-09-07,717.1484,717.9453,690.2554,697.3771,677.924,4194868
2020-09-08,700.1162,700.1162,671.5298,674.4184,655.6058,2836862
2020-09-09,673.3228,693.7415,661.42,684.3788,665.2883,2847119
2020-09-10,693.7913,714.9073,678.6017,710.475,690.6565,4943692
2020-09-11,712.1683,724.1207,701.8593,718.0947,698.0637,7359626
2020-09-14,718.1445,733.0353,700.2158,704.2,684.5565,3056973
2020-09-15,708.7817,720.6346,706.9889,717.5469,697.5312,2938207
2020-09-16,720.0868,734.2803,711.2719,717.5469,697.5312,3050802
2020-09-17,717.5469,735.8242,713.7122,721.8298,701.6947,3942939
2020-09-18,725.067,745.685,721.78,742.0494,721.3502,3228972
2020-09-21,746.681,746.681,707.2379,714.0109,694.0938,2436306
2020-09-22,717.5469,743.0455,704.0007,726.2124,705.955,3326343
2020-09-23,726.4614,729.848,702.2079,715.5548,695.5947,2586941
2020-09-24,705.196,712.1683,672.8247,677.0081,658.1231,2836522
2020-09-25,680.295,709.3793,680.295,705.3454,685.67,2267006
2020-09-28,712.1683,732.7365,712.1683,731.2922,710.8931,2555901
2020-09-29,733.0851,736.9697,712.2181,718.5927,698.5478,1829165
2020-09-30,718.5927,743.4439,712.2181,741.2526,720.5756,2387252
2020-10-01,746.2328,753.0059,733.1349,751.5616,730.5971,2413277
2020-10-05,749.2209,760.5758,739.0115,747.1791,726.3367,1907600
2020-10-06,747.2787,756.9402,737.5673,754.6992,733.6471,1861945
2020-10-07,752.0098,758.6833,745.0376,756.6414,735.5351,1633121
2020-10-08,761.9702,771.6318,755.6952,767.2991,745.8955,2229138
2020-10-09,766.5022,769.8389,739.3104,742.149,721.447,2916735
2020-10-12,743.1949,749.3704,735.0771,741.7507,721.0598,2824839
2020-10-13,739.8582,759.9781,734.0313,746.4818,725.6589,2751314
2020-10-14,740.0574,764.9584,730.5452,760.5758,739.3597,2415604
2020-10-15,757.3387,764.9086,742.2487,747.1293,726.2884,1506667
2020-10-16,749.968,773.5741,747.0297,769.6398,748.171,1772044
2020-10-19,768.9425,779.3013,758.5339,770.088,748.6066,2143086
2020-10-20,771.9307,776.8112,761.4722,774.1219,752.5281,1746130
2020-10-21,776.9108,791.3036,768.4943,788.6143,766.6162,2418947
2020-10-22,788.6143,791.3036,777.9069,788.5147,766.5194,1706604
2020-10-23,790.955,800.8158,779.0025,782.0903,760.2742,2363692
2020-10-26,781.8911,786.7218,764.9584,776.9108,755.2391,1344142
2020-10-27,770.9346,786.8712,769.7892,776.0144,754.3677,1536888
2020-10-28,786.5724,786.5724,769.9883,774.1718,752.5765,1985259
2020-10-29,769.6896,774.2714,762.9663,767.1497,745.7503,1066172
2020-10-30,766.9504,790.6064,762.2192,775.2674,753.6415,1716739
2020-11-02,781.2934,788.7139,772.4286,784.7297,762.84,1795870
2020-11-03,786.0744,797.7779,783.9329,788.0167,766.0352,2056424
2020-11-04,787.2697,791.8514,775.616,779.9985,758.2408,1505112
2020-11-05,784.3812,807.1904,784.3812,801.2142,778.8647,2985097
2020-11-06,805.796,805.796,788.3653,791.204,769.1336,1506722
2020-11-09,793.8435,805.0988,786.0744,789.0127,767.0035,2196951
2020-11-10,795.8356,813.2663,777.9567,786.3732,764.4375,2914387
2020-11-11,788.8633,805.3976,786.8712,799.9194,777.6059,2520351
2020-11-12,800.8158,827.7089,799.9194,823.6749,800.6987,3845786
2020-11-13,823.7247,844.6415,816.2544,838.0179,814.6417,5942145
2020-11-14,839.6613,841.255,831.7926,835.2787,811.9789,326158
2020-11-17,843.5459,850.1198,832.2408,839.5617,816.1425,1893365
2020-11-18,838.217,848.3268,834.9301,845.5878,822.0004,1727008
2020-11-19,841.4542,858.4865,828.7049,833.4361,810.1877,1931331
2020-11-20,836.6732,858.4865,835.2787,852.6099,828.8265,2058126
2020-11-23,859.9805,865.4587,847.7292,851.2154,827.471,2233883
2020-11-24,853.6059,860.3292,846.6336,849.8707,826.1639,1399638
2020-11-25,852.6099,870.3394,836.723,839.7609,816.3361,2401936
2020-11-26,846.8328,877.5108,843.6953,873.9251,849.5472,4266333
2020-11-27,873.9251,882.3416,866.5544,872.2816,847.9495,4020685
2020-12-01,863.5663,907.0932,858.7355,904.2047,878.9822,4126748
2020-12-02,897.9794,915.3105,896.5352,911.8742,886.4378,2854485
2020-12-03,917.3524,921.2369,902.4118,906.4458,881.1608,1996094
2020-12-04,911.7746,943.1498,909.4837,927.8109,901.9299,3042427
2020-12-07,936.2274,950.2217,926.5658,933.9863,907.9331,3205743
2020-12-08,933.787,938.2692,914.7627,922.1334,896.4108,1763695
2020-12-09,923.2789,930.0519,912.5216,916.6054,891.037,1618537
2020-12-10,918.3484,921.1374,898.9755,905.8979,880.6282,1734033
2020-12-11,906.2964,912.0236,897.4316,898.6767,873.6084,1945748
2020-12-14,903.0593,920.3405,902.7106,907.8402,882.5163,2052814
2020-12-15,908.3881,914.0655,899.4237,908.3881,883.0489,1467901
2020-12-16,916.7548,921.6354,907.392,911.1769,885.7599,1395643
2020-12-17,912.2726,922.731,908.3881,909.0853,883.7267,1482672
2020-12-18,908.3881,913.1193,898.4277,906.0474,880.7736,2224860
2020-12-21,905.9976,906.3462,864.8611,873.8753,849.4988,1912602
2020-12-22,873.8753,885.8776,859.9307,881.6942,857.0997,1715164
2020-12-23,882.5906,905.4,877.8594,898.4277,873.3663,2387101
2020-12-24,903.0593,908.2386,887.5708,893.5969,868.6703,1425968
2020-12-28,897.6309,908.7367,893.5471,903.0593,877.8687,1495820
2020-12-29,907.392,918.9958,902.611,905.8979,880.6282,1631226
2020-12-30,907.4916,935.2313,893.7463,930.6993,904.7378,2289284
2020-12-31,936.0779,937.1238,917.9002,924.1753,898.3957,2086260
2021-01-01,920.8386,934.2851,916.6054,929.7033,903.7695,1156184
2021-01-04,933.4385,963.1702,933.4385,960.6303,933.8339,2678141
2021-01-05,951.2178,968.1006,943.1996,957.4928,930.7838,1517829
2021-01-06,956.1979,985.5811,951.2676,980.7005,953.3442,2171483
2021-01-07,986.0792,1000.6711,973.3298,989.9139,962.3006,1896450
2021-01-08,995.6909,1019.7951,988.1708,1000.3225,972.4189,2390870
2021-01-11,995.3921,1008.2908,990.5115,1000.3225,972.4189,1254601
2021-01-12,1001.8166,1016.5579,993.7487,1006.2988,978.2283,1557324
2021-01-13,1005.0039,1036.8772,1003.46,1029.2574,1000.5466,2214186
2021-01-14,1030.9009,1036.8274,1009.2869,1016.2094,987.8625,1528096
2021-01-15,1011.0797,1035.1838,997.6332,1028.9586,1000.2562,2034259
2021-01-18,1018.9484,1025.4725,986.9258,995.2427,967.4807,1854738
2021-01-19,998.0316,1048.3317,998.0316,1027.8132,999.1427,4075179
2021-01-20,1023.9286,1034.3871,1010.7809,1030.6021,1001.8538,1534841
2021-01-21,1031.897,1042.8036,1008.4901,1013.0718,984.8126,1273254
2021-01-22,1018.2512,1026.6677,996.0396,1000.0237,972.1284,1033889
2021-01-25,1020.9406,1110.2355,1012.9722,1065.5133,1035.7911,15405089
2021-01-27,1059.7362,1109.9366,1046.8873,1057.3458,1027.8514,6647316
2021-01-28,1036.3792,1071.7385,1034.4369,1063.1726,1033.5159,2845529
2021-01-29,1058.3916,1089.6672,1044.2976,1051.4691,1022.1386,3837388
2021-02-01,1055.8019,1126.3215,1043.202,1121.1919,1089.9166,2107472
2021-02-02,1139.4692,1205.1083,1131.9491,1185.287,1152.2239,4139299
2021-02-03,1173.4342,1200.7257,1167.6073,1186.1337,1153.047,2436735
2021-02-04,1175.3267,1212.6283,1166.4121,1183.793,1150.7714,2669863
2021-02-05,1183.793,1204.0126,1168.3544,1181.4025,1148.4476,1642638
2021-02-08,1181.3029,1215.1682,1180.3069,1206.0046,1172.3635,1963580
2021-02-09,1205.2079,1221.6425,1199.2316,1213.1263,1179.2866,1733956
2021-02-10,1211.1841,1244.0533,1211.1841,1226.5231,1192.3099,3276987
2021-02-11,1218.1564,1239.87,1216.7618,1230.557,1196.2311,1221329
2021-02-12,1239.0732,1249.8304,1216.2141,1237.1807,1202.67,3434991
2021-02-15,1252.0715,1253.6154,1211.9312,1223.0868,1188.9692,1921858
2021-02-16,1229.5112,1252.0217,1220.7461,1238.8242,1204.2676,1567856
2021-02-17,1223.2362,1244.0533,1223.1366,1233.5452,1199.1359,1052775
2021-02-18,1233.5452,1242.7087,1208.1959,1224.78,1190.6151,1542595
2021-02-19,1226.8717,1234.7902,1205.2079,1213.1761,1179.3351,1319734
2021-02-22,1216.6624,1230.1089,1210.188,1225.6267,1191.4384,1133104
2021-02-23,1234.093,1244.9498,1216.7618,1226.6227,1192.4066,1440367
2021-02-24,1234.093,1252.0217,1226.3737,1245.2487,1210.5129,443684
2021-02-25,1253.0177,1283.895,1249.0336,1265.4185,1230.12,1949746
2021-02-26,1250.0297,1264.9702,1186.1337,1196.0443,1162.681,2809674
2021-03-01,1202.1699,1264.9702,1197.4387,1260.9363,1225.7631,1607731
2021-03-02,1269.9504,1293.3573,1256.0059,1289.6222,1253.6487,1961842
2021-03-03,1293.8553,1337.6812,1284.891,1312.8798,1276.2573,2252759
2021-03-04,1300.8276,1354.6138,1295.3494,1345.0518,1307.532,1958602
2021-03-05,1343.4581,1366.2675,1318.7563,1334.0455,1296.8326,2724965
2021-03-08,1334.6432,1362.2833,1326.2765,1338.9261,1301.5774,1406248
2021-03-09,1376.5266,1402.4237,1355.6597,1360.9386,1322.9757,5099085
2021-03-10,1372.5425,1383.8475,1354.6138,1379.5646,1341.082,1090258
2021-03-12,1389.4751,1399.3857,1369.5543,1374.0365,1335.7083,1210907
2021-03-15,1383.4989,1386.3875,1341.6653,1378.6183,1340.1622,974779
2021-03-16,1374.6342,1392.2142,1370.4508,1379.0167,1340.5494,1181261
2021-03-17,1377.1243,1389.3755,1355.9086,1361.6857,1323.7019,1009550
2021-03-18,1386.4871,1394.3557,1366.5663,1382.3037,1343.7448,1797660
2021-03-19,1375.1322,1409.396,1357.6019,1405.6608,1366.4504,2441007
2021-03-22,1413.3801,1422.3445,1395.7004,1408.3003,1369.0161,1593946
2021-03-23,1408.3003,1416.8662,1388.3297,1405.6608,1366.4504,1007993
2021-03-24,1403.4197,1403.4197,1374.1859,1382.1543,1343.5996,1496233
2021-03-25,1378.0208,1394.9036,1348.2391,1367.3132,1329.1725,2174481
2021-03-26,1375.5306,1405.86,1373.5386,1400.0332,1360.9799,1772011
2021-03-30,1410.9896,1435.9404,1390.2222,1416.9658,1377.4401,2584538
2021-03-31,1411.3881,1450.2335,1404.4158,1444.8052,1404.5029,1247057
2021-04-01,1454.2178,1461.1899,1431.259,1448.7395,1408.3274,1275251
2021-04-05,1449.2375,1466.8674,1419.4559,1440.7712,1400.5814,1402086
2021-04-06,1441.2692,1443.5103,1420.3524,1426.8765,1387.0742,739833
2021-04-07,1422.1453,1438.7791,1422.1453,1431.7073,1391.7704,609297
2021-04-08,1441.0699,1457.5046,1427.8724,1442.066,1401.8401,1573056
2021-04-09,1449.2375,1463.5306,1427.1753,1434.2969,1394.2876,1129821
2021-04-12,1412.3342,1419.3065,1362.1339,1371.1481,1332.9004,1328953
2021-04-13,1367.363,1401.1288,1365.1718,1386.6863,1348.0051,1428913
2021-04-15,1387.483,1394.4055,1319.7524,1343.9064,1306.4186,2016916
2021-04-16,1337.6812,1374.5345,1335.689,1347.8407,1310.2432,1443699
2021-04-19,1325.0314,1333.6969,1300.0806,1319.4536,1282.6478,1241897
2021-04-20,1345.749,1367.9109,1276.5243,1286.7834,1250.889,3702862
2021-04-22,1266.8627,1308.4474,1265.269,1295.0507,1258.9258,1876238
2021-04-23,1293.8553,1317.9097,1257.002,1273.0381,1237.5271,2851038
2021-04-26,1279.9108,1315.7682,1279.9108,1307.1525,1270.6899,1238450
2021-04-27,1314.7722,1333.8961,1302.8197,1325.9279,1288.9415,1241249
2021-04-28,1332.1531,1343.6573,1315.9176,1335.8384,1298.5756,1288850
2021-04-29,1349.0359,1364.0762,1327.0234,1345.3506,1307.8224,1800136
2021-04-30,1336.6851,1401.826,1327.7207,1396.1984,1357.2518,3274647
2021-05-03,1391.0688,1419.4061,1368.8074,1408.9478,1369.6455,1793989
2021-05-04,1409.396,1443.1617,1398.4395,1410.3422,1371.0011,2079242
2021-05-05,1414.4757,1449.1877,1399.4355,1415.2726,1375.7941,2165853
2021-05-06,1414.3761,1444.2573,1412.4836,1442.1656,1401.9369,1643323
2021-05-07,1444.2573,1456.1102,1427.6234,1443.8589,1403.583,1272527
2021-05-10,1454.2178,1469.1583,1424.5856,1438.8289,1398.6934,2080852
2021-05-11,1419.3563,1463.1323,1419.3563,1444.4067,1404.1155,1527199
2021-05-12,1446.1996,1450.881,1402.4735,1406.7565,1367.5155,1354561
2021-05-14,1414.3761,1416.3184,1349.4841,1361.5861,1323.605,1245183
2021-05-17,1367.6619,1394.8538,1357.0541,1388.3297,1349.6027,755051
2021-05-18,1399.5352,1422.1951,1380.6104,1386.8855,1348.1986,1049467
2021-05-19,1385.491,1416.2687,1374.933,1384.1962,1345.5845,912471
2021-05-20,1383.4989,1383.4989,1359.6936,1369.8033,1331.5931,886461
2021-05-21,1374.5345,1381.457,1359.594,1366.4169,1328.3011,743088
2021-05-24,1367.2136,1370.9489,1345.251,1365.3212,1327.236,1450921
2021-05-25,1374.5345,1393.7084,1348.8368,1369.4547,1331.2544,3103636
2021-05-26,1379.5148,1426.2788,1375.5804,1403.8181,1364.6592,4319669
2021-05-27,1409.3462,1430.5618,1387.483,1411.5375,1372.1631,4469025
2021-05-28,1422.5437,1474.1385,1415.3722,1459.6461,1418.9298,2700533
2021-05-31,1459.4469,1488.9795,1449.2375,1465.3734,1424.4973,2951302
2021-06-01,1469.756,1473.2919,1431.3088,1438.8289,1398.6934,1122065
2021-06-02,1438.2811,1448.6897,1419.9042,1436.538,1396.4663,1804692
2021-06-03,1439.4763,1458.2019,1430.3625,1452.9727,1412.4425,1010766
2021-06-04,1453.0225,1501.0316,1446.598,1497.2964,1455.5298,2566329
2021-06-07,1512.5857,1524.8867,1489.6768,1495.0553,1453.3513,2501045
2021-06-08,1502.9739,1510.0458,1484.2981,1497.1968,1455.4329,1031475
2021-06-09,1504.1193,1521.8488,1479.1187,1486.1407,1444.6854,1734171
2021-06-10,1485.095,1510.9919,1481.3101,1486.589,1445.1212,879471
2021-06-11,1499.9359,1504.0197,1469.6564,1484.6965,1443.2814,899012
2021-06-14,1475.6326,1491.7684,1451.4288,1487.087,1445.6052,685484
2021-06-15,1489.0791,1508.9999,1482.1068,1489.3281,1447.7838,817869
2021-06-16,1489.5771,1495.6031,1458.1023,1463.3813,1422.5609,921327
2021-06-17,1459.1979,1484.7463,1444.8052,1452.4248,1411.91,798597
2021-06-18,1458.2019,1483.3021,1414.4259,1474.8855,1433.7441,1491403
2021-06-21,1455.5126,1494.9059,1449.2375,1490.7225,1449.1394,1150374
2021-06-22,1494.0593,1514.777,1487.1368,1490.3739,1448.8005,1410254
2021-06-23,1494.0593,1506.2607,1478.1227,1492.8142,1451.1727,977659
2021-06-24,1492.0673,1501.0316,1481.6088,1492.9636,1451.3179,1150441
2021-06-25,1495.7526,1508.9999,1484.0989,1500.8822,1459.0157,1198951
2021-06-28,1508.9999,1540.8732,1506.7588,1514.5778,1472.3292,2457270
2021-06-29,1510.9919,1517.2172,1493.0632,1497.3462,1455.5782,737277
2021-06-30,1497.3462,1503.7209,1485.095,1492.8142,1451.1727,902718
2021-07-01,1497.2964,1502.3762,1483.1029,1494.3582,1452.6735,637573
2021-07-02,1499.0396,1506.958,1481.1108,1483.8499,1442.4585,745289
2021-07-05,1491.5692,1502.0276,1480.1147,1483.8,1442.41,787645
2021-07-06,1485.8419,1518.9603,1485.7922,1491.3202,1449.7202,1828294
2021-07-07,1489.0791,1494.0593,1470.1543,1487.9337,1446.4285,1123558
2021-07-08,1490.8719,1492.8142,1466.3694,1469.6066,1428.6124,1079337
2021-07-09,1469.1583,1502.0276,1455.2137,1494.2087,1452.5282,801755
2021-07-12,1501.0316,1534.5981,1501.0316,1530.0662,1487.3855,1866434
2021-07-13,1533.9009,1575.8839,1531.9088,1570.4058,1526.5997,2184726
2021-07-14,1569.2603,1573.7424,1556.9592,1561.5908,1518.0308,705279
2021-07-15,1561.79,1573.4934,1546.9988,1551.0825,1507.8156,911522
2021-07-16,1558.6027,1573.0453,1541.9189,1566.073,1522.3879,853187
2021-07-19,1552.6265,1569.3599,1538.7317,1552.6265,1509.3164,562032
2021-07-20,1552.0288,1581.2626,1532.8053,1567.8658,1524.1307,1735941
2021-07-22,1588.6831,1593.1653,1566.9694,1575.7843,1531.8282,986602
2021-07-23,1573.7424,1582.657,1539.0305,1543.3633,1500.3118,1414915
2021-07-26,1543.3633,1560.0469,1534.9468,1544.1104,1501.0378,1014895
2021-07-27,1545.0565,1558.005,1507.0078,1512.6853,1470.4895,772365
2021-07-28,1521.9484,1531.1617,1480.1147,1527.4764,1484.8682,1298575
2021-07-29,1536.889,1551.4312,1516.9683,1538.4827,1495.5673,1223764
2021-07-30,1531.61,1559.798,1515.6235,1545.2059,1502.103,1130851
2021-08-02,1558.8019,1607.807,1552.4771,1585.3463,1541.1238,2029644
2021-08-03,1568.7623,1593.5636,1538.3831,1586.0934,1541.8499,1650483
2021-08-04,1583.7029,1598.8925,1530.9625,1548.692,1505.4919,1252484
2021-08-05,1532.9048,1546.8494,1518.9603,1531.3112,1488.5958,718574
2021-08-06,1538.4827,1547.3474,1514.1793,1524.9365,1482.3989,688396
2021-08-09,1538.8811,1540.8732,1500.5834,1506.1611,1464.1472,611589
2021-08-10,1513.9801,1513.9801,1472.0967,1484.6965,1443.2814,933609
2021-08-11,1478.1227,1510.8923,1474.1385,1496.4498,1454.7068,1273342
2021-08-12,1493.8601,1508.9999,1482.7543,1486.3898,1453.6354,508925
2021-08-13,1487.3859,1526.3807,1479.6167,1490.9716,1458.1162,2451296
2021-08-16,1492.9636,1518.9603,1481.5092,1484.9954,1452.2717,932948
2021-08-17,1490.5731,1492.615,1454.3174,1475.1345,1442.6281,1095272
2021-08-18,1476.3298,1502.8245,1474.1385,1495.2545,1462.3047,891871
2021-08-20,1484.0491,1497.3462,1469.1583,1478.7701,1446.1836,777228
2021-08-23,1489.0791,1493.3123,1426.3286,1434.9443,1403.3235,1168369
2021-08-24,1438.2811,1456.2098,1434.9443,1454.3672,1422.3184,916666
2021-08-25,1460.692,1466.8176,1440.3728,1441.9664,1410.191,842972
2021-08-26,1440.3728,1453.9688,1424.3864,1433.3507,1401.7651,940660
2021-08-27,1438.2811,1462.186,1437.2352,1452.5244,1420.5162,899807
2021-08-30,1459.1979,1477.1266,1456.2098,1465.3236,1433.0333,767630
2021-08-31,1476.1306,1498.4419,1461.8374,1494.4578,1461.5256,1662849
2021-09-01,1504.0197,1508.5018,1474.3378,1480.1147,1447.4984,666666
2021-09-02,1484.0989,1501.0316,1479.1187,1493.3123,1460.4053,1022291
2021-09-03,1504.0197,1513.9303,1486.589,1504.4679,1471.3151,1140167
2021-09-06,1506.0117,1560.7939,1506.0117,1524.9365,1491.3326,2520316
2021-09-07,1531.9088,1551.73,1508.7509,1548.2937,1514.1752,1162828
2021-09-08,1555.8137,1602.2791,1546.2518,1570.4556,1535.8485,4094362
2021-09-09,1573.593,1596.6514,1563.7821,1591.5715,1556.4993,845937
2021-09-13,1603.6237,1607.1097,1573.2942,1599.9882,1564.7305,971858
2021-09-14,1603.6237,1613.4845,1587.687,1605.4165,1570.0392,1087072
2021-09-15,1608.6039,1616.2235,1583.7029,1600.4363,1565.1686,1003371
2021-09-16,1608.6039,1611.5919,1567.7662,1572.1986,1537.5531,855454
2021-09-17,1580.9637,1603.4244,1556.1624,1562.5868,1528.1532,1964523
2021-09-20,1558.8019,1561.3418,1522.4962,1529.5183,1495.8134,777241
2021-09-21,1528.9207,1558.8019,1520.6536,1550.9829,1516.8051,771658
2021-09-22,1545.1561,1576.382,1540.8234,1568.4137,1533.8518,920391
2021-09-23,1572.4476,1618.5642,1567.2184,1600.4861,1565.2174,1218521
2021-09-24,1608.6039,1651.4336,1608.6039,1623.2954,1587.524,2009800
2021-09-27,1628.6243,1650.6865,1615.7754,1642.27,1606.0806,912417
2021-09-28,1646.4534,1677.9282,1634.6005,1642.2202,1606.0319,1569131
2021-09-29,1635.4969,1671.8524,1628.5745,1663.2864,1626.6338,821908
2021-09-30,1653.4257,1687.5898,1653.4257,1662.8383,1626.1956,1081824
2021-10-01,1653.3759,1680.9661,1629.0227,1670.5077,1633.696,705296
2021-10-04,1645.4573,1648.296,1614.5801,1634.6503,1598.6287,1154208
2021-10-05,1634.6503,1646.9016,1616.5721,1620.5563,1584.8452,543442
2021-10-06,1614.5801,1633.5049,1585.6949,1592.6672,1557.5708,1041144
2021-10-07,1602.5778,1620.5563,1583.7029,1585.6949,1550.7522,3216011
2021-10-08,1589.6791,1610.3967,1585.3463,1592.468,1557.3759,696357
2021-10-11,1600.6355,1658.9038,1600.5857,1645.2083,1608.9539,1703912
2021-10-12,1645.2083,1658.4059,1622.1002,1631.1642,1595.2194,771610
2021-10-13,1631.1642,1706.4647,1616.3729,1670.4081,1633.5985,1353155
2021-10-14,1673.3464,1767.9702,1673.3464,1745.5593,1707.0938,2318372
2021-10-18,1755.0216,1791.2775,1739.0851,1747.0035,1708.5062,1339088
2021-10-19,1750.0415,1763.4382,1704.7715,1711.0963,1673.3901,551969
2021-10-20,1703.3273,1717.1223,1675.1393,1685.7969,1648.6482,837973
2021-10-21,1702.63,1747.0533,1683.3566,1738.8859,1700.5675,1374606
2021-10-22,1741.6747,1757.7607,1703.3273,1707.0126,1669.3964,719097
2021-10-25,1693.2672,1712.8892,1662.5394,1703.875,1666.3279,576094
2021-10-26,1710.1998,1760.0018,1697.5004,1732.5111,1694.333,1340095
2021-10-27,1737.0929,1747.7008,1715.8773,1721.5547,1683.618,527976
2021-10-28,1729.0748,1729.0748,1685.8467,1695.6577,1658.2917,652099
2021-10-29,1698.2474,1735.5989,1668.8145,1714.2837,1676.5074,1156691
2021-11-01,1715.1801,1788.7375,1712.3911,1781.9147,1742.6479,1416529
2021-11-02,1784.9028,1797.8513,1730.6187,1737.1427,1698.8625,1121991
2021-11-03,1738.089,1786.0981,1728.3278,1778.4784,1739.2875,1007472
2021-11-04,1789.8831,1792.8712,1778.4784,1784.5044,1745.1805,95576
2021-11-08,1784.5044,1849.745,1772.4524,1841.6273,1801.0447,1498465
2021-11-09,1843.6692,1872.4547,1841.2289,1856.4683,1815.5587,1049506
2021-11-10,1839.5854,1871.9567,1834.7048,1867.0264,1825.884,507309
2021-11-11,1870.363,1885.5028,1824.5452,1837.0455,1796.5638,949302
2021-11-12,1850.5419,1867.5741,1835.2029,1851.0897,1810.2986,1157525
2021-11-15,1851.6873,1882.465,1832.7626,1848.5,1807.7659,653718
2021-11-16,1852.6335,1867.5741,1809.8038,1815.9294,1775.9132,518987
2021-11-17,1818.0709,1818.0709,1779.5741,1785.5503,1746.2034,669416
2021-11-18,1776.1377,1804.7738,1756.3663,1767.4722,1728.5237,477111
2021-11-22,1762.4421,1791.1779,1743.0692,1771.2571,1732.2251,748099
2021-11-23,1771.9543,1797.3534,1758.458,1776.2871,1737.1444,1470853
2021-11-24,1782.9108,1786.8451,1727.2322,1740.0313,1701.6874,698612
2021-11-25,1709.2039,1765.9781,1709.2039,1759.7528,1720.9742,708577
2021-11-26,1750.3403,1750.8881,1672.3503,1683.4064,1646.3104,751240
2021-11-29,1673.3464,1713.2876,1636.1941,1677.2808,1640.3196,1454309
2021-11-30,1673.3464,1702.879,1643.764,1655.866,1619.3768,1649983
2021-12-01,1660.3979,1687.6893,1646.802,1672.948,1636.0825,867171
2021-12-02,1669.9598,1743.119,1666.8224,1717.0227,1679.1859,984813
2021-12-03,1728.3776,1735.2004,1691.3748,1697.1517,1659.7528,921208
2021-12-06,1694.2633,1711.7936,1650.5869,1654.1726,1617.7209,851251
2021-12-07,1660.3979,1690.2791,1660.3979,1678.8744,1641.8783,824437
2021-12-08,1693.2672,1735.1008,1687.291,1709.4529,1671.783,1008502
2021-12-09,1722.9492,1723.1484,1695.2593,1715.9271,1678.1145,653385
2021-12-10,1708.2078,1750.2407,1708.2078,1742.2723,1703.879,973292
2021-12-13,1755.0216,1762.6912,1720.4093,1725.5887,1687.5632,716279
2021-12-14,1708.2078,1737.9894,1703.6758,1715.1801,1677.3838,615369
2021-12-15,1708.2078,1725.1405,1691.2751,1697.6498,1660.2399,573823
2021-12-16,1705.1201,1732.9594,1695.1597,1710.4987,1672.8054,886870
2021-12-17,1698.7953,1707.8094,1649.6406,1659.2026,1622.64,617780
2021-12-20,1649.2423,1649.2423,1594.6593,1610.0481,1574.5686,948588
2021-12-21,1611.7413,1662.1908,1611.7413,1629.9689,1594.0504,949077
2021-12-22,1641.3735,1655.4177,1622.7476,1632.1104,1596.1447,899027
2021-12-23,1640.4772,1663.2864,1629.67,1653.0272,1616.6008,1111226
2021-12-24,1653.6249,1661.3939,1588.9321,1604.5201,1569.1626,1124342
2021-12-27,1594.1613,1609.8489,1585.8942,1596.2031,1561.0286,1202016
2021-12-28,1610.5959,1632.9072,1605.6157,1615.5264,1579.9263,1432912
2021-12-29,1617.5682,1632.4092,1591.6711,1598.2948,1563.0743,755567
2021-12-30,1598.6434,1613.8828,1581.2626,1587.3384,1552.3594,1165542
2021-12-31,1596.751,1637.489,1594.2111,1615.8252,1580.2184,1663106
2022-01-03,1623.2954,1660.2485,1610.5959,1655.0193,1618.5486,628963
2022-01-04,1664.3821,1689.7811,1651.4336,1685.299,1648.1614,895183
2022-01-05,1678.3267,1746.1569,1677.3306,1740.1309,1701.7847,1771249
2022-01-06,1739.1847,1739.1847,1703.8252,1713.7358,1675.9717,1158707
2022-01-07,1715.1801,1799.8434,1715.1801,1790.5305,1751.074,2905803
2022-01-10,1802.8315,1837.693,1786.4965,1831.5673,1791.2063,1468479
2022-01-11,1826.8859,1863.59,1813.788,1839.5854,1799.0479,1416519
2022-01-12,1850.5917,1870.0144,1837.693,1866.5781,1825.4457,701250
2022-01-13,1872.5543,1875.5425,1842.6731,1849.496,1808.74,844542
2022-01-14,1852.5339,1860.3528,1825.093,1849.9442,1809.1783,1239491
2022-01-17,1849.9442,1921.3602,1838.689,1911.1011,1868.9875,1256235
2022-01-18,1920.3145,1922.1571,1835.4021,1844.9142,1804.2592,945496
2022-01-19,1837.693,1856.5181,1789.1858,1799.3455,1759.6946,809295
2022-01-20,1809.8038,1829.4756,1806.4174,1823.7484,1783.5598,716176
2022-01-21,1821.7563,1821.7563,1771.9543,1785.0024,1745.6677,527053
2022-01-24,1784.7036,1784.7036,1677.3306,1684.004,1646.8947,1022826
2022-01-25,1661.9916,1719.3634,1651.4834,1714.4829,1676.7023,837999
2022-01-27,1690.3787,1693.2672,1653.5253,1680.3685,1643.3394,817874
2022-01-28,1693.2672,1729.4733,1684.3527,1690.2791,1653.0316,1141606
2022-01-31,1699.1438,1730.1207,1695.2593,1720.6583,1682.7415,513199
2022-02-01,1729.7223,1769.9125,1710.2994,1764.3346,1725.4551,1145245
2022-02-02,1772.9503,1782.9108,1756.0177,1771.0579,1732.0303,691679
2022-02-03,1772.0042,1778.9266,1715.1801,1725.8376,1687.8066,482344
2022-02-04,1725.8376,1758.0098,1720.3595,1728.4274,1690.3391,571680
2022-02-07,1718.218,1742.7206,1693.2672,1705.5684,1667.984,483211
2022-02-08,1714.5327,1721.1564,1678.725,1710.9967,1673.2927,423296
2022-02-09,1711.2955,1739.0851,1706.2157,1732.8099,1694.6254,455811
2022-02-10,1719.7618,1764.2848,1719.7618,1761.5458,1722.7279,624867
2022-02-11,1743.0692,1753.0295,1695.2593,1703.377,1665.8409,987534
2022-02-14,1689.8807,1689.8807,1629.1721,1636.4431,1600.382,828020
2022-02-15,1652.7284,1709.0046,1611.6417,1705.3193,1667.7405,1199604
2022-02-16,1708.0085,1743.0194,1705.7675,1714.4829,1676.7023,1208851
2022-02-17,1731.0669,1744.8621,1693.2672,1704.4727,1666.9126,1071634
2022-02-18,1695.2593,1733.0092,1691.2751,1715.9271,1678.1145,1205180
2022-02-21,1697.2513,1729.8717,1680.6674,1685.7471,1648.5994,1035748
2022-02-22,1630.6661,1683.0081,1630.6661,1677.48,1640.5144,884474
2022-02-23,1683.4064,1697.2513,1656.5631,1663.1868,1626.5364,675772
2022-02-24,1618.5642,1646.4036,1528.9207,1538.2336,1504.3367,1260593
2022-02-25,1573.7424,1592.468,1553.9711,1561.6406,1527.2278,1125821
2022-02-28,1546.3514,1598.0458,1532.3571,1592.1692,1557.0836,1217106
2022-03-02,1565.7742,1576.4816,1532.4069,1542.3672,1508.3792,1150949
2022-03-03,1551.8296,1571.3519,1490.2744,1497.645,1464.6426,1150368
2022-03-04,1479.1187,1508.9003,1441.2692,1471.748,1439.3162,1633853
2022-03-07,1439.2771,1469.8556,1404.1169,1440.821,1409.0707,927442
2022-03-08,1434.2969,1459.8951,1401.6268,1452.4248,1420.4188,819693
2022-03-09,1459.8951,1502.7249,1437.7831,1487.4357,1454.6581,1697970
2022-03-10,1543.8613,1568.7623,1525.0361,1548.7418,1514.6133,1492221
2022-03-11,1547.5964,1569.6587,1534.897,1560.0469,1525.6692,1206952
2022-03-14,1550.0367,1577.6769,1539.7775,1571.2523,1536.6277,550221
2022-03-15,1566.7701,1592.3684,1551.4312,1558.0548,1523.7211,916893
2022-03-16,1573.2942,1609.4504,1569.9575,1597.6973,1562.4897,1406631
2022-03-17,1613.5841,1650.1885,1605.6157,1613.4347,1577.8806,2739045
2022-03-21,1600.6355,1608.056,1550.2858,1563.2343,1528.7864,1291439
2022-03-22,1563.2343,1584.649,1519.0599,1576.2325,1541.4982,1017766
2022-03-23,1588.1851,1588.6831,1558.1046,1575.8341,1541.1085,844629
2022-03-24,1570.7544,1597.5479,1562.8856,1593.0657,1557.9606,1080721
2022-03-25,1595.1573,1605.6157,1567.9655,1584.7487,1549.8267,662852
2022-03-28,1588.4839,1610.5461,1568.9614,1604.5699,1569.2112,1283149
2022-03-29,1612.588,1632.1104,1600.5857,1617.2694,1581.6309,1743946
2022-03-30,1631.5128,1671.3046,1626.0844,1661.0951,1624.4907,1510711
2022-03-31,1663.386,1671.952,1643.764,1657.4098,1620.8867,781390
2022-04-01,1654.6208,1674.193,1651.4336,1663.3362,1626.6825,844681
2022-04-04,1660.3979,1681.3147,1652.4296,1673.0476,1636.1798,808254
2022-04-05,1681.3147,1705.2197,1662.9379,1695.5581,1658.1942,1206116
2022-04-06,1693.2672,1710.4987,1686.7432,1693.0182,1655.7103,448766
2022-04-07,1682.8088,1693.2672,1661.3939,1675.2887,1638.3716,867367
2022-04-08,1669.3623,1778.7274,1669.3623,1764.235,1725.3578,2508015
2022-04-11,1777.6317,1823.6488,1757.7109,1812.9414,1772.991,3289420
2022-04-12,1794.8633,1807.8118,1743.0692,1748.5474,1710.0157,1507804
2022-04-13,1750.0415,1770.9583,1731.5151,1758.9561,1720.1953,839407
2022-04-18,1754.0256,1760.3007,1718.2678,1734.4037,1696.1838,466583
2022-04-19,1747.0533,1769.9623,1693.3668,1713.5864,1675.8252,747891
2022-04-20,1711.4948,1752.0336,1710.2496,1729.7223,1691.6057,678130
2022-04-21,1738.089,1762.9402,1727.6306,1757.2627,1718.5392,711001
2022-04-22,1741.0771,1747.0533,1703.2277,1710.0505,1672.3673,900053
2022-04-25,1681.3147,1699.094,1671.703,1686.9922,1649.8173,453315
2022-04-26,1698.2474,1723.1484,1688.287,1711.1959,1673.4875,753432
2022-04-27,1689.2831,1702.7296,1670.3583,1693.4664,1656.1488,426076
2022-04-28,1710.1998,1714.1841,1683.3068,1705.1201,1667.5457,814436
2022-04-29,1709.6023,1731.6646,1678.4263,1685.5977,1648.4534,1115565
2022-05-02,1669.3623,1682.261,1650.6367,1672.8982,1636.0337,438839
2022-05-04,1673.446,1696.7533,1608.9525,1615.8252,1580.2184,607695
2022-05-05,1625.4867,1638.3854,1595.1573,1600.5359,1565.266,524858
2022-05-06,1584.1013,1598.0458,1544.9071,1559.3995,1525.0361,527671
2022-05-09,1543.8115,1567.4176,1530.5144,1545.6044,1511.5452,965410
2022-05-10,1544.8573,1569.6089,1528.3231,1535.9926,1502.145,856641
2022-05-11,1535.8929,1557.5071,1502.0774,1529.2693,1495.5698,840087
2022-05-12,1520.9524,1523.9404,1457.4548,1479.9653,1447.3525,693593
2022-05-13,1497.645,1511.9382,1460.1442,1469.2579,1436.8809,489395
2022-05-16,1469.1583,1490.9716,1431.9065,1446.4984,1414.6229,814351
2022-05-17,1450.2335,1484.0989,1442.3151,1475.533,1443.0177,772250
2022-05-18,1484.0989,1503.3723,1470.3037,1481.4594,1448.8135,776063
2022-05-19,1464.1781,1465.1244,1440.821,1452.0265,1420.0291,525816
2022-05-20,1466.1702,1515.9722,1462.4351,1482.4554,1449.7876,645075
2022-05-23,1480.1147,1504.4679,1446.2494,1451.6281,1419.6396,959790
2022-05-24,1452.2256,1461.1899,1374.5345,1397.1945,1366.4055,1863231
2022-05-25,1394.4553,1438.9783,1351.4264,1370.1022,1339.9102,3390982
2022-05-26,1386.4871,1395.302,1334.942,1387.0349,1356.4698,1562780
2022-05-27,1404.4158,1417.3145,1372.5923,1391.1685,1360.5123,1274718
2022-05-30,1404.4158,1443.2612,1397.5431,1435.293,1403.6644,784377
2022-05-31,1442.5143,1449.4866,1414.2267,1422.9421,1391.5857,2034013
2022-06-01,1419.3563,1444.2573,1407.0055,1430.8606,1399.3298,871147
2022-06-02,1443.2612,1443.2612,1409.9935,1426.8765,1395.4333,888795
2022-06-03,1429.3168,1435.8408,1324.7823,1334.1451,1304.7456,4829454
2022-06-06,1328.7168,1334.693,1304.8118,1321.4457,1292.326,2364329
2022-06-07,1309.792,1331.7048,1292.3613,1321.3959,1292.2772,2011482
2022-06-08,1331.7048,1349.6335,1302.2719,1323.4875,1294.3228,2671127
2022-06-09,1321.7445,1321.7445,1296.8435,1303.9154,1275.1819,1360831
2022-06-10,1284.891,1326.5255,1280.9567,1321.2465,1292.1311,1149961
2022-06-13,1294.8514,1310.2402,1280.5582,1287.4309,1259.0608,1204017
2022-06-14,1293.8553,1316.316,1281.0065,1304.1643,1275.4254,1069818
2022-06-15,1314.1248,1335.689,1302.7699,1326.4259,1297.1965,1062150
2022-06-16,1339.6732,1342.5616,1272.9883,1279.9606,1251.755,954602
2022-06-17,1281.8032,1301.5747,1271.5441,1284.9408,1256.6255,1027138
2022-06-20,1284.9906,1316.2662,1279.9108,1310.7881,1281.9031,670772
2022-06-21,1325.7286,1334.693,1311.3358,1328.8163,1299.5342,582021
2022-06-22,1322.8401,1325.7286,1305.5588,1319.6528,1290.5725,506446
2022-06-23,1328.7168,1336.4858,1293.955,1310.8379,1281.9519,829824
2022-06-24,1315.2205,1334.693,1306.0569,1318.0093,1288.9653,761751
2022-06-27,1334.693,1349.9324,1326.7246,1343.9562,1314.3405,1127432
2022-06-28,1338.6771,1348.4882,1321.4457,1337.731,1308.2524,661031
2022-06-29,1325.131,1354.5142,1313.5769,1318.0093,1288.9653,1556138
2022-06-30,1326.1271,1332.0535,1304.9114,1315.5192,1286.53,1138089
2022-07-01,1314.7722,1344.6533,1300.1304,1341.9143,1312.3435,518559
2022-07-04,1334.693,1352.2233,1326.3263,1345.4502,1315.8014,787143
2022-07-05,1349.6335,1372.3433,1340.0715,1344.4044,1314.7787,704841
2022-07-06,1353.7671,1369.7535,1340.2708,1364.2256,1334.1631,709046
2022-07-07,1376.5266,1386.3875,1362.6318,1369.4049,1339.2283,546507
2022-07-08,1376.7258,1401.4276,1376.7258,1385.8396,1355.3009,1079820
2022-07-11,1382.5527,1405.4117,1368.5583,1400.4316,1369.5713,761236
2022-07-12,1385.74,1395.7004,1370.8492,1374.5844,1344.2936,318839
2022-07-13,1386.2878,1400.6307,1382.8016,1393.6088,1362.8987,470489
2022-07-14,1397.4435,1402.4237,1375.1322,1386.2878,1355.7393,380844
2022-07-15,1393.2601,1401.4276,1383.3993,1392.6625,1361.9734,288785
2022-07-18,1403.4197,1425.4321,1400.5313,1422.6433,1391.2936,606107
2022-07-19,1412.384,1440.2234,1412.384,1436.4882,1404.8333,764754
2022-07-20,1459.0485,1459.1481,1432.3048,1435.9404,1404.2976,810415
2022-07-21,1439.2771,1461.9868,1436.4385,1458.7996,1426.653,780126
2022-07-22,1459.1979,1523.9404,1451.3292,1515.3247,1481.9325,1650074
2022-07-25,1515.3247,1515.3247,1476.031,1492.5652,1459.6746,1205285
2022-07-26,1492.5652,1511.4402,1479.2183,1508.8505,1475.6012,882250
2022-07-27,1507.8047,1555.6145,1506.958,1540.7238,1506.7719,1287079
2022-07-28,1549.8375,1560.8438,1531.9586,1544.4589,1510.4247,966093
2022-07-29,1550.2858,1581.412,1548.941,1566.7701,1532.2443,804695
2022-08-01,1570.1567,1583.0554,1553.8715,1562.1884,1527.7634,556560
2022-08-02,1553.8715,1588.1851,1545.8534,1583.5535,1548.6578,907650
2022-08-03,1585.7946,1598.1952,1561.3916,1580.5653,1545.7357,539764
2022-08-04,1593.5138,1595.3566,1555.017,1573.0951,1538.4299,720561
2022-08-05,1580.9637,1609.5002,1575.8341,1591.97,1556.8889,951109
2022-08-08,1591.1732,1600.6853,1578.7227,1592.3186,1557.2299,461663
2022-08-10,1588.7827,1609.7991,1580.2167,1604.5201,1569.1626,567647
2022-08-11,1613.5841,1613.6339,1586.691,1593.713,1568.3291,451982
2022-08-12,1601.7312,1646.4534,1583.7029,1616.1737,1590.4323,1803740
2022-08-16,1625.0385,1628.3752,1536.5404,1585.2467,1559.9978,1431538
2022-08-17,1593.6632,1632.459,1589.7289,1610.1477,1584.5021,1052538
2022-08-18,1601.6316,1615.1777,1579.7188,1607.3588,1581.7577,1010974
2022-08-19,1613.5343,1615.5762,1587.7866,1599.4901,1574.0144,815549
2022-08-22,1592.6672,1592.6672,1547.5964,1557.9054,1533.0919,962565
2022-08-23,1551.8296,1601.1335,1540.8234,1589.1312,1563.8204,1878454
2022-08-24,1588.6831,1610.7454,1568.812,1605.8647,1580.2874,907999
2022-08-25,1610.5959,1640.8755,1609.6497,1618.4148,1592.6376,872154
2022-08-26,1623.4946,1680.767,1623.4946,1668.6152,1642.0385,1352886
2022-08-29,1627.5286,1675.3385,1607.7074,1657.4596,1631.0605,1007459
2022-08-30,1663.5852,1685.299,1663.5852,1672.0017,1645.371,830049
2022-09-01,1653.9237,1699.6917,1653.8241,1678.3267,1651.5952,1368943
2022-09-02,1678.725,1690.7771,1663.4358,1681.2151,1654.4376,601416
2022-09-05,1686.2451,1707.4608,1673.3464,1703.9746,1676.8347,790436
2022-09-06,1697.2513,1723.8954,1697.2513,1716.226,1688.8909,833826
2022-09-07,1703.2277,1748.0494,1703.2277,1743.2186,1715.4537,800842
2022-09-08,1750.3403,1765.4801,1743.119,1762.8406,1734.7631,608734
2022-09-09,1765.4801,1790.6799,1735.3499,1741.3262,1713.5913,695716
2022-09-12,1740.0811,1764.9821,1740.0811,1761.4462,1733.3907,420084
2022-09-13,1763.986,1801.4869,1763.986,1782.5621,1754.1704,812176
2022-09-14,1757.0138,1791.7257,1757.0138,1775.7393,1747.4563,710550
2022-09-15,1778.9266,1809.0568,1769.8627,1801.1383,1772.4507,1078073
2022-09-16,1792.7716,1798.8474,1719.0646,1737.6906,1710.0135,1031783
2022-09-19,1733.1088,1755.9679,1719.7618,1742.4218,1714.6694,517380
2022-09-20,1753.0295,1760.9481,1724.3436,1734.7522,1707.1219,1023132
2022-09-21,1732.1128,1742.3719,1703.2277,1713.0386,1685.7543,1131988
2022-09-22,1713.0386,1729.1246,1690.0798,1725.8376,1698.3494,477972
2022-09-23,1726.1365,1727.6306,1683.3068,1690.6775,1663.7494,638948
2022-09-26,1670.4081,1686.2949,1645.9553,1658.854,1632.4326,784059
2022-09-27,1658.4059,1690.2292,1637.4392,1675.8365,1649.1447,571532
2022-09-28,1658.4059,1681.0657,1647.7482,1662.5394,1636.0593,550298
2022-09-29,1670.8563,1683.1575,1644.7601,1649.2423,1622.9741,543934
2022-09-30,1676.3346,1690.2791,1647.3995,1668.2168,1641.6462,815263
2022-10-03,1664.3821,1674.7906,1621.6022,1629.9689,1604.0076,474878
2022-10-04,1661.1947,1681.9124,1644.8597,1677.231,1650.517,515663
2022-10-06,1685.6475,1698.2474,1668.3662,1676.4341,1649.7329,616095
2022-10-07,1668.3662,1696.1558,1648.4454,1691.1755,1664.2395,691354
2022-10-10,1675.3385,1681.2649,1650.6367,1667.3204,1640.7643,771385
2022-10-11,1674.5416,1675.3385,1630.7159,1637.9871,1611.8981,409456
2022-10-12,1645.4573,1670.3583,1624.8394,1665.0295,1638.5098,412162
2022-10-13,1663.5852,1678.0776,1633.5049,1673.0974,1646.4492,751063
2022-10-14,1692.2711,1708.4568,1681.1155,1688.8348,1661.936,568187
2022-10-17,1683.3068,1702.2316,1668.6152,1684.4523,1657.6233,711250
2022-10-18,1692.9186,1693.9645,1673.6453,1681.5637,1654.7808,471745
2022-10-19,1684.3029,1705.8671,1670.8563,1677.6792,1650.958,1082577
2022-10-20,1676.7827,1688.038,1661.5433,1682.261,1655.4669,430634
2022-10-21,1683.257,1708.158,1662.5892,1670.4081,1643.8026,471477
2022-10-24,1688.287,1701.2355,1683.3068,1692.3209,1665.3667,56288
2022-10-25,1689.7811,1722.1523,1686.1953,1707.9089,1680.7063,708672
2022-10-27,1722.9492,1733.6068,1714.0347,1717.6204,1690.2631,568780
2022-10-28,1723.0488,1731.1167,1665.2784,1677.5298,1650.811,443761
2022-10-31,1685.9463,1723.1484,1681.8127,1714.8812,1687.5676,594266
2022-11-01,1721.3555,1762.99,1721.3555,1754.3245,1726.3826,862642
2022-11-02,1754.3245,1775.8887,1745.0613,1753.0793,1725.1572,682110
2022-11-03,1743.1688,1764.9323,1728.6764,1738.7365,1711.0428,370943
2022-11-04,1744.0652,1764.9821,1736.1467,1758.1094,1730.1072,445790
2022-11-07,1763.986,1787.9906,1755.3702,1768.1694,1740.007,772139
2022-11-09,1786.8451,1786.8451,1726.4851,1738.587,1710.8958,616980
2022-11-10,1733.1088,1733.2084,1689.0341,1697.7992,1670.7576,613431
2022-11-11,1706.3153,1732.0132,1688.8348,1701.6837,1674.5803,1083107
2022-11-14,1704.2236,1749.9419,1700.4885,1741.5751,1713.8363,1571362
2022-11-15,1741.5751,1749.4937,1704.3232,1726.6345,1699.1338,1013411
2022-11-16,1729.1246,1743.0194,1698.2474,1720.6583,1693.2527,903821
2022-11-17,1717.0725,1717.0725,1690.2791,1703.875,1676.7367,638353
2022-11-18,1707.2118,1716.6244,1674.6412,1702.0822,1674.9723,753543
2022-11-21,1692.7194,1701.2355,1669.3623,1675.7369,1649.0468,417544
2022-11-22,1681.1155,1710.0505,1675.3385,1692.9684,1666.0038,792650
2022-11-23,1698.1478,1706.8632,1686.8926,1695.8071,1668.7972,515987
2022-11-24,1703.1281,1726.8337,1691.2751,1716.6244,1689.2828,861243
2022-11-25,1723.1484,1732.1128,1699.1936,1728.278,1700.7509,584168
2022-11-28,1716.4252,1737.0431,1706.7635,1710.15,1682.9116,410415
2022-11-29,1713.188,1725.1405,1707.8591,1712.3413,1685.068,494662
2022-11-30,1718.3674,1761.5956,1718.3674,1752.7805,1724.8633,1137756
2022-12-01,1762.99,1800.2418,1753.0295,1792.8214,1764.2662,898588
2022-12-02,1789.6838,1817.4734,1778.9266,1812.4434,1783.5758,1357654
2022-12-05,1820.561,1829.7246,1805.6205,1808.9572,1780.1449,837283
2022-12-06,1806.8157,1822.7523,1792.8712,1818.818,1789.8489,631065
2022-12-07,1829.7246,1832.2147,1792.8712,1801.0387,1772.3528,657577
2022-12-08,1801.0387,1818.0709,1798.8972,1805.2719,1776.5186,334379
2022-12-09,1812.2441,1828.2804,1781.2175,1792.7716,1764.2174,523232
2022-12-12,1795.8593,1811.9951,1769.016,1808.1106,1779.312,457733
2022-12-13,1809.8038,1817.7721,1795.5604,1803.6284,1774.9011,452455
2022-12-14,1807.8118,1826.6868,1804.0767,1814.6346,1785.7321,535865
2022-12-15,1815.5808,1818.0709,1770.9583,1779.823,1751.475,319014
2022-12-16,1771.9543,1783.0104,1745.0613,1749.394,1721.5308,711870
2022-12-19,1745.0613,1762.8904,1737.0929,1758.8066,1730.7933,313190
2022-12-20,1755.0216,1756.964,1722.7998,1751.9838,1724.0791,443027
2022-12-21,1753.5774,1765.3805,1721.007,1726.0369,1698.5454,411544
2022-12-22,1739.0851,1748.7964,1719.214,1737.9396,1710.2585,421636
2022-12-23,1718.1682,1738.9855,1698.1976,1702.3312,1675.2174,358698
2022-12-26,1704.8213,1734.1049,1697.2513,1722.2021,1694.7719,385645
2022-12-27,1730.8179,1741.8739,1721.2062,1732.5111,1704.9166,236578
2022-12-28,1724.1444,1761.0975,1724.1444,1745.6091,1717.806,362774
2022-12-29,1738.9855,1753.0295,1714.1841,1745.8083,1718.0021,384501
2022-12-30,1748.3979,1764.4342,1711.3453,1716.6742,1689.3319,296853
2023-01-02,1718.5667,1741.0771,1713.188,1724.4432,1696.9773,312125
2023-01-03,1717.6702,1735.3997,1705.618,1710.2496,1683.0098,548701
2023-01-04,1715.5785,1721.1564,1678.8246,1683.6056,1656.7902,435968
2023-01-05,1692.072,1701.0862,1669.91,1691.574,1664.6316,487184
2023-01-06,1692.1715,1692.9186,1658.4059,1673.9441,1647.2825,587219
2023-01-09,1693.1676,1693.1676,1655.9158,1666.9718,1640.4213,656429
2023-01-10,1667.3204,1678.0278,1626.7318,1644.4613,1618.2692,594512
2023-01-11,1644.9594,1652.2802,1621.652,1628.5745,1602.6355,646333
2023-01-12,1633.1064,1658.4059,1625.6361,1635.8954,1609.8397,908677
2023-01-13,1641.9214,1664.8303,1634.6503,1648.545,1622.2881,637882
2023-01-16,1652.9276,1661.7924,1633.5049,1641.9712,1615.8187,360571
2023-01-17,1635.4969,1659.4019,1635.4969,1654.1228,1627.7769,514997
2023-01-18,1661.3939,1680.1195,1657.36,1669.8602,1643.2635,716978
2023-01-19,1667.3702,1686.2949,1662.0414,1670.2587,1643.6556,624177
2023-01-20,1670.2587,1680.767,1645.7063,1648.7941,1622.533,317042
2023-01-23,1656.4137,1661.1947,1608.9525,1624.8394,1598.9598,675068
2023-01-24,1627.5286,1631.463,1586.8901,1596.8506,1571.4167,450813
2023-01-25,1596.8506,1604.5699,1575.9835,1587.438,1562.1542,503547
2023-01-27,1587.6372,1596.1533,1543.3633,1572.1986,1547.1575,915505
2023-01-30,1573.593,1599.9882,1559.798,1592.2688,1566.908,467299
2023-01-31,1596.1035,1614.5801,1576.8302,1583.9021,1558.6746,1534280
2023-02-01,1586.691,1616.5721,1559.8477,1581.5116,1556.3221,741968
2023-02-02,1568.7623,1597.0996,1556.511,1592.4182,1567.0551,721339
2023-02-03,1593.6632,1612.6378,1569.6089,1609.9485,1584.306,754417
2023-02-06,1611.3928,1614.7295,1590.7748,1611.6915,1586.0214,499057
2023-02-07,1613.1857,1626.184,1600.9841,1609.8987,1584.2571,595073
2023-02-08,1610.5461,1634.5009,1609.3508,1630.0685,1604.1057,513921
2023-02-09,1630.0685,1655.4177,1621.2037,1636.9412,1610.8689,1022882
2023-02-10,1633.5049,1635.8456,1616.0741,1628.8235,1602.8805,333259
2023-02-13,1628.5247,1636.6921,1611.1936,1615.875,1590.1383,242604
2023-02-14,1616.5721,1621.3033,1572.1488,1598.3446,1572.8871,1051049
2023-02-15,1598.3446,1633.5049,1591.8206,1619.7097,1593.9117,644537
2023-02-16,1625.7357,1636.1941,1610.5461,1623.1958,1597.3424,312420
2023-02-17,1618.6638,1662.1908,1615.5264,1636.4431,1610.3788,877096
2023-02-20,1637.489,1643.764,1615.7256,1625.5365,1599.6459,447737
2023-02-21,1628.5247,1652.33,1618.7634,1626.682,1600.7731,539466
2023-02-22,1627.7776,1627.7776,1564.3796,1567.9156,1542.9427,1056328
2023-02-23,1575.7345,1582.2089,1561.9395,1574.0911,1549.0198,485537
2023-02-24,1574.3401,1588.1851,1564.8777,1568.9614,1543.9718,390716
2023-02-27,1574.7385,1578.6729,1547.8953,1565.3757,1540.4432,397502
2023-02-28,1571.7504,1578.1748,1551.9292,1572.2982,1547.2555,742087
2023-03-01,1561.79,1591.6711,1561.79,1587.3384,1562.0562,288099
2023-03-02,1587.687,1595.6554,1581.7108,1592.1692,1566.8099,286119
2023-03-03,1595.6554,1605.5659,1584.2507,1589.9281,1564.6046,611252
2023-03-06,1593.6134,1604.6198,1589.6791,1592.219,1566.859,330663
2023-03-08,1592.6672,1602.6276,1588.4341,1594.7589,1569.3585,435573
2023-03-09,1594.7589,1602.3787,1579.2207,1594.9083,1569.5055,302901
2023-03-10,1578.7227,1600.3865,1576.88,1589.5795,1564.2615,458587
2023-03-13,1595.6554,1611.7413,1542.9648,1555.8635,1531.0825,804792
2023-03-14,1563.6327,1563.6327,1535.1957,1555.017,1530.2495,507817
2023-03-15,1555.8137,1573.1947,1540.3253,1544.4589,1519.8596,551661
2023-03-16,1552.0786,1560.4951,1521.0022,1554.2699,1529.5143,583369
2023-03-17,1563.7821,1586.0436,1549.8375,1578.9717,1553.8228,698627
2023-03-20,1544.8573,1592.6672,1544.8573,1586.4918,1561.223,530519
2023-03-21,1593.6632,1602.6276,1581.4618,1599.8387,1574.3574,570821
2023-03-22,1603.6237,1609.5999,1591.97,1606.5122,1580.9246,296273
2023-03-23,1603.524,1613.5841,1593.6632,1599.5897,1574.1123,313930
2023-03-24,1598.6434,1602.0798,1581.0135,1587.9858,1562.6932,374535
2023-03-27,1578.9219,1641.4233,1578.9219,1624.4907,1598.6167,630210
2023-03-28,1616.5721,1635.1981,1595.257,1604.7192,1579.16,582767
2023-03-29,1612.7872,1631.3634,1604.7192,1625.2377,1599.3518,577758
2023-03-31,1629.2219,1645.1086,1622.15,1626.2338,1600.3319,783128
2023-04-03,1623.3452,1635.0985,1613.7334,1621.5026,1595.6761,766128
2023-04-05,1623.5444,1657.9576,1607.8568,1652.6786,1626.3556,1443735
2023-04-06,1657.5592,1667.3702,1643.764,1662.4398,1635.9614,641403
2023-04-10,1668.3164,1707.3114,1663.4358,1703.4766,1676.3445,828993
2023-04-11,1703.0284,1714.7318,1688.8846,1704.3232,1677.1777,437571
2023-04-12,1708.7058,1734.4037,1704.7217,1710.6481,1683.4019,661394
2023-04-13,1710.1998,1712.2418,1684.6017,1694.3629,1667.3761,258855
2023-04-17,1682.3606,1721.6543,1682.3606,1716.8235,1689.4789,723262
2023-04-18,1723.0986,1728.776,1691.823,1698.1976,1671.1497,332721
2023-04-19,1702.7794,1705.2197,1674.2926,1683.4064,1656.594,313266
2023-04-20,1691.574,1691.574,1673.3464,1680.767,1653.9967,199463
2023-04-21,1679.0736,1685.299,1650.0889,1655.3679,1629.0021,326151
2023-04-24,1655.4177,1686.5439,1649.1427,1682.6096,1655.8099,374750
2023-04-25,1679.5219,1696.7035,1677.5298,1680.1693,1653.4086,361117
2023-04-26,1680.1693,1698.2474,1666.4738,1692.4205,1665.4646,683412
2023-04-27,1688.287,1698.8948,1675.4879,1694.6616,1667.6699,531392
2023-04-28,1698.2474,1718.1184,1688.287,1713.4868,1686.1953,601644
2023-05-02,1713.4868,1736.8938,1708.7556,1732.6605,1705.0637,396437
2023-05-03,1718.1682,1731.7642,1716.226,1729.025,1701.4861,348145
2023-05-04,1722.4512,1756.0177,1713.2876,1752.8801,1724.9613,591510
2023-05-05,1744.8123,1760.201,1739.0851,1745.5593,1717.757,336879
2023-05-08,1746.8043,1777.9305,1745.2605,1771.3069,1743.0945,758983
2023-05-09,1773.9464,1781.1677,1750.5892,1757.9102,1729.9111,735967
2023-05-10,1757.9102,1772.303,1744.364,1767.3726,1739.2228,285798
2023-05-11,1767.3726,1776.9346,1758.0098,1767.1235,1738.9778,272209
2023-05-12,1765.9781,1765.9781,1744.1648,1746.9039,1719.0802,305342
2023-05-15,1747.0533,1754.7727,1723.3477,1726.4851,1698.9866,448927
2023-05-16,1728.776,1738.1388,1716.0267,1720.3097,1692.9097,209886
2023-05-17,1722.4512,1731.8638,1696.9027,1718.0188,1690.6552,377699
2023-05-18,1722.4512,1726.1365,1690.03,1698.9446,1671.8846,232671
2023-05-19,1703.2277,1717.1223,1678.3267,1709.3035,1682.0787,242657
2023-05-22,1706.3153,1720.0607,1698.1478,1711.5446,1684.2841,263864
2023-05-23,1710.1998,1713.6362,1681.3147,1691.2253,1664.2886,948278
2023-05-24,1688.287,1702.7296,1674.3424,1693.6158,1666.641,442899
2023-05-25,1688.2372,1705.1699,1684.3029,1694.6118,1667.621,691665
2023-05-26,1695.1597,1711.0465,1660.3979,1681.6135,1654.8296,1946520
2023-05-29,1681.6135,1708.5564,1669.4619,1706.5145,1679.3341,670545
2023-05-30,1707.2118,1725.5887,1706.2157,1718.3176,1690.9492,455969
2023-05-31,1716.6742,1726.6345,1689.4325,1711.5446,1684.2841,1217298
2023-06-01,1708.2078,1713.188,1693.2672,1695.7075,1668.6993,380199
2023-06-02,1701.2853,1712.192,1693.2672,1703.7754,1676.6387,581154
2023-06-05,1712.192,1737.5909,1705.2197,1727.6306,1700.1138,770437
2023-06-06,1733.0092,1767.9702,1730.5688,1759.4043,1731.3813,1032105
2023-06-07,1761.7947,1765.3805,1742.621,1762.0437,1733.9789,757211
2023-06-08,1764.9821,1769.1156,1702.1818,1705.1699,1678.011,746173
2023-06-09,1716.1761,1730.9175,1703.5264,1708.9548,1681.7355,488829
2023-06-12,1717.5706,1728.3278,1704.2734,1724.5428,1697.0752,248563
2023-06-13,1728.1285,1740.0811,1722.0029,1731.0669,1703.4954,356101
2023-06-14,1738.089,1777.7313,1730.1207,1772.303,1744.0747,814345
2023-06-15,1781.9147,1792.7716,1753.5276,1765.4801,1737.3605,966649
2023-06-16,1771.3567,1782.6617,1764.0358,1773.6974,1745.447,969546
2023-06-19,1782.1637,1787.4427,1747.153,1754.3245,1726.3826,541464
2023-06-20,1760.0018,1765.7291,1737.84,1762.0935,1734.0278,463433
2023-06-21,1762.99,1772.9503,1750.0415,1770.8586,1742.6534,332971
2023-06-22,1779.0262,1782.9108,1739.7324,1743.368,1715.6006,412543
2023-06-23,1743.0194,1743.0194,1704.4229,1709.3035,1682.0787,343509
2023-06-26,1709.2039,1724.1942,1689.2831,1719.9611,1692.5664,387107
2023-06-27,1719.214,1729.6227,1706.6141,1726.2859,1698.7905,338798
2023-06-28,1729.0748,1747.7506,1727.1326,1736.1965,1708.5433,1030697
2023-06-30,1738.089,1750.9877,1723.8954,1727.78,1700.261,453149
2023-07-03,1743.0692,1790.879,1729.2242,1786.5961,1758.1401,1087245
2023-07-04,1792.8712,1797.8513,1751.7347,1762.5417,1734.4689,671213
2023-07-05,1762.99,1777.2334,1756.6652,1770.8586,1742.6534,400602
2023-07-06,1770.8586,1776.7354,1758.0098,1761.0477,1732.9988,360764
2023-07-07,1761.0477,1763.6873,1730.1207,1736.3958,1708.7393,554892
2023-07-10,1747.9,1752.2826,1726.3855,1736.0969,1708.4453,453912
2023-07-11,1736.8938,1766.9243,1736.8938,1760.6991,1732.6556,578931
2023-07-12,1760.6493,1777.333,1750.0913,1770.8088,1742.6044,791286
2023-07-13,1771.9543,1776.835,1746.5553,1752.8303,1724.9122,335559
2023-07-14,1755.5695,1761.9441,1736.7444,1746.2565,1718.4431,409283
2023-07-17,1746.2565,1787.891,1741.6747,1785.9487,1757.5032,923312
2023-07-18,1782.9606,1791.8751,1760.8485,1768.02,1739.86,747998
2023-07-19,1765.0817,1781.4666,1763.6873,1777.1338,1748.8285,435757
2023-07-20,1777.9305,1815.8796,1770.0121,1812.2441,1783.3798,856488
2023-07-21,1812.792,1817.7224,1782.9108,1797.453,1768.8242,782735
2023-07-24,1788.887,1835.5017,1782.9606,1805.8695,1777.1066,782832
2023-07-25,1806.8157,1835.5017,1804.8734,1821.8062,1792.7894,472389
2023-07-26,1825.7405,1841.6771,1821.856,1831.8163,1802.6401,463896
2023-07-27,1834.8542,1841.4281,1807.8118,1815.2821,1786.3693,540277
2023-07-28,1811.2979,1827.6329,1802.8315,1816.5769,1787.6434,493242
2023-07-31,1822.7523,1847.3545,1813.5887,1842.1254,1812.7852,599614
2023-08-01,1844.6652,1847.6533,1817.4236,1830.4219,1801.2678,512567
2023-08-02,1825.4417,1832.6132,1798.8972,1813.788,1784.899,650377
2023-08-03,1800.8395,1827.3341,1787.0941,1823.3002,1794.2598,664460
2023-08-04,1823.3002,1838.6392,1812.9414,1818.2203,1789.2607,325948
2023-08-07,1819.6647,1857.564,1818.818,1848.251,1818.813,970459
2023-08-08,1850.3427,1861.0002,1824.5452,1837.1451,1807.884,481950
2023-08-09,1837.6432,1842.6233,1820.2124,1838.3403,1809.0602,529863
2023-08-10,1827.8322,1847.6533,1816.8259,1823.0511,1794.0146,703299
2023-08-11,1821.5571,1832.7128,1801.3375,1820.312,1801.16,749144
2023-08-14,1817.7224,1827.7325,1786.6957,1804.5746,1785.588,530231
2023-08-16,1804.8236,1812.792,1778.4784,1809.7042,1790.6637,399331
2023-08-17,1802.8315,1805.2719,1786.5961,1793.7178,1774.8455,497072
2023-08-18,1787.891,1793.7178,1778.578,1783.8571,1765.0885,441358
2023-08-21,1783.8571,1805.8197,1782.9108,1801.2379,1782.2865,267446
2023-08-22,1802.8315,1817.7721,1790.9288,1798.6482,1779.7241,366115
2023-08-23,1802.8315,1807.8118,1785.8989,1790.5305,1771.6917,418171
2023-08-24,1797.8513,1806.2679,1763.986,1771.0081,1752.3748,924665
2023-08-25,1753.0295,1775.5898,1751.0873,1769.2152,1750.6007,659271
2023-08-28,1770.9084,1782.9108,1761.2968,1777.5819,1758.8794,773224
2023-08-29,1777.9305,1799.7936,1772.054,1794.6641,1775.7819,643399
2023-08-30,1797.8513,1817.6726,1792.7218,1799.4949,1780.5618,475187
2023-08-31,1799.4949,1811.7959,1774.7931,1783.8571,1765.0885,1249751
2023-09-01,1782.9108,1817.7721,1780.8191,1804.3256,1785.3417,421915
2023-09-04,1807.8616,1843.3704,1807.8118,1833.7585,1814.465,947843
2023-09-05,1845.1134,1864.5861,1837.1949,1846.4581,1827.0309,884678
2023-09-06,1847.6533,1851.6375,1809.8038,1831.2186,1811.9518,598389
2023-09-07,1824.7444,1843.7688,1818.3199,1840.0835,1820.7234,409810
2023-09-08,1840.0835,1848.8984,1832.8124,1842.4241,1823.0393,365560
2023-09-11,1842.4241,1861.6975,1838.4897,1854.9742,1835.4575,433848
2023-09-12,1857.6138,1912.3959,1828.7286,1863.5402,1843.9332,1858204
2023-09-13,1871.5583,1938.791,1848.3008,1925.3445,1905.0873,2896732
2023-09-14,1935.3048,1946.2612,1910.9517,1923.95,1903.7075,1225975
2023-09-15,1934.3088,1980.0768,1925.0955,1965.0366,1944.3619,1672773
2023-09-18,1972.1583,1980.2262,1945.2653,1949.6976,1929.1843,682473
2023-09-20,1949.6976,1952.2375,1922.3563,1936.998,1916.6183,582031
2023-09-21,1924.448,1932.3167,1888.5906,1903.9296,1883.8976,1002208
2023-09-22,1899.1486,1921.3104,1881.8175,1904.3778,1884.3412,678725
2023-09-25,1904.3778,1938.2432,1894.3676,1932.1672,1911.8384,762935
2023-09-26,1937.2471,1952.1379,1928.5815,1950.2454,1929.7262,659819
2023-09-27,1959.0603,1959.0603,1915.4338,1923.4519,1903.2147,510599
2023-09-28,1922.3563,1930.2748,1889.0886,1898.9493,1878.9698,726738
2023-09-29,1902.1367,1943.2732,1902.0869,1934.7072,1914.3514,804258
2023-10-03,1920.4639,1931.3207,1899.0988,1913.8402,1893.704,596037
2023-10-04,1898.4514,1902.4355,1869.616,1888.3416,1868.4738,693152
2023-10-05,1889.5865,1901.4395,1873.5504,1882.6642,1862.8561,549055
2023-10-06,1882.6144,1898.3518,1882.5148,1895.7621,1875.8162,402950
2023-10-09,1882.5646,1889.3875,1867.6737,1881.5187,1861.7225,347299
2023-10-10,1885.453,1914.886,1879.0286,1911.3003,1891.1909,358738
2023-10-11,1928.2827,1974.5488,1915.9817,1972.2579,1951.5072,914364
2023-10-12,1983.0151,2013.9919,1959.0603,1993.8719,1972.8938,2108772
2023-10-13,1988.0452,1992.7762,1966.5306,1974.7479,1953.9709,307670
2023-10-16,1974.7479,1992.0791,1950.2454,1965.8832,1945.1995,668313
2023-10-17,1992.0791,2012.1493,1950.2952,1966.6302,1945.9386,1316588
2023-10-18,1962.2975,1983.0649,1943.2732,1947.9545,1927.4594,585260
2023-10-19,1944.319,1971.0128,1920.165,1967.8754,1947.1707,712810
2023-10-20,1964.5884,1969.3196,1931.6693,1938.6416,1918.2445,491975
2023-10-23,1931.5199,1931.5199,1877.5345,1895.2142,1875.274,878203
2023-10-25,1893.5708,1912.4457,1861.5481,1870.0144,1850.3394,738333
2023-10-26,1859.7054,1866.5781,1832.2645,1842.225,1822.8423,1141085
2023-10-27,1849.6952,1862.5939,1842.7727,1848.6494,1829.1992,289530
2023-10-30,1848.6494,1874.8452,1820.8101,1871.3591,1851.67,514528
2023-10-31,1872.6539,1884.457,1857.6138,1879.2278,1859.4559,291175
2023-11-01,1886.4989,1889.4871,1854.028,1861.1497,1841.568,349005
2023-11-02,1871.2097,1893.4214,1871.2097,1890.234,1870.3463,322032
2023-11-03,1895.9613,1907.4158,1882.8633,1888.6902,1868.8187,234555
2023-11-06,1894.5668,1928.8804,1888.6902,1911.1011,1890.9938,292296
2023-11-07,1912.3959,1922.3065,1904.4774,1913.9398,1893.8026,223028
2023-11-08,1921.3602,1935.3048,1912.3959,1926.191,1905.9249,427257
2023-11-09,1929.7271,1936.8486,1922.3563,1927.3365,1907.0585,289965
2023-11-10,1922.4061,1940.0858,1913.5912,1935.3048,1914.9429,193655
2023-11-13,1938.1934,1938.1934,1914.3879,1921.2108,1900.9972,214186
2023-11-15,1939.2889,1956.5205,1927.3365,1936.2511,1915.8792,972167
2023-11-16,1941.9783,1947.1079,1906.2703,1934.9064,1914.5485,954513
2023-11-17,1933.3625,1975.744,1932.6653,1962.7457,1942.095,849407
2023-11-20,1963.7915,1970.3156,1945.3649,1964.4888,1943.8198,287305
2023-11-21,1964.8374,1980.1266,1961.2019,1969.6184,1948.8954,317975
2023-11-22,1971.9591,1977.0388,1950.9924,1966.2816,1945.5938,315125
2023-11-23,1976.2421,1976.2421,1943.6715,1949.1498,1928.6422,437448
2023-11-24,1956.1221,1961.65,1937.7451,1941.6794,1921.2504,168686
2023-11-28,1955.2256,1979.1306,1945.5143,1968.0745,1947.3677,699089
2023-11-29,1980.2262,2001.0435,1973.2041,1995.3162,1974.3228,824220
2023-11-30,1998.0553,2022.9563,1982.3677,1997.5074,1976.491,1707069
2023-12-01,2011.9501,2030.9246,2000.0474,2008.0656,1986.938,932202
2023-12-04,2066.782,2067.7781,2020.4164,2044.8193,2023.3052,1055783
2023-12-05,2049.7498,2069.7703,2030.4266,2064.1426,2042.425,561391
2023-12-06,2071.6128,2076.7424,2037.4487,2049.6003,2028.0358,360631
2023-12-07,2049.6003,2080.7266,2037.4985,2073.5054,2051.6892,424799
2023-12-08,2071.7622,2090.9858,2034.5602,2061.8516,2040.1581,594786
2023-12-11,2063.7939,2079.9795,2059.9094,2075.7961,2053.9561,254812
2023-12-12,2081.7227,2120.5681,2067.3796,2072.5093,2050.7039,774496
2023-12-13,2072.6587,2084.6609,2029.2313,2075.6965,2053.8574,805574
2023-12-14,2086.6531,2103.5857,2073.7046,2095.5676,2073.5193,607109
2023-12-15,2107.6196,2124.3032,2093.675,2119.2734,2096.9758,727207
2023-12-18,2119.2734,2119.2734,2093.675,2101.3945,2079.2852,314105
2023-12-19,2098.7051,2129.3333,2080.9258,2109.8608,2087.6624,317963
2023-12-20,2125.5483,2127.1421,2045.417,2055.3774,2033.7522,678958
2023-12-21,2041.8811,2082.5693,2041.8811,2077.3401,2055.4836,445236
2023-12-22,2080.7266,2088.2964,2026.8408,2038.0961,2016.6526,1006017
2023-12-26,2042.8771,2074.7502,2040.885,2061.3535,2039.6655,643808
2023-12-27,2070.7163,2122.4109,2063.3955,2116.3848,2094.1177,1137913
2023-12-28,2120.5681,2139.7419,2097.958,2131.4749,2109.0488,1063989
2023-12-29,2131.8235,2136.5049,2106.6235,2126.3452,2103.9731,651373
2024-01-01,2136.5049,2166.386,2103.6355,2118.875,2096.5815,807664
2024-01-02,2121.4646,2121.9626,2079.7305,2093.1272,2071.1045,799936
2024-01-03,2081.7227,2111.6038,2057.9172,2063.9932,2042.2771,975031
2024-01-04,2081.7227,2086.7029,2051.2439,2062.001,2040.3059,962508
2024-01-05,2089.6909,2090.687,2045.417,2071.2642,2049.4719,1089092
2024-01-08,2071.2642,2075.4475,2049.7498,2059.511,2037.8422,559523
2024-01-09,2073.9038,2084.4617,2050.696,2055.8755,2034.2449,1216816
2024-01-10,2058.8,2074.45,2040.85,2068.55,2046.7861,325322
2024-01-11,2069.95,2096.3,2051,2083.7,2061.7766,887806
2024-01-12,2083,2120.8999,2075,2111.55,2089.3335,485644
2024-01-15,2111.75,2122.95,2093.7,2101,2078.8948,202260
2024-01-16,2092.55,2119.8,2090.1001,2115.2,2092.9453,457403
2024-01-17,2112.6001,2115.2,2056,2067.8501,2046.0935,733818
2024-01-18,2067,2069,2036.2,2053.6499,2032.0428,877519
2024-01-19,2056.45,2094,2052.3501,2081.2,2059.303,456698
2024-01-23,2078.1001,2086.3999,2032.5,2049.6001,2028.0355,938057
2024-01-24,2069,2080.75,2016.55,2071.3,2049.5071,604130
2024-01-25,2079.95,2087.3501,2052.1499,2076.5,2054.6523,467209
2024-01-29,2080,2125,2077.75,2104.5,2082.3579,795647
2024-01-30,2115,2139,2106,2126.1499,2103.7798,852171
2024-01-31,2126.5,2182.05,2115.45,2175,2152.116,910709
2024-02-01,2175,2178.8999,2111.45,2128.6001,2106.2043,638710
2024-02-02,2147.95,2169.8999,2130.5,2139.45,2116.9399,330557
2024-02-05,2130.1001,2147.3,2081,2089.75,2067.7629,949717
2024-02-06,2082,2097.95,2061,2066,2044.2632,581483
2024-02-07,2079,2120,2063,2111.5,2089.2842,1133609
2024-02-08,2123,2125,2048,2057.3,2035.6545,1387156
2024-02-09,2057.25,2182,2046.9,2168.5,2145.6846,2010089
2024-02-12,2175,2199,2138.1001,2147.3501,2124.7573,1229133
2024-02-13,2173.8999,2173.8999,2053.95,2064.1499,2042.4323,985312
2024-02-14,2054,2085,2027.5,2079.8,2057.9177,605147
2024-02-15,2085.7,2103.6499,2072.8,2084.8,2062.865,506068
2024-02-16,2091.3999,2119,2086.8501,2105.6499,2083.4956,403756
2024-02-19,2107.45,2190,2102.2,2168.6001,2145.7834,1167037
2024-02-20,2169,2222,2161.1001,2192.25,2169.1848,1710394
2024-02-21,2200,2222,2180.05,2194,2170.916,765529
2024-02-22,2234,2244,2113.2,2201.2,2178.0405,3428899
2024-02-23,2234,2236.7,2182.6001,2194.3999,2171.3118,1646510
2024-02-26,2204.1001,2211.3,2174.8,2186.8999,2163.8909,905237
2024-02-27,2190.2,2214,2190.2,2204.8,2181.6025,674507
2024-02-28,2202,2218.8999,2173.25,2186,2163.0002,1197381
2024-02-29,2186,2206,2157.8,2191.3999,2168.3435,1499473
2024-03-01,2209,2259.3999,2196.75,2254.8999,2231.1755,826009
2024-03-04,2245,2260,2226.3,2234.1499,2210.6438,423656
2024-03-05,2230.1001,2251.8999,2220.45,2231.5,2208.0215,401260
2024-03-06,2237.8999,2252.95,2196.6001,2236.5,2212.969,678808
2024-03-07,2239,2250.3501,2208,2228.1001,2204.6575,519779
2024-03-11,2230,2270.55,2225.5,2236.8,2213.2661,599546
2024-03-12,2236,2246.95,2172.8501,2184,2161.0215,891725
2024-03-13,2194,2203.05,2137.3,2149.1001,2126.4888,881145
2024-03-14,2149.8999,2204.8999,2128.6001,2196.5,2173.3899,1097271
2024-03-15,2185.1001,2208.8999,2165.05,2197.1001,2173.9836,2630480
2024-03-18,2181,2214,2170,2203.1001,2179.9207,508214
2024-03-19,2199,2206.1001,2163.8501,2173.8,2150.9287,660181
2024-03-20,2175.5,2196.1499,2131,2167.5,2144.6948,655682
2024-03-21,2188,2211.3,2175.3,2205.55,2182.3445,880687
2024-03-22,2200,2234,2194.45,2223.55,2200.1553,551648
2024-03-26,2215,2242.1001,2201.6499,2240.05,2216.4819,731877
2024-03-27,2240,2251.95,2198.7,2207.3501,2184.1255,1033992
2024-03-28,2210,2309.2,2210,2287.3,2263.2344,1786120
2024-04-01,2300,2319.2,2289.05,2292.55,2268.4294,288891
2024-04-02,2297,2316,2275,2306.3,2282.0347,446163
2024-04-03,2303.6001,2316.1499,2288.05,2305.45,2281.1938,303529
2024-04-04,2309.5,2323.75,2249.5,2277.8501,2253.884,814966
2024-04-05,2275.05,2277.1001,2233.5,2237.55,2214.0081,454995
2024-04-08,2247,2288.45,2235,2280.8,2256.803,278448
2024-04-09,2296.95,2312.3501,2281.95,2301.3,2277.0872,388155
2024-04-10,2309.95,2314.8999,2291.55,2306.3501,2282.0842,513499
2024-04-12,2297,2307,2249.3,2254.05,2230.3342,635489
2024-04-15,2239,2253.3999,2224.8,2237.3999,2213.8594,415064
2024-04-16,2229,2249.25,2221.1001,2242.95,2219.3513,558075
2024-04-18,2245.05,2300.8501,2219.45,2226.05,2202.6292,987066
2024-04-19,2220,2290.75,2201.3501,2273.1499,2249.2334,1061064
2024-04-22,2275,2286.8501,2266.05,2280.55,2256.5554,445671
2024-04-23,2278.45,2376,2278.3999,2370.1499,2345.2129,1823447
2024-04-24,2378,2384.3,2333,2337.75,2313.1541,1021874
2024-04-25,2349,2376.05,2334.2,2367.45,2342.5413,1621547
2024-04-26,2366.95,2379.3,2330.05,2342.45,2317.8042,405679
2024-04-29,2355,2392.8,2309.6001,2386.6001,2361.49,616995
2024-04-30,2405,2438.45,2374.1001,2411.6499,2386.2764,1041175
2024-05-02,2410,2452,2401.05,2437.3501,2411.7058,1466226
2024-05-03,2442,2487,2438.8,2481.3501,2455.2429,1192695
2024-05-06,2489,2489.75,2441.2,2453.3,2427.488,606833
2024-05-07,2460,2468.7,2403.1001,2421,2395.5278,438590
2024-05-08,2404,2424.1499,2370.8999,2377.3501,2352.3372,462790
2024-05-09,2375.45,2393.3999,2345.05,2353.7,2328.9358,557056
2024-05-10,2359.95,2382.7,2322,2377.1499,2352.1392,890719
2024-05-13,2377.8999,2393,2347.05,2385.2,2360.1045,511264
2024-05-14,2383.45,2396.8501,2362.1001,2372.05,2347.0928,421260
2024-05-15,2386.95,2403.95,2366.2,2369.7,2344.7676,404095
2024-05-16,2382,2386,2310.2,2372.6001,2347.6372,1181205
2024-05-17,2374,2433.6499,2374,2423.6499,2398.1499,1184234
2024-05-21,2430.1001,2449.95,2406.3999,2446.6499,2420.9077,555489
2024-05-22,2455.95,2463.05,2418.3,2436.6499,2411.0132,722345
2024-05-23,2442,2461.8999,2395.6499,2453.8,2427.9829,1091448
2024-05-24,2449.75,2474.8,2431.6001,2441,2415.3171,483000
2024-05-27,2441.05,2455.7,2385.95,2390.6499,2365.4973,888793
2024-05-28,2398.8999,2469.95,2392.7,2440.3501,2414.6746,874384
2024-05-29,2440,2460,2393.25,2400.6001,2375.3425,1084966
2024-05-30,2404,2406.6001,2328,2345.2,2320.5251,826458
2024-05-31,2342.95,2362,2295.95,2316.25,2291.8799,1644820
2024-06-03,2400,2405.2,2362.3,2368.8,2343.8772,807692
2024-06-04,2336.05,2365.2,2171.6001,2256.3999,2232.6599,1543389
2024-06-05,2258.3999,2313.75,2182.1499,2304.8501,2280.5999,1996915
2024-06-06,2306.05,2353,2293.1001,2334.75,2310.1853,834320
2024-06-07,2311.2,2383.45,2311.2,2379.8501,2354.8108,471524
2024-06-10,2381.1001,2472,2375.3,2446.8,2421.0566,980297
2024-06-11,2449.8999,2482,2426.3501,2456.8999,2431.05,531924
2024-06-12,2430,2476.8501,2430,2450.1499,2424.3711,463980
2024-06-13,2441.05,2475.55,2430,2458.05,2432.188,512510
2024-06-14,2458.05,2523.7,2450,2471.2,2445.1995,1542911
2024-06-18,2471,2487.45,2445,2457.55,2431.6934,467553
2024-06-19,2458,2460.8501,2412,2447.1499,2421.4026,668976
2024-06-20,2447.1001,2504,2432.5,2498.8,2472.5093,1008266
2024-06-21,2499,2515.6001,2450.6001,2466.1499,2440.2026,2867672
2024-06-24,2463.8999,2521.75,2443.1001,2515.1001,2488.6379,724085
2024-06-25,2520,2529.8501,2495,2516.95,2490.4683,792404
2024-06-26,2518.8,2564,2509.05,2552.25,2525.397,1387150
2024-06-27,2554.8999,2654.6499,2552.25,2637.6001,2609.8491,4849907
2024-06-28,2635.95,2678.95,2587.2,2670.45,2642.3533,1495266
2024-07-01,2666.2,2743.8999,2662.05,2726.3999,2697.7144,1098168
2024-07-02,2717,2762.7,2717,2742.95,2714.0903,942834
2024-07-03,2750.75,2761.3999,2730.6499,2742.3501,2713.4968,537119
2024-07-04,2748,2752.75,2717.05,2734.8501,2706.0757,446631
2024-07-05,2730,2755.7,2720.3999,2748,2719.0874,372709
2024-07-08,2751.7,2754.95,2713.8501,2742.1499,2713.2988,333988
2024-07-09,2735.1001,2785.95,2718.8999,2761.8,2732.7422,451862
2024-07-10,2781,2812.25,2741,2802.1499,2772.6675,1128000
2024-07-11,2825,2837,2791.25,2801.6001,2772.1233,1679101
2024-07-12,2807,2850,2801.6001,2843.75,2813.8301,1457604
2024-07-15,2850,2852.95,2786,2803.75,2774.251,1333353
2024-07-16,2818,2844.75,2810.3,2827.3501,2797.6025,756629
2024-07-18,2810,2845.8,2777,2791.8,2762.4265,1181529
2024-07-19,2786,2789.95,2734.5,2743,2714.1401,424329
2024-07-22,2702,2822,2702,2811.55,2781.9688,1248824
2024-07-23,2811,2850.95,2774.05,2823.05,2793.3479,1046046
2024-07-24,2830,2830,2775,2806.8999,2777.3677,2880833
2024-07-25,2805,2825,2771.55,2797.55,2768.116,550900
2024-07-26,2824.95,2877.75,2808.5,2843.3,2813.3848,701236
2024-07-29,2859.8999,2865,2820,2828.2,2798.4436,501949
2024-07-30,2828.2,2830,2782.8501,2790.8999,2761.5359,721728
2024-07-31,2790.8999,2798.75,2761.55,2776.75,2747.5347,662086
2024-08-01,2781.95,2788.6499,2753.6001,2767,2737.8872,383675
2024-08-02,2749.5,2757.1001,2701,2706.8,2678.3208,401105
2024-08-05,2655.1499,2678.95,2587.75,2612.25,2584.7656,1049292
2024-08-06,2627,2679.3999,2610,2620.5,2602.8931,813893
2024-08-07,2650,2659.3999,2632.25,2637.05,2619.332,551368
2024-08-08,2623.25,2633.8,2531.1001,2544.6499,2527.5525,1199236
2024-08-09,2556.1001,2638.95,2540.05,2572.75,2555.4636,2677777
2024-08-12,2570,2621,2555.05,2571.1001,2553.825,1827230
2024-08-13,2572,2579.3999,2512.1499,2519.25,2502.3232,784848
2024-08-14,2524,2534.5,2505.05,2512.3999,2495.5193,286936
2024-08-16,2512.3999,2608,2512.3999,2600.3501,2582.8784,725887
2024-08-19,2619.8,2635.1499,2557.05,2598.3999,2580.9414,682028
2024-08-20,2608,2648.8999,2589.05,2636.7,2618.9841,685479
2024-08-21,2640.05,2692.05,2625.1499,2684.8501,2666.8105,857604
2024-08-22,2694.45,2772.95,2691.05,2755.1499,2736.6382,2065301
2024-08-23,2771.3999,2780.8999,2706.95,2748.55,2730.0828,1101735
2024-08-26,2752,2763.2,2712.8,2736.6001,2718.2129,597542
2024-08-27,2741.45,2747.95,2697.05,2699.8999,2681.7595,1450595
2024-08-28,2698.5,2722.55,2683,2715.55,2697.3044,981745
2024-08-29,2714.8999,2719,2640.05,2676.2,2658.2188,941802
2024-08-30,2676.2,2708.8999,2676.2,2698.8501,2680.7166,994826
2024-09-02,2706.75,2729.6499,2675.55,2690.8,2672.7207,720118
2024-09-03,2680.1001,2710,2680.1001,2706.8501,2688.6631,522391
2024-09-04,2695,2763.95,2687.25,2757.6499,2739.1213,1119041
2024-09-05,2774,2774,2735.3,2741.6001,2723.1794,472385
2024-09-06,2740,2744.6001,2674.05,2692.8501,2674.7571,555331
2024-09-09,2689.95,2715.3999,2673.8999,2710.3501,2692.1394,267477
2024-09-10,2700,2715.1499,2677,2702.55,2684.3916,431289
2024-09-11,2710,2729.5,2674.1001,2681.1499,2663.1355,347845
2024-09-12,2690.6001,2765,2678.75,2757.1001,2738.5752,939815
2024-09-13,2760.1001,2799,2748.2,2784.3501,2765.6423,634726
2024-09-16,2802.8,2819.05,2757.3,2765.3,2746.7202,431468
2024-09-17,2769,2777.3,2730,2754.8501,2736.3403,253234
2024-09-18,2754.8501,2777,2715,2722.7,2704.4063,332947
2024-09-19,2743,2775,2722.3,2738.95,2720.5471,452713
2024-09-20,2745,2755.7,2664.2,2678.25,2660.2549,2755774
2024-09-23,2705,2705,2665,2666.8999,2648.9812,678018
2024-09-24,2676.3501,2695,2610,2619.3,2601.7009,1457923
2024-09-25,2619.3,2666,2583.95,2662,2644.1143,883336
2024-09-26,2674,2750,2656.2,2745.8501,2727.4011,1117471
2024-09-27,2745.8501,2807,2745.8501,2783.1499,2764.45,1416974
2024-09-30,2784,2824,2765,2795.55,2776.7668,890000
2024-10-01,2794.05,2813.6499,2755,2801.1499,2782.3291,442630
2024-10-03,2789,2833,2752.1001,2766.1499,2747.5642,972732
2024-10-04,2766.1499,2788.8,2731,2745.1001,2726.656,708378
2024-10-07,2760,2769.95,2700,2720.5,2702.2212,689611
2024-10-08,2715.25,2745.1499,2705.2,2738.2,2719.8022,553985
2024-10-09,2754,2754,2710,2715.75,2697.5029,600020
2024-10-10,2717.95,2739.45,2711.1001,2722.45,2704.158,387246
2024-10-11,2722.45,2731.7,2685.5,2725.55,2707.2373,209760
2024-10-14,2737.55,2737.55,2702.3,2726.8999,2708.5781,232099
2024-10-15,2725,2747.95,2700.7,2735.8,2717.4182,491010
2024-10-16,2725.1001,2784,2725,2764.1001,2745.5281,756373
2024-10-17,2784,2789.8,2686.05,2705.8501,2687.6697,529505
2024-10-18,2700,2766,2674.6499,2760.95,2742.3992,345996
2024-10-21,2760,2765.3999,2712,2718.25,2699.9863,322456
2024-10-22,2718.1001,2746.1499,2646.3501,2655.3501,2637.509,377094
2024-10-23,2650,2676.7,2625.95,2633.2,2615.5076,944905
2024-10-24,2644.8999,2695.95,2616.1001,2666.7,2648.7825,844303
2024-10-25,2665.1001,2675.05,2600,2615.2,2597.6284,656546
2024-10-28,2600,2665.95,2594.3,2646.95,2629.1653,763794
2024-10-29,2660,2690,2650,2686,2667.9529,611947
2024-10-30,2691.6499,2708.6001,2666.05,2672.55,2654.5933,469403
2024-10-31,2675,2704,2644.45,2695.8501,2677.7371,321800
2024-11-01,2719,2719,2673,2698.8999,2680.7661,62294
2024-11-04,2696.6499,2700,2578.05,2590.6001,2573.1938,477329
2024-11-05,2590.6001,2661.3999,2587.6001,2650.95,2633.1384,896947
2024-11-06,2650.95,2667.55,2619.55,2645.95,2628.1719,455842
2024-11-07,2631.1499,2662.95,2551.75,2562.7,2545.4812,481689
2024-11-08,2565,2581.7,2540,2544.8501,2527.7512,558297
2024-11-11,2528.05,2553.8501,2506.05,2519.5,2502.5718,354984
2024-11-12,2523.25,2546.25,2510,2521.2,2504.26,520250
2024-11-13,2521.2,2534.6499,2472.05,2502.8999,2486.083,1449201
2024-11-14,2502.8999,2539,2490.05,2523.95,2506.9917,581846
2024-11-18,2497,2552.8,2479.05,2517.1499,2500.2373,1436348
2024-11-19,2517.1499,2552,2500,2508.1499,2491.2979,424096
2024-11-21,2491.1001,2555.6499,2480.1499,2534.8501,2517.8186,686930
2024-11-22,2540.3999,2609.8999,2534.8501,2598.6499,2581.1897,828921
2024-11-25,2615,2654,2600.3501,2629.8,2612.1306,967944
2024-11-26,2629.8,2639.7,2602.45,2617.2,2599.6152,256368
2024-11-27,2619.8,2649.45,2595,2621.8999,2604.2834,348482
2024-11-28,2622,2635.95,2554.05,2570.45,2553.1792,1057792
2024-11-29,2565,2630.45,2559,2606.25,2588.7388,650252
2024-12-02,2605.8501,2709,2591.75,2693.55,2675.4524,1103892
2024-12-03,2693.05,2728.95,2683,2714,2695.7649,522667
2024-12-04,2708.3,2724.45,2695.1001,2717.3,2699.0427,572817
2024-12-05,2733,2733.75,2669.3999,2706.8,2688.613,714805
2024-12-06,2714.8999,2720,2693.3501,2701.8999,2683.7461,342192
2024-12-09,2701.8999,2714.05,2669,2681.3999,2663.3835,387874
2024-12-10,2702.8999,2708,2641.1001,2655.3,2637.4592,637387
2024-12-11,2666,2699.8999,2661.1001,2670.75,2652.8054,319450
2024-12-12,2683,2683,2639,2660.05,2642.1772,376376
2024-12-13,2641,2700,2620.5,2692.7,2674.6079,412267
2024-12-16,2680.1001,2718,2672.25,2685.1499,2667.1086,329525
2024-12-17,2685,2685,2595.3501,2599.7,2582.2329,887083
2024-12-18,2607,2617.8999,2576.25,2594.1499,2576.72,369646
2024-12-19,2570,2594,2527.25,2539.05,2521.9902,510040
2024-12-20,2530,2563.2,2479.75,2488.7,2471.9785,734974
2024-12-23,2495.7,2553.7,2495,2526.2,2509.2266,347378
2024-12-24,2515,2542.3999,2495,2501.8501,2485.0403,364336
2024-12-26,2500.25,2518.25,2472.5,2482.05,2465.3733,559646
2024-12-27,2482.05,2520.6001,2474.8999,2480.3,2463.635,428996
2024-12-30,2489,2490,2436,2443.5,2427.0823,763318
2024-12-31,2430,2447,2413.1001,2442.7,2426.2876,530535
2025-01-01,2440,2473.8501,2425.95,2442.1499,2425.7412,487637
2025-01-02,2445,2559.5,2445,2543.95,2526.8574,970593
2025-01-03,2541.2,2553.8999,2501.1001,2510,2493.1355,595091
2025-01-06,2517,2527.95,2445.75,2460.55,2444.0178,393162
2025-01-07,2460.6001,2497,2456.6001,2467.25,2450.6726,495162
2025-01-08,2468.8501,2476.3501,2433.1499,2435.75,2419.3843,543301
2025-01-09,2435.05,2438.8,2396.3999,2410.3999,2394.2046,766796
2025-01-10,2400,2424.8999,2352.2,2364.1001,2348.2161,413994
2025-01-13,2329.95,2348.2,2276.95,2288.1499,2272.7761,422845
2025-01-14,2308,2330.45,2294.1499,2310.6001,2295.0752,865382
2025-01-15,2326.8999,2349.75,2296.75,2317.55,2301.9785,583299
2025-01-16,2330,2359.75,2313.1499,2350.7,2334.9058,1395232
2025-01-17,2363.1001,2387.25,2348.6499,2375.8501,2359.887,443089
2025-01-20,2380.05,2410.6499,2373,2402,2385.8611,681711
2025-01-21,2404.8999,2426.5,2361.6499,2367.5,2351.5928,316019
2025-01-22,2380.95,2396.45,2370.3,2388.1499,2372.1042,336546
2025-01-23,2388,2475.75,2365.3999,2461.1499,2444.6135,596720
2025-01-24,2466.3501,2514.05,2453.45,2490.75,2474.0149,1510105
2025-01-27,2475.5,2484.3999,2430.3999,2458.05,2441.5344,458264
2025-01-28,2458,2459.95,2399.8,2411.3,2395.0986,740041
2025-01-29,2403,2464,2397,2453.6499,2437.1638,200039
2025-01-30,2458.7,2508.55,2446.5,2491.7,2474.9583,397046
2025-01-31,2491.7,2518.3,2475.8,2508.8501,2491.9932,431982
2025-02-01,2500,2514.05,2429.3999,2440.75,2424.3508,432668
2025-02-03,2418,2479.75,2418,2473.6499,2457.0295,427217
2025-02-04,2465,2491.8,2446.5,2484.7,2468.0054,337002
2025-02-05,2499,2499.8999,2474.3,2490,2473.2698,464164
2025-02-06,2499,2508.3,2475.8999,2499,2482.2095,595946
2025-02-07,2504,2522.75,2466.45,2487.6001,2470.8862,738201
2025-02-10,2485,2491,2438.1001,2473.25,2456.6323,717668
2025-02-11,2460,2542,2456.05,2491.45,2474.7102,1710410
2025-02-12,2479,2498.8999,2433.75,2484.95,2468.2537,454023
2025-02-13,2481,2532.95,2474.1499,2490.1001,2473.3694,708830
2025-02-14,2499,2507.75,2405.5,2431.3,2414.9644,677910
2025-02-17,2431.3,2471.1499,2405.55,2463.8501,2447.2957,646841
2025-02-18,2480,2482.95,2412.8,2463.2,2446.6499,596040
2025-02-19,2448,2481.5,2446.3,2463.2,2446.6499,289053
2025-02-20,2451,2477.95,2443.25,2453.7,2437.2136,427274
2025-02-21,2440,2453.3501,2401.05,2431.05,2414.7161,504415
2025-02-24,2412,2420,2381,2393.7,2377.6167,543080
2025-02-25,2392,2403.5,2367.1001,2379.3,2363.3137,497013
2025-02-27,2373,2379.3,2317.1001,2339.95,2324.228,1045684
2025-02-28,2347.1499,2361.75,2301.6499,2306.6499,2291.1516,1153007
2025-03-03,2328.5,2382.8999,2317.8999,2377.45,2361.4761,790068
2025-03-04,2356,2404.2,2351.6001,2394.6499,2378.5603,521061
2025-03-05,2404,2408.95,2376.3501,2391.6499,2375.5806,755361
2025-03-06,2401.6499,2415,2353.5,2393.6499,2377.5671,754593
2025-03-07,2380,2415,2380,2407.25,2391.0759,317388
2025-03-10,2407.25,2425,2373.3,2383.95,2367.9324,650796
2025-03-11,2372,2425,2363.95,2413.55,2397.3337,445250
2025-03-12,2413.55,2438.8999,2367.6001,2398.8999,2382.7817,561893
2025-03-13,2402,2411.8,2363.3,2370.2,2354.2747,479648
2025-03-17,2381.75,2404.5,2370.8501,2399.3501,2383.229,646714
2025-03-18,2402.35,2428.00,2397.00,2421.65,2421.65,423611
2025-03-19,2426,2464.6001,2426,2458.2,2441.6836,415476
2025-03-20,2464.8,2477.2,2448.1001,2468.1499,2451.5667,317002
2025-03-21,2479.8999,2514.75,2459.45,2469.3999,2452.8081,1372022
2025-03-24,2478.6499,2544,2475,2513.2,2496.314,594207
2025-03-25,2529.75,2595.8999,2520,2569.45,2552.1858,993289
2025-03-26,2582.95,2602.8999,2560,2581.6001,2564.2544,555486
2025-03-27,2584,2628.95,2575,2618.7,2601.105,1246219
2025-03-28,2614.95,2637.6499,2599.3501,2611.1499,2593.6057,435022
2025-04-01,2611.3999,2632,2596.2,2619,2601.4031,317974
2025-04-02,2619,2633.3999,2601.05,2616.5,2598.9199,413523
2025-04-03,2595.1001,2664,2595.1001,2651.8999,2634.082,298330
2025-04-04,2635.1001,2651.8999,2610.1001,2616.8999,2599.3171,290533
2025-04-07,2550,2560,2465.5,2509.1001,2492.2415,974267
2025-04-08,2550,2600,2534.1499,2590.05,2572.6475,1296141
2025-04-09,2562.5,2586.75,2529.45,2557.75,2540.5645,494024
2025-04-11,2650,2660,2612.8,2651.25,2633.4365,669041
2025-04-15,2675,2726.2,2670,2718.6001,2700.334,815058
2025-04-16,2690,2722,2682.2,2702.8,2684.6401,462016
2025-04-17,2701,2772,2686.8999,2760.7,2742.1511,1061496
2025-04-21,2755,2787.3,2735,2756.8999,2738.3765,322964
2025-04-22,2750.3,2772.1001,2737.7,2749.3999,2730.9268,211167
2025-04-23,2750.1001,2763.8999,2675.1001,2685.6001,2667.5557,603774
2025-04-24,2690,2736.3,2673,2729.2,2710.8625,562050
2025-04-25,2726,2739.8999,2675.2,2734.8,2716.425,649356
2025-04-28,2735,2773.7,2723.3,2753.3999,2734.8999,416635
2025-04-29,2753.1001,2755.6001,2719,2745.7,2727.2517,890929
2025-04-30,2735,2750.8999,2718.8999,2737.5,2719.1069,662477
2025-05-02,2725.6001,2771.8,2695.8,2724,2705.6975,798849
2025-05-05,2730,2773,2718.3,2755.1001,2736.5889,661587
2025-05-06,2754,2764.5,2718,2728.7,2710.366,288396
2025-05-07,2699,2727.3,2682.3999,2699.8999,2681.7595,417883
2025-05-08,2685,2709.6001,2676.5,2698.7,2680.5674,966461
2025-05-09,2676.8999,2684,2626.6001,2634.8,2617.0969,444671
2025-05-12,2671.1001,2761.8999,2671.1001,2742.8,2724.3713,498304
2025-05-13,2741,2748,2702.7,2708.7,2690.5002,313964
2025-05-14,2719.8999,2747,2705.3,2737.2,2718.8091,330652
2025-05-15,2734.3,2829.5,2720,2824.8,2805.8203,1353535
2025-05-16,2845,2845,2775.1001,2804.2,2785.3586,700214
2025-05-19,2820,2820.1001,2721,2727,2708.6775,575525
2025-05-20,2754,2754,2710.2,2720.8,2702.519,520661
2025-05-21,2717,2749.8999,2692.2,2706.8999,2688.7124,304264
2025-05-22,2700,2702.3,2648.3,2674.6001,2656.6296,541069
2025-05-23,2675,2746.8999,2651,2659.3999,2641.5315,990691
2025-05-26,2672.5,2696.6001,2640.1001,2656.3999,2638.5515,435977
2025-05-27,2656,2658.3999,2595,2614.2,2596.6353,874537
2025-05-28,2620.8,2620.8,2570.1001,2577.6001,2560.2815,849149
2025-05-29,2577.6001,2593.8999,2552.2,2573.6001,2556.3083,616258
2025-05-30,2575,2604.8999,2536,2545.8,2528.6948,1203864
2025-06-02,2546,2549.6001,2511,2524.1001,2507.1406,1209305
2025-06-03,2543,2563,2512.1001,2552.3999,2535.2505,1493898
2025-06-04,2556.3,2573.1001,2541.8,2549.7,2532.5688,529006
2025-06-05,2555.1001,2599,2538.8999,2554.3999,2537.2371,950620
2025-06-06,2559.8,2578.1001,2536.1001,2574.3999,2557.1025,414844
2025-06-09,2585.8999,2614.8999,2574.7,2608.5,2590.9736,552351
2025-06-10,2710,2742,2666.6001,2708,2689.8052,2885229
2025-06-11,2708.1001,2733.8999,2678.2,2722.2,2703.9097,812149
2025-06-12,2718.1001,2729,2676,2689.1001,2671.032,545570
2025-06-13,2652.1001,2687.7,2635.8,2663.8,2645.9021,538879
2025-06-16,2665,2714,2652.1001,2704.8999,2686.7258,494993
2025-06-17,2704.8999,2706.3,2665,2671.3999,2653.4509,241142
2025-06-18,2671.3999,2696.3,2667.3,2675.3999,2657.4241,342289
2025-06-19,2680,2712,2670,2693.2,2675.1045,609547
2025-06-20,2683,2732.8999,2683,2712.6001,2694.3743,1232377
2025-06-23,2700,2737.5,2678.1001,2723.7,2705.3994,728851
2025-06-24,2746,2801.8,2737.3,2780.8999,2762.2153,1562447
2025-06-25,2791.8999,2843,2786.5,2831.8,2812.7732,948185
2025-06-26,2840,2894.8999,2832,2883.3,2863.9272,1392932
2025-06-27,2896,2896,2844.3999,2861.1001,2841.8765,678859
2025-06-30,2863.3,2890,2836.7,2844.5,2825.3879,447868
2025-07-01,2842.5,2870,2842.5,2848.1001,2828.9639,535639
2025-07-02,2870,2878.8999,2835,2849.8,2830.6523,917118
2025-07-03,2848.3999,2849.8999,2810.8,2817.6001,2798.6689,393434
2025-07-04,2817.6001,2820,2785.7,2805.8999,2787.0474,286779
2025-07-07,2810,2819.8999,2775,2779.1001,2760.4275,278677
2025-07-08,2780,2841.3,2778.2,2820.8,2801.8472,846061
2025-07-09,2813,2830,2793.6001,2797.8999,2779.1008,659109
2025-07-10,2797.8999,2809.8,2769,2775.1001,2756.4543,780215
2025-07-11,2775.1001,2807.5,2756.3999,2762,2743.4421,476850
2025-07-14,2774,2809,2755.1001,2784.3999,2765.6917,2913912
2025-07-15,2789,2812.1001,2762.8,2778.6001,2759.9309,450965
2025-07-16,2784,2784,2758,2762.3999,2743.8396,372782
2025-07-17,2762,2777.7,2742.3,2766.3,2747.7134,720281
2025-07-18,2771,2774,2716.5,2728.5,2710.1672,797380
2025-07-21,2728,2751.5,2713.2,2741.8999,2723.4773,616378
2025-07-22,2752.8999,2759,2717.5,2722.7,2704.4063,664321
2025-07-23,2735.6001,2736,2701.5,2709.1001,2690.8977,373864
2025-07-24,2709.1001,2743.3,2667.3,2735.8999,2717.5176,997645
2025-07-25,2735,2735.8999,2694.2,2708.6001,2690.4011,360857
2025-07-28,2704.1001,2754.5,2697,2727.2,2708.8762,547126
2025-07-29,2727.2,2750,2705,2743,2724.5701,743512
2025-07-30,2740,2794,2733.1001,2758.6001,2740.0652,772901
2025-07-31,2735,2771.8,2727.7,2746.3999,2727.947,581498
2025-08-01,2748,2766.5,2716,2722.2,2703.9097,329586
2025-08-04,2730,2792.3,2720.8,2787.8,2769.0691,570201
2025-08-05,2799,2824.8999,2784.7,2797.2,2778.4058,782631
2025-08-06,2800,2800,2758,2765.8,2747.2168,393906
2025-08-07,2764,2772.7,2718.8,2743.7,2725.2651,591589
2025-08-08,2743.7,2748.8999,2672.6001,2691.6001,2673.5154,1162918
2025-08-11,2726,2795,2720,2758.8999,2740.363,1236332
2025-08-12,2757,2761.8999,2705.1001,2740.3999,2731.8894,553341
2025-08-13,2760,2766,2725.5,2745.8999,2737.3723,479944
2025-08-14,2745.8999,2770,2731.1001,2764.8999,2756.3132,618912
2025-08-18,2795,2865.3999,2776.5,2845.8999,2837.0618,1279195
2025-08-19,2845.8999,2854,2803.2,2828.3,2819.5166,372899
2025-08-20,2828.3,2883.6001,2807.3999,2864.8999,2856.0027,930944
2025-08-21,2880,2898.3999,2855,2881.2,2872.2522,1138327
2025-08-22,2881.1001,2881.1001,2801.3999,2813.8,2805.0615,671902
2025-08-25,2825.7,2832.7,2791.6001,2811.3999,2802.6689,591824
2025-08-26,2803.6001,2818.5,2780.3999,2796.2,2787.5161,425619
2025-08-28,2775,2806,2772.2,2784.3,2775.6531,528080
2025-08-29,2784.3,2797.8,2762.7,2775.6001,2766.9802,542362
2025-09-01,2778,2816.8,2773.3999,2803.8999,2795.1921,499161
2025-09-02,2815,2820,2773.7,2779.8,2771.1672,468533
2025-09-03,2789,2809.2,2770.5,2781.3999,2772.762,500510
2025-09-04,2801,2865.2,2801,2809.8,2801.074,1177036
2025-09-05,2810,2837.5,2786.1001,2804,2795.292,495200
2025-09-08,2795.1001,2823.8999,2795.1001,2804.1001,2795.3918,229922
2025-09-09,2804.1001,2823.7,2786.5,2795.8999,2787.217,388718
2025-09-10,2795.8999,2818,2775.6001,2785.8,2777.1484,421783
2025-09-11,2782.3999,2806.3999,2771,2799,2790.3074,217951
2025-09-12,2799,2818,2789.1001,2802,2793.2981,168095
2025-09-15,2795,2819.8,2785,2802.3999,2793.6968,291664
2025-09-16,2811.8999,2848.5,2804,2843,2834.1709,546549
2025-09-17,2855,2881,2850,2865.3999,2856.5012,785107
2025-09-18,2878,2883,2852,2878.8,2869.8596,513800
2025-09-19,2876.1001,2891.3,2848.3,2877.8999,2868.9624,790137
2025-09-22,2860,2911,2848.8,2854.1001,2845.2366,751168
2025-09-23,2858.8999,2873.8,2808.1001,2813.5,2804.7625,702680
2025-09-24,2813.5,2838.7,2797.8999,2807.3999,2798.6814,316532
2025-09-25,2810,2833.2,2771.2,2778.6001,2769.9709,723479
2025-09-26,2775,2810,2736.2,2746.8,2738.2695,523045
2025-09-29,2740.1001,2765.7,2700.5,2746.8999,2738.3691,541455
2025-09-30,2747,2769,2746.1001,2756.8999,2748.3381,440278
2025-10-01,2767.8999,2796.2,2732,2789.7,2781.0364,353196
2025-10-03,2800,2806.8,2766,2791.3999,2782.731,708063
2025-10-06,2765.1001,2814.1001,2765.1001,2807.3999,2798.6814,298274
2025-10-07,2800,2825,2790.3,2808,2799.2795,245369
2025-10-08,2819,2823.3999,2764.7,2778.2,2769.572,339604
2025-10-09,2781.3999,2817.3,2778.2,2810.6001,2801.8716,404859
2025-10-10,2810.6001,2832.8,2788.3,2811,2802.2703,582587
2025-10-13,2791.1001,2812,2778.5,2798,2789.3105,280622
2025-10-14,2798,2808,2757.8999,2775.8,2767.1797,316183
2025-10-15,2780,2824.8999,2774.2,2816.8,2808.0522,459912
2025-10-16,2825.7,2875,2817.1001,2859.8,2850.9187,517682
2025-10-17,2862,2886,2826.3,2836.2,2827.3918,334522
2025-10-20,2849,2874,2838,2854,2845.1367,374581
2025-10-21,2875.8999,2875.8999,2861.5,2870.7,2861.7847,48792
2025-10-23,2884,2914.5,2856,2864.6001,2855.7039,511585
2025-10-24,2864.6001,2877,2823,2841.3,2832.4761,456226
2025-10-27,2859,2934,2847.6001,2923.8999,2914.8196,764132
2025-10-28,2932.7,2959.6001,2914.1001,2932.8999,2923.7915,1056504
2025-10-29,2945.8999,2977.8,2940,2958.7,2949.5115,711559
2025-10-30,2960,2965.8999,2922.6001,2950.3999,2941.2373,446894
2025-10-31,2950.3999,2954.3999,2880,2891.7,2882.7195,576935
2025-11-03,2896,2919.8999,2872.5,2899.8999,2890.894,297012
2025-11-04,2908.8999,2909.8999,2872,2882,2873.0498,229856
2025-11-06,2797.1001,2800,2692,2700.1001,2691.7146,1986853
2025-11-07,2700,2738,2675.7,2724.6001,2716.1387,1101889
2025-11-10,2738,2789,2728.7,2762.8999,2754.3196,489522
2025-11-11,2775,2780.1001,2737.5,2775.8,2767.1797,399693
2025-11-12,2788.3999,2793.7,2755,2767.3999,2758.8054,531304
2025-11-13,2766.6001,2785,2746.2,2777.8,2769.1733,687031
2025-11-14,2777.2,2790,2761,2783.3999,2774.7559,510972
2025-11-17,2790,2799,2771.1001,2790.3,2781.6345,459047
2025-11-18,2788,2790.3,2750,2762,2753.4224,437943
2025-11-19,2770,2774,2739.1001,2744.7,2736.176,468941
2025-11-20,2760,2764.3,2745,2748.6001,2740.0642,519341
2025-11-21,2750,2756.8999,2723,2734.8,2726.3069,471626
2025-11-24,2734.8999,2740.3,2679.3999,2688.7,2680.3501,917195
2025-11-25,2688.1001,2712,2680,2686.8,2678.4561,558631
2025-11-26,2686.8,2746.6001,2686.8,2744,2735.4783,444974
2025-11-27,2748,2748.5,2712,2740,2731.4907,399328
2025-11-28,2747.2,2748,2727.5,2739.3999,2730.8926,297155
2025-12-01,2750,2753.1001,2700,2731.5,2723.0171,288096
2025-12-02,2717.1001,2741.1001,2717.1001,2735,2726.5063,388195
2025-12-03,2744,2744,2707.2,2720.3,2711.8521,435124
2025-12-04,2720.3,2742.5,2710,2730.3999,2721.9204,276879
2025-12-05,2730.5,2750.3999,2716.8999,2747,2738.469,173909
2025-12-08,2747,2769.8999,2730,2744.2,2735.6777,715725
2025-12-09,2740,2779.6001,2726.5,2746,2737.4722,419760
2025-12-10,2770.8999,2779.8,2740.8999,2746.8,2738.2695,344470
2025-12-11,2757,2802.7,2742.7,2797.8,2789.1113,453706
2025-12-12,2814,2845.2,2796.6001,2836.7,2827.8904,927504
2025-12-15,2836.7,2849.8999,2817,2821,2812.2393,736238
2025-12-16,2822,2832.7,2786.2,2799.1001,2790.4072,545921
2025-12-17,2785.2,2814.8999,2780,2806.6001,2797.884,420053
2025-12-18,2810,2820,2786.8999,2807.6001,2798.8809,252763
2025-12-19,2800,2831.1001,2790.1001,2812.5,2803.7656,546550
2025-12-22,2812.7,2858,2798.1001,2809.7,2800.9741,796031
2025-12-23,2811,2842.7,2811,2829.8,2821.012,399009
2025-12-24,2830.8,2862.8999,2820,2826.8999,2818.1208,444617
2025-12-26,2828,2840.3999,2809.3,2817.7,2808.9495,506240
2025-12-29,2821,2850,2812.5,2842.3999,2833.5725,607462
2025-12-30,2847,2857.1001,2827.2,2841.7,2832.8748,729640
2025-12-31,2844.5,2864,2803.5,2829,2820.2144,327956
2026-01-01,2833,2854.8999,2822.3,2851.7,2842.8438,449775
2026-01-02,2856.8999,2882,2845.1001,2856.3999,2847.5291,698682
2026-01-05,2871,2893,2842.5,2848.8999,2840.0525,861522
2026-01-06,2860,2880,2845.5,2865.3,2856.4016,720656
2026-01-07,2880,2880,2829.1001,2837.1001,2828.2893,287536
2026-01-08,2821,2831.8999,2787.1001,2792,2783.3291,437229
2026-01-09,2799.8,2807.8999,2766.7,2776.8999,2768.2761,556140
2026-01-12,2763,2821.6001,2738.3,2806.7,2797.9834,476367
2026-01-13,2799,2814.8,2759.1001,2774.2,2765.5845,875758
2026-01-14,2774,2821.1001,2755.1001,2795.8,2787.1174,452326
2026-01-15,2795.8,2795.8,2795.8,2795.8,2787.1174,0
2026-01-16,2810.8,2827.3,2791,2809.6001,2800.8748,678922
2026-01-19,2796,2821.6001,2768.8,2780,2771.3665,586951
2026-01-20,2783,2790.8,2706,2713.6001,2705.1729,411054
2026-01-21,2718.8999,2752,2708.3,2735.6001,2727.1045,939481
2026-01-22,2742.5,2799,2742.5,2787.6001,2778.9429,870158
2026-01-23,2789.8999,2805,2752.5,2759,2750.4316,606097
2026-01-27,2798,2866.8999,2773,2856.2,2847.3298,1521231
2026-01-28,2870.1001,2891.2,2831.1001,2839.1001,2830.283,508906
2026-01-29,2826.6001,2852.8999,2808.7,2831.7,2822.9058,680590
2026-01-30,2837.5,2839.6001,2807.8999,2819,2810.2454,1083570
2026-02-02,2740,2781.8999,2713,2774.6001,2765.9834,929579
2026-02-03,2869,2869,2801.1001,2808.8999,2800.1768,1232908
2026-02-04,2808.8999,2863.8,2808.8999,2844.8999,2836.0649,566105
2026-02-05,2830.1001,2877.3,2825,2863.8999,2855.0059,762775
2026-02-06,2864,2879,2820.7,2836.8999,2828.0896,361882
2026-02-09,2859.8999,2939.8,2846.5,2926.3,2917.2122,681768
2026-02-10,2943,2962,2919.2,2953.8999,2944.7263,624992
2026-02-11,2979,2979,2894.8999,2932.6001,2923.4927,1015218
2026-02-12,2940.3999,2940.5,2907.6001,2925.5,2916.4146,420088
2026-02-13,2929.3,2934,2877.3999,2888,2879.031,419620
2026-02-16,2870,2918,2861.3,2912.7,2903.6543,285131
2026-02-17,2902.1001,2917,2880.2,2900.3999,2891.3926,458126
2026-02-18,2900,2938.8999,2900,2933.8,2924.689,350421
2026-02-19,2928.1001,2960,2846.8999,2864.3,2855.4048,388104
2026-02-20,2864.8999,2890,2822.7,2832.8,2824.0024,597887
2026-02-23,2844,2883.7,2839.7,2873.3999,2864.4763,593878
2026-02-24,2850.2,2886.7,2847.3999,2879.3,2870.3582,593814
2026-02-25,2892,2910.7,2867.1001,2878.3999,2869.4607,595400
2026-02-26,2881.5,2889.8999,2846.6001,2863.5,2854.6072,662746
2026-02-27,2845,2864.6001,2784,2799.8,2791.105,1153378
2026-03-02,2729.8,2786.3,2696.3999,2777.3,2768.6748,900872
2026-03-04,2727,2742.2,2645,2683.2,2674.8669,928520
2026-03-05,2685,2731.8999,2656.8,2724.1001,2715.6401,1101224
2026-03-06,2701.5,2759.3999,2687.2,2718.3999,2709.9578,1457401
2026-03-09,2659,2692.8,2631,2681.2,2672.8733,1019315
2026-03-10,2701,2753,2694.2,2743.8999,2735.3784,1035360
2026-03-11,2726.6001,2762.8,2714.8,2735.6001,2727.1045,1492588
2026-03-12,2711.2,2727.3999,2660.6001,2673.1001,2664.7986,952036
2026-03-13,2655,2664,2563.1001,2568.6001,2560.623,1309585
2026-03-16,2570,2661.3999,2565,2654.3999,2646.1565,1531881
2026-03-17,2655.1001,2699,2650,2683.3,2674.9668,603520
2026-03-18,2699,2732.8999,2686.7,2723.1001,2714.6433,933801
2026-03-19,2700,2700,2600.1001,2607.8999,2599.8008,1270396
2026-03-20,2622.1001,2662.7,2608.3,2616.3,2608.1748,1510096
2026-03-23,2591,2598,2502.5,2531.1001,2523.2395,1936926
2026-03-24,2565.5,2600.7,2523,2549.3999,2541.4824,2303237
2026-03-25,2561.8,2668.3999,2561.8,2647.8,2639.5771,1656810
2026-03-27,2651,2655,2604.6001,2628.2,2620.0378,2406056
2026-03-30,2620.1001,2620.1001,2540,2557.7,2549.7568,1978678
2026-04-01,2602,2613.3,2576,2592.8,2584.7478,651446
2026-04-02,2574.8999,2574.8999,2514.2,2564.1001,2556.137,522088
2026-04-06,2545,2625.3,2533,2614.3999,2606.2808,720478
2026-04-07,2592,2632.8,2576.6001,2621,2612.8604,632051
2026-04-08,2698,2794.8999,2690.5,2756.2,2747.6404,816578
2026-04-09,2740.1001,2772.5,2723,2740.5,2731.9893,788928
2026-04-10,2750,2779.1001,2727.2,2742.6001,2734.0828,611392
2026-04-13,2694.1001,2739,2682.8999,2713,2704.5745,1259991
2026-04-15,2739,2793.2,2732,2741.3999,2732.8862,665607
2026-04-16,2745.8999,2755.3,2696,2717.3,2708.8613,803379
2026-04-17,2720,2736.6001,2692.3,2720.5,2712.0513,427517
2026-04-20,2730.5,2771.8999,2697.3,2760.1001,2751.5283,702964
2026-04-21,2772,2792,2755,2777.7,2769.0735,686149
2026-04-22,2774.3999,2810,2755.6001,2776.6001,2767.9771,924150
2026-04-23,2762.3,2768.3999,2727,2735,2726.5063,859207
2026-04-24,2760.7,2768.8999,2732.1001,2739.3,2730.793,1109759
2026-04-27,2766,2810.8999,2752.2,2778.2,2769.572,986204
2026-04-28,2780,2848.2,2772,2783,2774.3572,1561588
2026-04-29,2798,2838.6001,2777,2803.2,2794.4944,976666
2026-04-30,2783,2801.3999,2727,2794.5,2785.8215,1130223
2026-05-01,2794.5,2794.5,2794.5,2794.5,2785.8215,0
2026-05-04,2805,2865.8,2805,2856,2847.1304,977675
2026-05-05,2831,2879.8999,2823.6001,2871.5,2862.5823,947423
2026-05-06,2885.5,2923.3,2872.3,2914.8,2905.7478,362970
2026-05-07,2902.3,2975,2900,2960.6001,2951.4058,603383
2026-05-08,2960.6001,2980.3999,2932.1001,2968.6001,2959.3809,505248
2026-05-11,2954.1001,3007.3,2928,2984.2,2974.9324,567800
2026-05-12,2980,2984.2,2893.7,2903,2893.9846,467500
2026-05-13,2910.3,2969.3,2910,2945.6001,2936.4524,1332833
2026-05-14,2955,2983.3,2933.1001,2938.7,2929.5735,1652596
2026-05-15,2938.8999,2968.3999,2924.3,2933.8,2924.689,1586864
2026-05-18,2906,2955.5,2885.2,2943.8,2934.658,800447
2026-05-19,2955,2970,2919.8999,2935.2,2926.0845,637116
2026-05-20,2908.2,2988,2880.6001,2971.1001,2961.873,1306216
2026-05-21,3060.7,3180,3021,3154.5,3144.7034,4417489
2026-05-22,3178,3187.6001,3142,3155.3,3145.501,906466
2026-05-25,3180,3192.3,3128.1001,3171.6001,3161.7505,620009
2026-05-26,3168.3999,3196.2,3155,3165,3155.1709,984415
2026-05-27,3158,3197.5,3158,3170,3160.1553,317539
2026-05-28,3170,3170,3170,3170,3160.1553,0
2026-05-29,3175,3190.3,3111.3999,3122.3999,3112.7031,1635193
2026-06-01,3151.3999,3158,3084.3,3102.6001,3092.9648,644142
2026-06-02,3076,3104.3,3061,3097.6001,3087.9802,461140
2026-06-03,3099,3114.8999,3060,3101.6001,3091.9678,460368
2026-06-04,3100.1001,3138.8,3085.8,3103.5,3093.8618,957529
2026-06-05,3109,3124.6001,3066.2,3087.7,3078.1108,697168
2026-06-08,3060,3099.8999,3034.8999,3050.1001,3040.6277,687274
2026-06-09,3070.2,3109.5,3067.8,3095.5,3085.8867,923351
2026-06-10,3090,3132,3065.5,3071.2,3061.6621,792811
2026-06-11,3058,3109,3045.8,3089.5,3079.9053,613443
2026-06-12,3120,3120,3075,3105.5,3095.8557,536817
2026-06-15,3168,3175,3131,3164.5,3154.6724,1033542
2026-06-16,3180,3183,3133.8,3140.3,3130.5476,308307
2026-06-17,3150,3200,3115.8999,3150.3999,3140.616,395269
2026-06-18,3158.5,3168.8999,3109.2,3145.1001,3135.3328,667101
2026-06-19,3135.1001,3167,3130,3149.5,3139.719,534084
2026-06-22,3157.1001,3180.1001,3128.2,3175.2,3165.3391,368611
2026-06-23,3185,3186,3126.1001,3144.3,3134.5352,705875
2026-06-24,3135,3142.7,3097,3127.8999,3118.186,706788
2026-06-25,3131.8999,3156,3115.1001,3126.6001,3116.8901,785517
2026-06-26,3126.6001,3126.6001,3126.6001,3126.6001,3116.8901,0
2026-06-29,3145,3145,3072.3,3080.2,3070.634,1286143
2026-06-30,3085,3128.8999,3080.5,3100,3090.3728,868872
2026-07-01,3115,3145,3083.5,3140.3999,3130.6472,490262
2026-07-02,3153,3173.8999,3134.3999,3169.2,3159.3577,449711
2026-07-03,3180,3219.3,3165,3180.8999,3171.0212,425942
2026-07-06,3182.2,3218,3172,3213,3203.0217,386276
2026-07-07,3201,3222,3172.8999,3190.8999,3180.9902,571660
2026-07-08,3174,3188.8,3121.3999,3134.8,3125.0647,477890
2026-07-09,3139,3222,3136.3,3191.8999,3181.9873,936756
2026-07-10,3204.8,3246,3202,3213.6001,3203.6201,515666
2026-07-13,3202.3999,3216.3,3125.2,3144.3,3134.5352,654390
2026-07-14,3138,3153.5,3093.1001,3113.3,3103.6313,1058130
2026-07-15,3120,3150,3080,3086.1001,3076.5159,726262
2026-07-16,3086.7,3105,3060,3072.8999,3063.3567,536911
2026-07-17,3079.3999,3118,3065.3999,3109.7,3100.0425,622540
2026-07-20,3135,3155.8999,3085,3143.8,3134.0366,349776
2026-07-21,3150.1001,3195.1001,3135.6001,3179.8,3169.9248,659160
2026-07-22,3163.1001,3177.1001,3146.6001,3166.3,3156.4668,396629
2026-07-23,3166,3180,3096,3113,3103.3323,327446
2026-07-24,3100,3100,3066.3999,3089.3999,3079.8054,341560
2026-07-27,3100,3120,3086.1001,3112.3999,3102.7341,266078
2026-07-28,3108.7,3126.6001,3101.7,3116.2,3106.5225,388153
2026-07-29,3131.8,3149,3105.1001,3113,3103.3323,304356
2026-07-30,3115,3115.5,3085.5,3104.8,3095.158,301353
2026-07-31,3115.7,3135.8999,3092.6001,3100.8,3091.1702,309447
2026-08-03,3120,3260,3103.1001,3260,3249.8757,393816
2026-08-04,3219,3219.1001,3115,3138,3128.2546,770936
2026-08-05,3150,3228.7,3135.8,3224,3213.9875,692531
2026-08-06,3223.1001,3232.8,3183.6001,3220,3210,365593
2026-08-07,3220,3349.6001,3183,3323,3323,1071215
2026-08-10,3324,3411.1001,3290.2,3380.5,3380.5,2568033
2026-08-11,3360,3402.8,3301.8999,3322.2,3322.2,755928
2026-08-12,3325.1001,3393.8999,3270.6001,3307.8,3307.8,2309486
2026-08-13,3299.3,3299.3,3201,3257,3257,1041544
2026-08-14,3264.8,3264.8,3221,3248.7,3248.7,476082
2026-08-17,3240,3272.2,3223.5,3250.5,3250.5,1324345
2026-08-18,3257,3297.7,3250.5,3278.7,3278.7,1498859
2026-08-19,3278.7,3278.7,3223,3270,3270,978120
2026-08-20,3280,3310,3250,3300,3300,1182213
2026-08-21,3280,3343.1001,3258,3308,3308,1465361
2026-08-24,3316,3316,3263,3288,3288,1615909
2026-08-25,3287.8999,3300.2,3222.1001,3289.6001,3289.6001,1752045
2026-08-26,3291,3310,3262.3999,3299.8999,3299.8999,1112414
2026-08-27,3289,3299.8,3258,3258,3258,733124
2026-08-28,3261,3292.5,3229,3290,3290,676185
2026-08-31,3290,3371,3250,3371,3371,1019104
2026-09-01,3337,3337,3287.1001,3305,3305,818556
2026-09-02,3292,3298.3,3235.5,3294.8999,3294.8999,1085964
2026-09-03,3275.1001,3325.2,3275.1001,3310,3310,2310916
2026-09-04,3318.8999,3332.6001,3268.1001,3322,3322,892704
2026-09-07,3322,3327.7,3293,3302.3999,3302.3999,1179298
2026-09-08,3302.3999,3318.2,3277,3306.8,3306.8,875447
2026-09-09,3305,3320,3279,3300,3300,850901
2026-09-10,3290,3324.3999,3279.8999,3319,3319,1056285
2026-09-11,3302.3999,3302.3999,3267,3281.8999,3281.8999,515990
2026-09-14,3281.8999,3281.8999,3281.8999,3281.8999,3281.8999,0
2026-09-15,3263.3,3272,3171,3171,3171,1332882
2026-09-16,3190,3201.8,3159.1001,3187,3187,859973
2026-09-17,3190,3205,3159,3173.1001,3173.1001,738188
2026-09-18,3175,3209.2,3174.5,3209.2,3209.2,682793
2026-09-21,3204.8999,3217.3,3166,3166,3166,187000
2026-09-22,3171,3180.8,3125,3128.2,3128.2,692941
2026-09-23,3138,3190,3127.1001,3188.5,3188.5,411551
2026-09-24,3151,3203.7,3150.6001,3166.5,3166.5,471338
2026-09-25,3175,3212.5,3161,3191,3191,773413
2026-09-28,3186,3186,3138,3150,3150,746885
2026-09-29,3149.2,3151.5,3089,3100,3100,1153762
2026-09-30,3100,3112.3,3046.3999,3061.8999,3061.8999,448156
2026-10-01,3038,3045,2944.3999,2962,2962,1385746
2026-10-02,,,,,,
