date,open,high,low,close,adj_close,volume
2020-05-04,651.5695,651.5695,626.9155,643.0286,623.3121,997080
2020-05-05,650.3954,659.0536,624.0685,627.9427,608.6888,690784
2020-05-06,627.7372,645.1124,610.186,616.144,597.2519,1037259
2020-05-07,616.2908,630.3787,613.4145,619.1671,600.1823,568836
2020-05-08,624.8022,629.4102,608.2488,612.4459,593.6672,537518
2020-05-11,620.1063,621.5151,597.272,604.6682,586.1279,978421
2020-05-12,602.3202,607.7793,584.8276,595.9512,577.6783,927820
2020-05-13,616.3495,623.3934,601.6745,613.2677,594.4637,919832
2020-05-14,592.8695,633.9595,581.8926,615.8505,596.9674,2900407
2020-05-15,617.1713,639.5066,610.5088,635.4857,616.0005,2088955
2020-05-18,636.8064,636.8945,581.1295,585.2678,567.3224,1227416
2020-05-19,607.5151,611.1252,587.7332,599.2384,580.8647,1966195
2020-05-20,599.0623,610.4795,589.6116,600.3831,581.9742,910101
2020-05-21,601.6745,608.425,593.2217,599.7667,581.3768,1097651
2020-05-22,596.9785,605.6661,587.8213,595.8045,577.536,902873
2020-05-26,598.7395,609.8925,595.8045,599.8842,581.4905,834871
2020-05-27,601.6745,603.0833,593.163,598.0351,579.6982,856416
2020-05-28,601.5571,630.9658,599.3558,628.97,609.6846,1528372
2020-05-29,628.97,644.9951,622.2195,639.3599,619.7559,2199248
2020-06-01,648.6345,673.2884,646.6973,660.6679,640.4106,1242670
2020-06-02,661.6658,669.7664,647.343,651.364,631.3919,913327
2020-06-03,660.3745,672.7014,652.7434,662.2822,641.9753,1349215
2020-06-04,660.3745,667.4184,648.1355,653.5652,633.5258,1052675
2020-06-05,656.7937,685.6154,656.7937,675.4016,654.6926,2231351
2020-06-08,686.5546,689.5776,659.9929,663.8671,643.5117,1212377
2020-06-09,666.2444,674.1396,655.649,659.0536,638.8459,597789
2020-06-10,656.2654,662.7224,641.4437,646.9028,627.0675,671406
2020-06-11,648.3997,653.8587,625.2719,627.5024,608.262,734240
2020-06-12,601.9973,633.2551,601.8799,627.297,608.0629,618753
2020-06-15,624.9783,633.9595,609.8925,615.6744,596.7967,703736
2020-06-16,626.9155,626.9155,598.2405,606.1944,587.6074,1161290
2020-06-17,604.0225,611.5948,599.3265,603.1713,584.6769,828596
2020-06-18,602.2028,619.1671,600.8233,612.3578,593.5818,832489
2020-06-19,613.4145,630.7897,613.4145,626.2698,607.0672,1280919
2020-06-22,626.3284,645.6407,626.3284,636.2194,616.7117,873430
2020-06-23,648.6345,654.3283,636.8945,646.4625,626.6407,829155
2020-06-24,654.5045,664.4834,638.7142,642.3535,622.6578,1154522
2020-06-25,642.7645,661.2256,636.102,651.6281,631.6479,1087476
2020-06-26,662.7224,662.7224,650.4248,655.3262,635.2328,984488
2020-06-29,654.4457,655.0621,641.385,645.2299,625.4459,492003
2020-06-30,647.9007,661.5484,641.5905,643.733,623.9949,936971
2020-07-01,643.733,651.0411,635.3976,642.7351,623.0276,817424
2020-07-02,648.2822,654.2109,637.863,642.5003,622.8001,864041
2020-07-03,646.8734,677.2213,643.5862,674.5798,653.896,3237140
2020-07-06,689.607,697.3554,677.9844,682.2695,661.3499,5129423
2020-07-07,688.4623,692.6594,679.7748,688.3743,667.2675,1610429
2020-07-08,686.7894,697.238,668.4457,678.8649,658.0497,1630873
2020-07-09,684.4414,686.4959,669.5316,671.8796,651.2786,1032811
2020-07-10,675.0494,679.7454,663.6323,667.9174,647.4378,792293
2020-07-13,671.1752,674.9026,658.4373,671.322,650.738,1033135
2020-07-14,670.9404,683.8544,660.3745,663.779,643.4263,1393536
2020-07-15,671.5274,683.8544,666.2737,679.2465,658.4194,1711907
2020-07-16,681.5064,687.9634,668.6218,681.0955,660.2119,1019074
2020-07-17,681.0955,685.0284,666.2444,680.303,659.4438,1222232
2020-07-20,683.5022,697.2086,681.0368,692.6887,671.4496,1868359
2020-07-21,703.2254,703.4896,687.9634,692.043,670.8237,1643962
2020-07-22,692.043,696.3868,679.3345,689.6657,668.5192,951563
2020-07-23,689.6657,693.4812,682.0934,685.0871,664.0811,674775
2020-07-24,683.737,691.4854,673.8754,681.5651,660.6671,1005777
2020-07-27,678.6595,680.8314,656.3241,667.1836,646.7265,1470062
2020-07-28,669.1207,673.2297,659.083,670.8524,650.2828,670791
2020-07-29,669.6197,676.3408,664.1899,674.345,653.6683,1113167
2020-07-30,680.215,681.389,667.1249,670.6176,650.0552,1033389
2020-07-31,669.1794,683.8544,666.2444,682.1227,661.2076,874540
2020-08-03,683.7957,688.9026,672.7014,674.8439,654.1521,1065946
2020-08-04,678.1605,692.6594,676.2527,687.259,666.1863,1245679
2020-08-05,691.8963,695.4183,684.236,686.9068,665.845,986934
2020-08-06,687.5818,692.7474,679.0704,680.5966,659.7282,554710
2020-08-07,679.7454,683.737,670.4121,676.4288,655.6883,996912
2020-08-10,670.9404,676.2234,657.909,664.6595,644.2798,1513038
2020-08-11,668.0054,688.5504,661.5778,679.9215,659.0739,1755093
2020-08-12,677.3974,693.2464,667.1836,688.5211,667.4097,1380423
2020-08-13,693.2464,695.0074,680.9194,691.6028,670.397,1519478
2020-08-14,695.5944,743.1414,690.2527,711.3847,689.5723,9265004
2020-08-17,718.3113,731.4014,711.1499,721.393,699.2739,2589613
2020-08-18,722.3322,732.9863,721.8626,729.9926,707.6097,1249266
2020-08-19,731.7242,735.8625,716.1394,718.37,696.3434,895988
2020-08-20,713.087,724.1813,708.7725,714.0262,692.1328,1039610
2020-08-21,725.7662,732.6927,717.3134,725.0618,702.83,1229103
2020-08-24,730.0219,741.3804,717.3721,719.7787,697.709,1512020
2020-08-25,722.5964,728.2609,716.7264,722.1268,699.985,627158
2020-08-26,723.1833,727.85,718.2526,723.4475,701.2653,727189
2020-08-27,728.4664,730.8143,711.5901,713.2044,691.3363,994900
2020-08-28,714.3197,726.1183,714.3197,716.8145,694.8356,899901
2020-08-31,719.0744,721.9507,673.3471,680.8314,659.9559,2229294
2020-09-01,686.2024,696.7684,670.735,691.3386,670.1409,1030776
2020-09-02,696.5336,704.3994,691.1919,702.022,680.4968,935591
2020-09-03,703.5189,717.0492,700.4371,714.8186,692.9009,860135
2020-09-04,704.9864,724.5628,704.4287,715.5524,693.6122,1168401
2020-09-07,716.1394,721.3343,706.9235,718.8983,696.8555,666186
2020-09-08,719.0744,720.9528,702.6971,708.6552,686.9265,947568
2020-09-09,704.3994,705.4266,690.1647,703.4015,681.8339,518157
2020-09-10,704.8397,717.3134,702.3742,714.7012,692.7872,587085
2020-09-11,712.0304,724.2693,710.4749,718.8983,696.8555,968522
2020-09-14,724.9444,729.0533,713.3218,725.2379,703.0007,1026641
2020-09-15,731.9883,770.0259,724.0345,726.5586,704.2809,5700105
2020-09-16,730.697,743.8458,720.6886,737.0366,714.4377,1296324
2020-09-17,733.6907,739.3552,726.4119,736.7137,714.1248,673504
2020-09-18,738.1519,743.7283,726.9402,737.7703,715.1489,943934
2020-09-21,738.1225,739.5607,720.8354,729.9926,707.6097,904406
2020-09-22,729.6404,732.4286,702.4916,714.1729,692.275,774520
2020-09-23,716.3448,733.4559,716.1394,722.3322,700.1843,1606454
2020-09-24,716.7851,718.957,700.6426,711.1205,689.3163,956752
2020-09-25,714.6132,720.1016,696.152,708.9193,687.1825,1048787
2020-09-28,714.5545,743.112,711.3553,731.2839,708.8614,797014
2020-09-29,733.7493,750.0092,725.5314,739.6487,716.9697,979092
2020-09-30,744.6382,754.2943,734.9527,742.2609,719.5018,1590769
2020-10-01,746.7808,749.5983,736.743,740.3531,717.6525,495511
2020-10-05,744.785,756.0554,740.2651,750.4202,727.4109,963249
2020-10-06,755.4683,760.7513,744.1979,749.1581,726.1876,743993
2020-10-07,753.7073,753.7073,739.6193,748.6885,725.7323,575167
2020-10-08,751.3593,762.5123,744.5208,759.6067,736.3157,1063709
2020-10-09,758.462,762.1014,747.5438,753.7367,730.6258,1204752
2020-10-12,752.2692,756.2021,737.1246,739.3552,716.6853,587388
2020-10-13,742.1434,742.1434,716.8438,723.3301,701.1515,795978
2020-10-14,720.2484,727.0282,713.7327,724.827,702.6024,679562
2020-10-15,725.0031,732.3992,719.5146,726.7934,704.5087,894762
2020-10-16,733.1624,744.7556,719.8962,742.8185,720.0422,1625693
2020-10-19,745.4893,753.1204,737.6823,749.4516,726.4721,627414
2020-10-20,748.5124,761.7492,745.6948,755.9086,732.731,872949
2020-10-21,759.6654,765.9756,752.1518,757.6403,734.4095,1060161
2020-10-22,751.3593,762.8058,743.4935,747.9254,724.9926,657944
2020-10-23,747.8373,757.7576,745.4893,750.7723,727.7522,718315
2020-10-26,753.091,755.9966,739.9128,750.3321,727.3255,763818
2020-10-27,753.9715,753.9715,733.3384,743.4642,720.6682,783694
2020-10-28,743.4642,759.5773,733.1624,754.7933,731.6499,1146854
2020-10-29,752.5333,759.8121,744.0219,756.6423,733.4423,713290
2020-10-30,756.6423,771.288,737.8583,744.1686,721.351,1575064
2020-11-02,745.4893,757.2293,740.6172,753.3258,730.2274,415243
2020-11-03,755.439,774.2523,753.3845,766.8268,743.3145,713475
2020-11-04,771.3467,785.1705,764.6842,781.0322,757.0843,918511
2020-11-05,787.1663,794.5625,776.6003,781.7366,757.7671,811169
2020-11-06,780.7093,789.2208,774.8687,780.5919,756.6575,785269
2020-11-09,779.5353,794.9734,778.9189,792.0384,767.7531,631104
2020-11-10,797.6149,807.2123,792.8602,796.9399,772.5043,1011391
2020-11-11,798.9943,812.3192,794.3571,804.1893,779.5313,658549
2020-11-12,804.7469,830.0173,802.7218,824.9398,799.6456,1268634
2020-11-13,817.6903,821.1536,796.118,804.2773,779.6168,760600
2020-11-14,810.0006,812.0551,798.9943,803.749,779.1046,78255
2020-11-17,810.0593,828.2563,801.5771,826.2605,800.9258,588910
2020-11-18,825.9083,841.1703,813.6987,837.1786,811.5092,1265162
2020-11-19,836.9438,847.6273,827.9041,838.0005,812.3058,943355
2020-11-20,838.0298,842.3442,830.8684,836.6504,810.9971,623009
2020-11-23,840.7593,840.7593,817.1033,821.1536,795.9754,768956
2020-11-24,821.1536,828.8433,812.8769,817.5142,792.4476,987249
2020-11-25,818.8643,829.9586,797.1453,800.814,776.2596,968762
2020-11-26,824.7343,900.3985,819.5393,890.3021,863.0038,16340126
2020-11-27,895.1742,900.9268,875.0988,888.3943,861.1545,4639230
2020-12-01,881.0275,906.9142,874.7173,890.8011,863.4875,1706573
2020-12-02,890.0086,892.0925,875.1575,884.5495,857.4276,822677
2020-12-03,890.0086,909.7905,882.6711,900.6039,872.9897,1609994
2020-12-04,902.8052,912.7842,887.5432,897.3755,869.8603,754181
2020-12-07,897.2287,912.7842,892.8262,902.0421,874.3839,675935
2020-12-08,902.0421,909.0274,892.8849,902.952,875.2657,460968
2020-12-09,905.7989,932.7128,904.0085,918.6249,890.4581,2233058
2020-12-10,921.9414,922.4697,895.1742,902.2182,874.5546,529479
2020-12-11,906.7087,908.4991,891.3881,901.4844,873.8433,679584
2020-12-14,904.5662,912.7842,895.4971,906.5914,878.7936,509470
2020-12-15,906.5914,913.7821,897.6103,901.8954,874.2416,1031222
2020-12-16,908.6752,909.6437,899.8702,905.1238,877.3711,278320
2020-12-17,904.5662,917.4802,891.1533,895.9373,868.4662,989850
2020-12-18,895.9373,913.9582,893.7361,903.3922,875.6926,703862
2020-12-21,905.6228,921.0022,845.9543,866.7341,840.1584,1564059
2020-12-22,865.5601,890.0086,846.0424,885.2245,858.082,701639
2020-12-23,888.1302,912.0798,879.9122,909.0274,881.155,649647
2020-12-24,906.9142,912.7842,891.0652,910.2894,882.3783,733125
2020-12-28,911.3167,926.2852,904.0966,923.3209,895.0101,778217
2020-12-29,923.3209,929.2202,912.9603,924.9938,896.6317,561048
2020-12-30,925.8156,928.6332,916.0127,923.5557,895.2377,331812
2020-12-31,921.5892,932.5074,914.5159,924.847,896.4894,491577
2021-01-01,924.847,951.0566,922.411,940.109,911.2835,1258401
2021-01-04,942.0755,949.3836,930.5703,938.2893,909.5196,414105
2021-01-05,933.7694,950.9391,930.3942,946.6834,917.6564,487608
2021-01-06,949.5891,960.0083,940.4612,950.088,920.9565,680610
2021-01-07,952.7002,977.3248,952.5534,958.4528,929.0649,915898
2021-01-08,962.327,977.3541,958.5702,971.4255,941.6398,817922
2021-01-11,971.4255,982.0502,960.8594,973.9495,944.0864,423693
2021-01-12,972.0712,977.3835,962.2389,964.176,934.6126,248715
2021-01-13,963.8531,968.4905,953.2285,955.958,926.6466,723859
2021-01-14,951.5262,971.5428,944.1887,969.2242,939.506,504276
2021-01-15,971.3668,978.9684,945.0985,952.8469,923.6309,376134
2021-01-18,953.8741,969.1655,931.9791,961.0062,931.54,694736
2021-01-19,960.8888,1000.8341,956.8972,985.9537,955.7225,1902928
2021-01-20,989.0941,996.1381,981.5219,987.4799,957.2019,554107
2021-01-21,997.8991,1017.1821,973.6267,979.8489,949.8049,1168738
2021-01-22,984.7504,993.4673,964.2934,976.6791,946.7323,366673
2021-01-25,977.6476,1003.1821,959.0397,981.1403,951.0568,663293
2021-01-27,981.111,981.111,943.631,952.2306,929.6662,558293
2021-01-28,941.9581,965.5555,936.6751,960.4192,937.6608,315669
2021-01-29,971.8951,971.8951,923.2621,931.2454,909.1783,672879
2021-02-01,934.7967,997.8991,918.6542,989.8279,966.3726,609112
2021-02-02,997.8991,1074.2091,997.2828,1067.6641,1042.3643,2005737
2021-02-03,1057.7731,1087.123,1046.0918,1053.6641,1028.6962,1459965
2021-02-04,1053.7228,1102.385,1050.7878,1085.5382,1059.8149,1321905
2021-02-05,1085.9491,1097.0433,1064.2301,1080.0204,1054.4279,533046
2021-02-08,1078.6409,1107.6681,1075.4124,1103.1188,1076.9789,715561
2021-02-09,1103.1188,1115.2991,1081.8401,1087.3579,1061.5914,523867
2021-02-10,1088.8547,1097.2488,1074.2091,1091.7604,1065.8896,386027
2021-02-11,1090.8799,1101.3578,1080.0791,1082.8673,1057.2074,342927
2021-02-12,1085.9491,1108.255,1068.3684,1083.6891,1058.0095,649077
2021-02-15,1090.9386,1112.276,1071.274,1100.8882,1074.8013,1072542
2021-02-16,1099.5674,1121.1691,1065.4041,1075.1189,1049.6425,950327
2021-02-17,1072.4481,1101.7981,1068.3391,1097.8358,1071.8213,919290
2021-02-18,1102.972,1114.125,1081.7227,1093.2865,1067.3795,735700
2021-02-19,1085.0686,1105.0265,1074.2971,1079.3159,1053.74,811099
2021-02-22,1077.7311,1083.5717,1055.2783,1061.0603,1035.917,1062653
2021-02-23,1061.8821,1104.8505,1061.8821,1097.0726,1071.076,816833
2021-02-24,1097.6891,1128.8,1088.884,1117.1188,1090.6471,931707
2021-02-25,1130.561,1144.062,1117.8818,1121.1691,1094.6016,1096815
2021-02-26,1114.125,1141.127,1076.6744,1085.9491,1060.2161,1529158
2021-03-01,1094.3724,1129.974,1084.8632,1120.0537,1093.5126,661736
2021-03-02,1127.0096,1141.714,1117.2655,1138.5736,1111.5935,621651
2021-03-03,1145.236,1150.519,1121.2864,1124.9845,1098.3265,514629
2021-03-04,1116.7665,1151.693,1116.7665,1139.4247,1112.4244,619135
2021-03-05,1138.7791,1145.236,1110.1627,1116.2383,1089.7875,397465
2021-03-08,1120.582,1129.9447,1110.7498,1115.6218,1089.1857,278576
2021-03-09,1118.5275,1128.0076,1106.494,1116.0621,1089.6156,231458
2021-03-10,1118.9678,1128.213,1112.364,1118.2927,1091.7932,279294
2021-03-12,1124.2214,1155.0682,1118.5275,1126.5695,1099.8739,1252340
2021-03-15,1129.6805,1129.6805,1082.7206,1096.8672,1070.8755,464879
2021-03-16,1106.1124,1108.754,1087.4752,1105.5842,1079.386,623024
2021-03-17,1105.5842,1109.4291,1061.6472,1068.7793,1043.4532,499322
2021-03-18,1079.5214,1082.926,1045.9744,1051.4629,1026.547,1045598
2021-03-19,1036.0541,1086.536,1031.9745,1081.7227,1056.0897,726176
2021-03-22,1085.9491,1098.188,1067.7521,1079.3746,1053.7975,780189
2021-03-23,1080.9302,1101.7981,1075.1189,1087.6514,1061.8782,471341
2021-03-24,1076.7919,1092.5234,1052.989,1059.6221,1034.5128,830602
2021-03-25,1056.5991,1066.4607,1043.4209,1058.0665,1032.9943,737171
2021-03-26,1065.9911,1074.2091,1055.2783,1062.3223,1037.1492,359141
2021-03-30,1070.8044,1091.6429,1065.5215,1075.7939,1050.3015,391107
2021-03-31,1086.536,1091.8191,1074.3558,1082.427,1056.7773,287122
2021-04-01,1085.9491,1095.7813,1077.144,1090.7917,1064.944,211872
2021-04-05,1088.7666,1093.5801,1060.2385,1070.9219,1045.5449,257817
2021-04-06,1071.6849,1079.4921,1043.4503,1048.3517,1023.5095,672186
2021-04-07,1051.316,1060.2971,1045.4755,1051.228,1026.3176,396877
2021-04-08,1051.316,1089.7939,1045.5048,1080.8129,1055.2015,616148
2021-04-09,1088.884,1122.343,1080.8422,1085.3621,1059.6429,1805759
2021-04-12,1061.9408,1077.7311,1008.3477,1015.3624,991.302,619387
2021-04-13,1016.0961,1049.0854,1010.2261,1038.8717,1014.2543,370572
2021-04-15,1033.1191,1069.3369,1011.1066,1066.3726,1041.1034,1021140
2021-04-16,1065.7269,1099.5674,1060.2385,1084.6283,1058.9265,1073713
2021-04-19,1051.4042,1067.9868,1040.7501,1052.6661,1027.7218,484238
2021-04-20,1074.0917,1074.0917,1041.337,1054.1924,1029.212,397983
2021-04-22,1051.316,1070.3055,1039.1359,1057.2155,1032.1633,562438
2021-04-23,1063.6431,1068.3097,1047.8235,1056.5697,1031.5328,242720
2021-04-26,1060.1211,1076.1755,1057.1567,1062.5571,1037.3783,312148
2021-04-27,1064.7584,1083.9532,1057.7731,1082.427,1056.7773,308574
2021-04-28,1091.1146,1104.5569,1072.5948,1097.9532,1071.9358,499545
2021-04-29,1115.2991,1125.865,1098.276,1102.0621,1075.9473,1076109
2021-04-30,1103.5591,1122.5485,1096.515,1104.4102,1078.2397,361659
2021-05-03,1092.406,1115.2991,1088.884,1107.0223,1080.7899,278603
2021-05-04,1110.603,1121.1691,1083.014,1103.0601,1076.9216,649765
2021-05-05,1100.037,1109.4291,1073.9449,1077.9952,1052.4507,381819
2021-05-06,1084.4816,1096.9846,1074.2971,1093.4626,1067.5516,205133
2021-05-07,1094.578,1100.8295,1081.3118,1093.6094,1067.6948,207455
2021-05-10,1094.754,1108.9008,1088.884,1105.3201,1079.1282,273001
2021-05-11,1094.2844,1152.8083,1094.2844,1143.8566,1116.7513,1465577
2021-05-12,1195.131,1258.2334,1164.02,1176.2296,1148.3572,8562199
2021-05-14,1186.913,1211.9192,1165.4874,1169.89,1142.1678,1145217
2021-05-17,1175.173,1217.2902,1153.542,1210.3929,1181.7112,1493415
2021-05-18,1213.3279,1222.1329,1187.001,1193.5754,1165.292,758031
2021-05-19,1194.5439,1206.2839,1184.1835,1192.4014,1164.1458,368487
2021-05-20,1188.674,1202.3217,1170.6238,1174.2338,1146.4088,383838
2021-05-21,1178.1079,1185.5042,1159.5294,1165.9865,1138.3568,379487
2021-05-24,1168.129,1194.4852,1159.324,1174.9675,1147.125,619729
2021-05-25,1176.4351,1192.783,1166.0452,1180.2212,1152.2543,605515
2021-05-26,1180.2212,1192.783,1168.129,1171.1814,1143.4287,337271
2021-05-27,1179.869,1205.7556,1172.5021,1199.6509,1171.2236,1491611
2021-05-28,1209.219,1217.9946,1187.9696,1195.8353,1167.4984,551894
2021-05-31,1197.479,1235.0469,1191.609,1224.657,1195.6372,948816
2021-06-01,1224.657,1232.699,1205.11,1208.808,1180.1637,404247
2021-06-02,1214.8248,1236.2209,1212.9757,1226.6235,1197.5571,1001673
2021-06-03,1232.699,1266.0405,1224.5397,1256.5898,1226.8131,1709630
2021-06-04,1267.9189,1278.4849,1236.2209,1244.2921,1214.8068,1204796
2021-06-07,1252.0699,1261.4325,1236.6024,1239.0972,1209.7351,388647
2021-06-08,1240.9169,1262.049,1235.0469,1237.8939,1208.5603,998876
2021-06-09,1237.8939,1250.2795,1215.7346,1220.9296,1191.998,650920
2021-06-10,1229.1769,1238.5396,1222.1329,1228.1497,1199.047,316434
2021-06-11,1230.351,1249.7219,1228.6193,1232.4641,1203.2593,670489
2021-06-14,1232.699,1239.9484,1204.6697,1214.0911,1185.3215,484172
2021-06-15,1218.0239,1226.7996,1203.2609,1209.1016,1180.4502,463014
2021-06-16,1205.6969,1209.4244,1185.6509,1189.6132,1161.4236,403003
2021-06-17,1184.4475,1197.3029,1175.7306,1180.045,1152.0823,311185
2021-06-18,1183.9779,1197.479,1150.9299,1188.1163,1159.9623,414220
2021-06-21,1179.869,1179.869,1156.4771,1176.0828,1148.2139,389317
2021-06-22,1185.739,1186.913,1169.89,1172.4435,1144.6608,170618
2021-06-23,1177.4036,1202.1749,1169.4497,1190.5817,1162.3693,665978
2021-06-24,1195.6006,1231.5249,1183.8899,1188.9381,1160.7646,2159448
2021-06-25,1192.5188,1197.479,1175.4958,1182.9507,1154.9192,462683
2021-06-28,1183.6844,1191.3154,1177.8439,1180.7201,1152.7413,196412
2021-06-29,1183.2736,1188.6447,1162.9047,1169.4497,1141.738,318356
2021-06-30,1185.6216,1197.4203,1174.4392,1186.3553,1158.2433,1320011
2021-07-01,1191.022,1200.4139,1181.1897,1185.6509,1157.5553,478191
2021-07-02,1186.3259,1192.1372,1175.76,1185.6216,1157.5269,382220
2021-07-05,1192.1372,1202.1749,1186.913,1190.3762,1162.1687,456129
2021-07-06,1192.1959,1206.2839,1187.3826,1190.7871,1162.5699,412492
2021-07-07,1190.7871,1193.9276,1176.4056,1180.8668,1152.8845,336327
2021-07-08,1181.9528,1199.8269,1176.0242,1181.8942,1153.8876,414976
2021-07-09,1181.8942,1189.8479,1169.89,1175.261,1147.4116,261892
2021-07-12,1181.718,1194.5439,1176.934,1180.3679,1152.3975,364964
2021-07-13,1184.5356,1196.7452,1174.6447,1178.0199,1150.1051,699312
2021-07-14,1180.4559,1189.1436,1170.7705,1174.3218,1146.4946,820314
2021-07-15,1177.2568,1209.1016,1175.5839,1193.458,1165.1776,1369881
2021-07-16,1200.1205,1200.4139,1178.9885,1181.806,1153.8015,488588
2021-07-19,1179.0471,1179.0471,1154.6866,1158.3555,1130.9066,565061
2021-07-20,1158.3555,1161.4958,1129.387,1141.3324,1114.287,421988
2021-07-22,1147.0557,1166.3386,1145.911,1160.0577,1132.5686,784309
2021-07-23,1163.5504,1172.2086,1153.7769,1159.3827,1131.9095,627785
2021-07-26,1159.911,1168.0703,1153.9823,1159.7056,1132.2247,328727
2021-07-27,1163.6677,1167.3365,1136.431,1140.3639,1113.3414,485966
2021-07-28,1144.062,1145.3241,1127.0391,1140.041,1113.0262,311944
2021-07-29,1146.3513,1155.4791,1137.9866,1146.7915,1119.6168,691051
2021-07-30,1149.257,1162.8459,1139.4247,1146.5273,1119.3588,662031
2021-08-02,1151.5756,1162.259,1143.1228,1161.0557,1133.543,221337
2021-08-03,1169.303,1197.2148,1162.8459,1190.5524,1162.3406,1396878
2021-08-04,1195.4832,1204.5229,1189.8479,1199.416,1170.9941,587678
2021-08-05,1209.219,1214.4725,1197.479,1210.1582,1181.4818,576836
2021-08-06,1209.2483,1229.7639,1203.349,1224.2168,1195.2073,727174
2021-08-09,1231.9945,1235.9861,1209.9526,1214.502,1185.7227,529342
2021-08-10,1218.5522,1247.3739,1197.5083,1209.0428,1180.3929,1080745
2021-08-11,1162.2296,1302.0236,1156.389,1286.3507,1255.8688,7553957
2021-08-12,1274.3171,1295.5078,1256.2375,1286.6736,1256.1842,1384357
2021-08-13,1285.5289,1335.3651,1272.0573,1317.6671,1286.4432,2857680
2021-08-16,1317.6671,1332.254,1291.5457,1306.0739,1275.1246,438213
2021-08-17,1303.7258,1334.0737,1295.0969,1321.1598,1289.853,788918
2021-08-18,1322.2457,1348.8074,1301.0844,1307.0718,1276.0989,881108
2021-08-20,1303.99,1316.4344,1282.1243,1301.9061,1271.0557,438922
2021-08-23,1306.3967,1310.2416,1265.5709,1270.0614,1239.9657,525685
2021-08-24,1267.9189,1294.9209,1261.8435,1291.3108,1260.7114,534336
2021-08-25,1299.6168,1310.8872,1275.5792,1285.2061,1254.7513,522165
2021-08-26,1285.9398,1304.2836,1280.2458,1297.8853,1267.1302,541741
2021-08-27,1298.8538,1320.7489,1297.5037,1304.4303,1273.5201,749499
2021-08-30,1314.8789,1328.9962,1307.1598,1325.6797,1294.266,444564
2021-08-31,1333.3107,1343.2897,1324.2709,1333.8976,1302.2891,579147
2021-09-01,1338.3589,1350.0989,1327.9103,1341.6167,1309.8253,448586
2021-09-02,1347.1638,1360.6648,1334.103,1341.4406,1309.6533,369395
2021-09-03,1348.9248,1353.6208,1320.8662,1330.9626,1299.4237,360640
2021-09-06,1334.8368,1340.7068,1308.7448,1310.9166,1279.8525,349468
2021-09-07,1312.6482,1318.2247,1295.5078,1298.12,1267.3593,298228
2021-09-08,1299.0299,1302.816,1275.5499,1297.5037,1266.7576,602879
2021-09-09,1298.4429,1323.361,1297.8558,1309.3317,1278.3052,644632
2021-09-13,1309.0089,1321.2478,1292.7783,1296.4177,1265.6975,231206
2021-09-14,1297.2689,1303.99,1292.4849,1295.684,1264.981,213838
2021-09-15,1296.9753,1307.3359,1294.3632,1296.5352,1265.8119,128862
2021-09-16,1296.7406,1299.7637,1287.6127,1291.1641,1260.5682,297451
2021-09-17,1295.4492,1296.6819,1268.0657,1279.9817,1249.6508,397567
2021-09-20,1279.6589,1292.4554,1244.7617,1253.9777,1224.2629,393499
2021-09-21,1246.288,1277.8392,1242.1202,1273.5248,1243.3468,294289
2021-09-22,1278.4849,1289.9901,1258.615,1269.0636,1238.9915,488514
2021-09-23,1272.3214,1280.8329,1263.8392,1269.5038,1239.4213,216983
2021-09-24,1273.7889,1274.6987,1236.6906,1244.5857,1215.0936,196903
2021-09-27,1244.7324,1249.6339,1227.1224,1230.7031,1201.54,327214
2021-09-28,1228.59,1255.5919,1224.1874,1233.2859,1204.0614,351184
2021-09-29,1232.5815,1259.1139,1216.2629,1248.8707,1219.2772,444128
2021-09-30,1253.1265,1266.1578,1239.4788,1249.9567,1220.3374,663929
2021-10-01,1246.2,1264.9252,1238.569,1261.139,1231.2548,229988
2021-10-04,1264.9839,1311.9438,1256.2083,1307.0424,1276.0702,714915
2021-10-05,1309.6545,1321.9229,1302.1703,1319.3694,1288.1051,745707
2021-10-06,1319.3694,1330.1409,1282.5939,1288.728,1258.1898,449180
2021-10-07,1304.3129,1315.642,1300.0864,1313.0885,1281.973,237320
2021-10-08,1320.7489,1335.3064,1301.3778,1305.1641,1274.2366,504448
2021-10-11,1305.4868,1318.3127,1300.2039,1312.9711,1281.8584,193521
2021-10-12,1317.8138,1341.2938,1307.0424,1330.0527,1298.5354,482322
2021-10-13,1332.4889,1336.6859,1306.9543,1320.3379,1289.0508,262853
2021-10-14,1328.9668,1354.7655,1322.275,1332.1073,1300.5411,669230
2021-10-18,1343.0548,1355.3818,1315.9061,1330.0822,1298.564,424334
2021-10-19,1339.973,1412.9077,1332.5475,1356.908,1324.7542,2668860
2021-10-20,1356.8494,1360.6648,1292.5729,1297.6798,1266.9296,495784
2021-10-21,1310.1829,1313.9103,1275.6086,1285.0006,1254.5509,269427
2021-10-22,1290.7239,1297.1221,1259.7009,1275.4912,1245.2667,216180
2021-10-25,1288.4639,1288.4639,1234.2838,1266.5101,1236.4984,303668
2021-10-26,1266.8036,1285.2061,1263.0468,1273.3486,1243.1749,233230
2021-10-27,1263.2522,1302.6106,1263.2522,1274.464,1244.2638,274940
2021-10-28,1274.464,1289.1683,1260.9923,1269.5331,1239.4498,442857
2021-10-29,1265.3068,1296.447,1248.3424,1283.5624,1253.1466,242967
2021-11-01,1289.6378,1315.8767,1285.3235,1312.3254,1281.2281,456962
2021-11-02,1312.8538,1327.6167,1312.8538,1321.1304,1289.8245,317019
2021-11-03,1324.1827,1363.864,1321.6294,1356.7319,1324.5823,636285
2021-11-04,1367.7089,1370.6438,1338.4175,1353.5327,1321.459,97770
2021-11-08,1353.5327,1398.2328,1351.6837,1393.4487,1360.4291,483443
2021-11-09,1396.4718,1421.9182,1386.1699,1413.7882,1380.2866,879411
2021-11-10,1411.1467,1432.2788,1395.8848,1402.7527,1369.5126,385625
2021-11-11,1402.7527,1412.8784,1384.0568,1407.3313,1373.9828,398017
2021-11-12,1414.6688,1425.4402,1395.9142,1399.7883,1366.6187,444768
2021-11-15,1408.7988,1408.7988,1371.2601,1377.6292,1344.9844,244530
2021-11-16,1377.6292,1406.4508,1366.0946,1381.1804,1348.4515,297289
2021-11-17,1372.4635,1423.1803,1367.9143,1381.4153,1348.6809,612080
2021-11-18,1384.7318,1395.2097,1350.0989,1358.1407,1325.9576,338536
2021-11-22,1355.9689,1369.8513,1312.9711,1328.9375,1297.4465,350998
2021-11-23,1311.6504,1361.2518,1311.6504,1355.5286,1323.4075,233766
2021-11-24,1361.7214,1373.5789,1328.9668,1336.2456,1304.5814,528589
2021-11-25,1309.0089,1309.1556,1232.699,1264.8959,1234.9225,3668665
2021-11-26,1267.3025,1282.5939,1223.5417,1230.351,1201.1962,1107007
2021-11-29,1232.1119,1270.4137,1186.3259,1252.3047,1222.6294,657058
2021-11-30,1253.5668,1272.7029,1242.179,1263.1642,1233.2317,877988
2021-12-01,1260.376,1279.0132,1247.9609,1257.6464,1227.8447,528470
2021-12-02,1257.9399,1297.2689,1253.2733,1290.3129,1259.7372,530651
2021-12-03,1282.0068,1302.5519,1273.4661,1283.0928,1252.6881,671983
2021-12-06,1279.6589,1308.4219,1272.6149,1279.9817,1249.6508,425632
2021-12-07,1291.3695,1311.9438,1280.4513,1297.4449,1266.7002,802162
2021-12-08,1310.6525,1320.1619,1294.011,1307.9229,1276.9299,698189
2021-12-09,1309.0089,1339.5328,1308.0403,1333.428,1301.8306,880447
2021-12-10,1334.7195,1449.8594,1333.428,1435.4192,1401.405,5750553
2021-12-13,1446.9537,1512.6096,1435.8008,1471.6958,1436.8219,3642890
2021-12-14,1467.4987,1492.9745,1450.2997,1476.832,1441.8365,1107779
2021-12-15,1476.8907,1504.6265,1447.1299,1457.96,1423.4117,1338379
2021-12-16,1467.4987,1467.4987,1442.9915,1453.7629,1419.3141,437339
2021-12-17,1453.4108,1453.4108,1410.2075,1421.2432,1387.5648,647894
2021-12-20,1407.0377,1407.0377,1361.8389,1382.5012,1349.7411,509128
2021-12-21,1389.3984,1408.2118,1371.4656,1384.6731,1351.8615,340800
2021-12-22,1385.3774,1402.3418,1381.0044,1390.1322,1357.1913,678784
2021-12-23,1397.4697,1432.8657,1395.1804,1422.9454,1389.2269,858445
2021-12-24,1425.2347,1429.9308,1382.3838,1393.7422,1360.7157,541729
2021-12-27,1393.9476,1411.5283,1373.4614,1381.2391,1348.5088,1016948
2021-12-28,1408.7988,1449.8888,1394.1238,1412.2034,1378.7394,2272133
2021-12-29,1408.2118,1415.8428,1392.9791,1397.2643,1364.1542,444913
2021-12-30,1397.0588,1401.5787,1376.1322,1382.1783,1349.4257,373163
2021-12-31,1384.9373,1400.5808,1381.65,1386.1112,1353.2655,593106
2022-01-03,1388.8701,1408.4465,1385.3188,1389.3104,1356.3888,514436
2022-01-04,1394.0063,1401.8135,1378.2748,1383.7339,1350.9446,504874
2022-01-05,1383.3523,1390.6311,1357.1721,1364.3922,1332.061,608305
2022-01-06,1361.8389,1365.4196,1340.7362,1345.579,1313.6937,568336
2022-01-07,1347.1638,1358.9038,1328.3212,1335.4531,1303.8079,291110
2022-01-10,1332.4889,1365.1847,1317.2562,1358.6984,1326.5021,1350791
2022-01-11,1367.0631,1368.8828,1344.2289,1358.082,1325.9005,583840
2022-01-12,1366.9164,1380.7402,1360.2539,1378.8911,1346.2163,954423
2022-01-13,1389.6919,1394.6814,1369.6459,1385.3774,1352.5491,504191
2022-01-14,1378.8618,1409.4445,1371.4656,1405.5996,1372.2921,985459
2022-01-17,1417.4863,1417.9266,1388.2538,1397.8219,1364.6987,392971
2022-01-18,1398.8198,1407.1846,1350.7739,1364.5977,1332.2617,542966
2022-01-19,1367.1218,1401.7548,1355.1177,1397.2643,1364.1542,775419
2022-01-20,1390.0148,1412.9077,1382.3838,1407.0964,1381.6642,727728
2022-01-21,1400.5808,1440.4967,1351.537,1375.8975,1351.0292,1576151
2022-01-24,1372.9331,1383.8513,1288.64,1309.4491,1285.7817,709302
2022-01-25,1305.9564,1345.3148,1277.4576,1336.4805,1312.3245,496540
2022-01-27,1323.6251,1344.1995,1308.2164,1337.5957,1313.4196,451899
2022-01-28,1344.6398,1369.5286,1331.8431,1337.7424,1313.5636,255547
2022-01-31,1351.7424,1371.2308,1346.5768,1364.95,1340.2794,274504
2022-02-01,1370.0568,1428.5807,1361.8975,1419.4235,1393.7682,868358
2022-02-02,1427.2306,1449.0082,1412.673,1431.7211,1405.8436,609066
2022-02-03,1429.3438,1443.6372,1408.7988,1431.3396,1405.469,339584
2022-02-04,1432.8657,1446.9537,1414.8156,1422.1824,1396.4774,274499
2022-02-07,1399.9938,1426.2914,1379.4489,1418.0734,1392.4426,937873
2022-02-08,1423.0334,1466.3247,1381.7968,1387.4613,1362.3839,1691333
2022-02-09,1387.4613,1424.1488,1387.4613,1419.0126,1393.3649,319100
2022-02-10,1421.2139,1437.8552,1405.9225,1433.6875,1407.7745,313509
2022-02-11,1423.4738,1426.4088,1404.4844,1409.8553,1384.3732,271058
2022-02-14,1397.0588,1399.348,1362.4845,1367.9436,1343.2189,313971
2022-02-15,1368.5599,1427.3773,1359.168,1421.3019,1395.6128,531468
2022-02-16,1423.4738,1432.2788,1401.7548,1405.4529,1380.0504,265145
2022-02-17,1406.0986,1451.6498,1405.8638,1438.002,1412.011,876419
2022-02-18,1438.002,1470.4337,1431.1047,1442.4926,1416.4205,1007426
2022-02-21,1440.4674,1453.1759,1412.3208,1417.9559,1392.3273,436344
2022-02-22,1400.0818,1423.415,1374.9583,1412.8491,1387.3127,412041
2022-02-23,1420.7148,1444.1068,1404.3082,1406.7443,1381.3184,378657
2022-02-24,1373.5789,1385.4656,1333.4867,1341.7047,1317.4543,474804
2022-02-25,1368.8828,1412.9077,1362.4258,1403.5452,1378.177,484981
2022-02-28,1391.1888,1391.1888,1348.103,1377.9519,1353.0463,803135
2022-03-02,1378.0106,1404.543,1370.6438,1392.4802,1367.3121,379247
2022-03-03,1408.7988,1431.0754,1382.4425,1388.1071,1363.0179,476976
2022-03-04,1382.9708,1388.9288,1341.2938,1344.0527,1319.7599,328335
2022-03-07,1320.7489,1337.2142,1291.3989,1303.5498,1279.9891,319233
2022-03-08,1303.5498,1328.644,1278.4849,1320.6315,1296.762,302979
2022-03-09,1320.7489,1353.1218,1302.4344,1338.8285,1314.6301,323029
2022-03-10,1384.1448,1384.1448,1341.2938,1363.5704,1338.9248,307000
2022-03-11,1356.0862,1388.5767,1351.2435,1385.3774,1360.3376,291455
2022-03-14,1385.3188,1402.9288,1374.4299,1385.2014,1360.1648,442322
2022-03-15,1385.2014,1393.6836,1350.7152,1359.256,1334.6884,322821
2022-03-16,1378.1573,1395.6793,1368.2958,1384.8492,1359.819,246412
2022-03-17,1400.5808,1428.8154,1383.6752,1397.6165,1372.3556,845360
2022-03-21,1408.7988,1414.8448,1374.5179,1378.8031,1353.8822,285335
2022-03-22,1381.7087,1385.3188,1327.9103,1361.3398,1336.7345,495889
2022-03-23,1375.8094,1375.8094,1321.3358,1347.7802,1323.4199,995327
2022-03-24,1337.7719,1351.0967,1330.1409,1346.7529,1322.4113,365826
2022-03-25,1352.4468,1357.3776,1325.4742,1334.7195,1310.5955,401071
2022-03-28,1333.0758,1341.7634,1314.8789,1333.8096,1309.7019,258095
2022-03-29,1344.2289,1355.4111,1334.9542,1350.0989,1325.6967,303610
2022-03-30,1361.5747,1383.7046,1343.0548,1375.604,1350.7408,484801
2022-03-31,1368.8828,1395.8555,1356.8787,1390.1322,1365.0066,593414
2022-04-01,1390.1322,1409.9434,1382.9121,1389.5452,1364.4302,395991
2022-04-04,1396.9414,1429.3438,1394.1531,1425,1399.244,455012
2022-04-05,1426.5261,1445.8384,1424.6477,1430.6058,1404.7487,429695
2022-04-06,1436.7693,1461.5114,1429.9308,1443.2263,1417.141,499344
2022-04-07,1435.2137,1473.3687,1431.8972,1450.241,1424.0288,464610
2022-04-08,1455.7588,1484.5217,1454.6434,1478.4169,1451.6954,608118
2022-04-11,1478.0941,1483.0835,1458.0774,1467.2346,1440.7153,388223
2022-04-12,1459.2808,1473.897,1424.6771,1438.501,1412.5011,300284
2022-04-13,1429.3438,1461.0417,1429.3438,1448.1277,1421.9537,235833
2022-04-18,1445.6624,1445.6624,1406.0105,1434.7441,1408.8121,376436
2022-04-19,1446.8363,1455.5532,1380.0358,1398.2621,1372.9894,383363
2022-04-20,1400.8743,1408.8281,1379.4489,1399.2894,1373.9982,315531
2022-04-21,1407.6835,1412.673,1388.8408,1396.9707,1371.7213,336158
2022-04-22,1393.9476,1393.9476,1367.7089,1373.4027,1348.5795,173417
2022-04-25,1364.7738,1367.5033,1320.7489,1327.6167,1303.621,233783
2022-04-26,1343.6418,1356.4971,1325.2101,1334.9542,1310.8258,929769
2022-04-27,1314.8789,1336.5978,1305.751,1326.9711,1302.9868,296027
2022-04-28,1350.0989,1350.0989,1326.6189,1338.124,1313.9384,315591
2022-04-29,1347.1638,1351.2728,1326.7656,1333.2813,1309.1831,551746
2022-05-02,1326.6189,1334.9836,1299.6168,1319.0465,1295.2057,586116
2022-05-04,1331.3148,1332.8704,1286.8496,1291.5457,1268.2018,613412
2022-05-05,1305.1053,1374.7234,1294.3632,1351.537,1327.1088,1733386
2022-05-06,1333.6628,1341.2058,1295.7134,1300.7909,1277.28,371352
2022-05-09,1297.2689,1300.7909,1262.1075,1290.489,1267.1643,504167
2022-05-10,1290.489,1354.9415,1290.1956,1320.9543,1297.079,1239958
2022-05-11,1320.8956,1365.9478,1320.8956,1360.3126,1335.7258,844426
2022-05-12,1359.4908,1360.0778,1323.8013,1335.9521,1311.8057,525606
2022-05-13,1358.9038,1377.2181,1264.6904,1350.3923,1325.985,1954231
2022-05-16,1358.9038,1364.7738,1334.2499,1350.0107,1325.6102,422709
2022-05-17,1357.1428,1372.5222,1350.3923,1356.7612,1332.2386,431242
2022-05-18,1364.7738,1387.7255,1344.4929,1379.5956,1354.6604,592908
2022-05-19,1349.5118,1358.5809,1340.1492,1346.9291,1322.5842,275504
2022-05-20,1356.5558,1397.0588,1356.5558,1392.5389,1367.3696,429950
2022-05-23,1397.0588,1418.631,1382.1196,1388.606,1363.5078,367433
2022-05-24,1390.0148,1421.0964,1387.0504,1409.2683,1383.7968,560629
2022-05-25,1415.1383,1419.13,1373.0211,1377.4237,1352.5277,368777
2022-05-26,1377.7465,1386.8744,1345.0212,1377.1008,1352.2107,352884
2022-05-27,1382.3838,1402.9288,1373.7549,1394.3879,1369.1853,337266
2022-05-30,1404.6898,1428.7274,1395.2977,1419.306,1393.6531,263858
2022-05-31,1419.4822,1449.3018,1419.4822,1428.7274,1402.9042,727692
2022-06-01,1428.8154,1453.6749,1412.6143,1419.9811,1394.3159,327666
2022-06-02,1417.6038,1431.8092,1407.6248,1412.4088,1386.8805,187788
2022-06-03,1418.0146,1421.1257,1375.1344,1378.6564,1353.7382,207201
2022-06-06,1375.9855,1394.5054,1366.4761,1387.0798,1362.0094,235758
2022-06-07,1365.5076,1394.5934,1357.7299,1382.3251,1357.3406,248395
2022-06-08,1385.3188,1406.0986,1366.5348,1387.0798,1362.0094,448310
2022-06-09,1379.4489,1394.0651,1373.6082,1390.4551,1365.3236,193632
2022-06-10,1377.8052,1404.3669,1370.6438,1392.1279,1366.9662,130966
2022-06-13,1380.5054,1416.87,1379.4781,1398.0273,1372.7589,643911
2022-06-14,1398.673,1412.3208,1358.17,1409.1216,1383.6526,723503
2022-06-15,1423.4738,1423.4738,1391.1888,1398.4969,1373.2201,394799
2022-06-16,1408.7988,1420.5974,1367.9436,1374.5474,1349.7032,295817
2022-06-17,1361.8389,1395.7673,1348.8955,1363.9226,1339.2706,832191
2022-06-20,1364.1868,1375.3691,1332.1073,1341.0591,1316.8202,204974
2022-06-21,1347.7509,1381.9729,1343.6418,1377.453,1352.5564,248679
2022-06-22,1378.8618,1379.5956,1321.2185,1334.9542,1310.8258,555228
2022-06-23,1336.9207,1375.8975,1336.1869,1371.9352,1347.1384,218393
2022-06-24,1379.4489,1397.9099,1371.7885,1375.8387,1350.9713,168374
2022-06-27,1384.7318,1408.7107,1383.5577,1393.5074,1368.3207,267363
2022-06-28,1385.3188,1400.0818,1375.8387,1397.411,1372.1538,384177
2022-06-29,1388.019,1417.0167,1373.7843,1412.1447,1386.6211,575111
2022-06-30,1412.1447,1424.6184,1396.912,1409.0629,1383.5951,515085
2022-07-01,1397.6458,1423.4738,1389.0168,1412.9664,1387.4281,355099
2022-07-04,1420.4801,1483.3184,1415.4906,1480.1486,1453.3959,878789
2022-07-05,1487.4567,1526.1693,1475.2178,1502.8948,1475.731,1347186
2022-07-06,1508.5886,1559.0707,1502.748,1554.2866,1526.1938,1243401
2022-07-07,1558.4836,1569.754,1540.903,1563.5319,1535.272,710283
2022-07-08,1567.8756,1580.6135,1556.1356,1573.951,1545.5028,538169
2022-07-11,1567.2886,1591.9426,1562.0936,1570.5465,1542.1599,349221
2022-07-12,1560.2446,1571.2509,1544.5718,1552.9365,1524.8683,406288
2022-07-13,1557.8966,1561.4186,1541.7249,1549.5026,1521.4963,238489
2022-07-14,1549.5026,1562.3578,1539.729,1552.6724,1524.6088,273037
2022-07-15,1552.6136,1578.3242,1541.8422,1573.7456,1545.3011,415707
2022-07-18,1584.1942,1598.3997,1573.951,1593.5275,1564.7256,810516
2022-07-19,1591.3556,1614.1899,1572.8651,1575.9469,1547.4628,759738
2022-07-20,1579.0873,1595.8168,1563.0035,1571.0161,1542.621,607957
2022-07-21,1576.6219,1651.2296,1567.2886,1645.7118,1615.9666,1287234
2022-07-22,1643.5985,1644.0975,1611.3136,1616.127,1586.9166,712951
2022-07-25,1616.127,1625.3722,1590.0642,1598.1355,1569.2502,666951
2022-07-26,1606.2654,1606.2654,1564.3536,1571.2509,1542.8517,570416
2022-07-27,1568.3452,1599.5149,1561.4186,1579.2047,1550.6616,712569
2022-07-28,1585.515,1596.9321,1567.406,1575.1544,1546.6846,560760
2022-07-29,1589.1837,1602.5085,1558.6598,1581.494,1552.9095,730390
2022-08-01,1596.2864,1623.6406,1585.1627,1619.4435,1590.1732,1069023
2022-08-02,1631.5358,1652.4036,1602.5085,1606.5002,1577.4637,1245743
2022-08-03,1567.2886,1578.4417,1510.379,1534.7982,1507.0579,3041673
2022-08-04,1552.4669,1558.4543,1526.8444,1554.6681,1526.5686,597419
2022-08-05,1562.0056,1595.4646,1553.4648,1579.3514,1550.8058,925569
2022-08-08,1584.8986,1654.458,1576.2111,1648.6761,1618.8774,1407803
2022-08-10,1658.2736,1672.8312,1641.2506,1648.1771,1618.3875,1095690
2022-08-11,1655.3385,1683.3678,1655.3385,1665.9926,1635.8807,781368
2022-08-12,1666.9318,1687.5648,1657.2463,1670.1897,1640.0021,687600
2022-08-16,1681.1665,1716.3865,1671.6571,1711.3383,1680.407,645714
2022-08-17,1716.3865,1723.6653,1688.7975,1700.0679,1669.3403,617530
2022-08-18,1699.9506,1713.745,1681.2252,1689.4138,1658.8788,380594
2022-08-19,1688.2106,1706.4369,1655.9255,1673.0953,1642.8551,499767
2022-08-22,1669.9548,1708.1685,1658.3323,1688.0051,1657.4956,964711
2022-08-23,1683.3384,1712.8058,1666.4916,1690.0009,1659.4552,1023205
2022-08-24,1697.0155,1709.5773,1674.1813,1696.8981,1666.2278,873372
2022-08-25,1711.1035,1731.5898,1685.5984,1692.5836,1661.9913,982377
2022-08-26,1705.8206,1742.2145,1696.4285,1714.0679,1683.0872,947651
2022-08-29,1688.2106,1701.1245,1663.5565,1671.6865,1641.4719,768044
2022-08-30,1687.0365,1706.026,1680.1686,1692.6718,1662.078,956581
2022-09-01,1691.1455,1746.3235,1678.9653,1714.5375,1683.5483,1492962
2022-09-02,1725.573,1745.443,1703.5018,1710.4578,1679.5425,695603
2022-09-05,1716.2985,1730.7974,1704.0889,1723.0782,1691.9348,261463
2022-09-06,1730.4745,1737.812,1696.0763,1732.118,1700.811,393111
2022-09-07,1728.7135,1752.1935,1718.5291,1726.3068,1695.1049,410777
2022-09-08,1735.4053,1740.3655,1721.6696,1730.6799,1699.3989,180172
2022-09-09,1745.7365,1746.3235,1706.4075,1717.0615,1686.027,209483
2022-09-12,1703.6193,1750.4325,1703.6193,1740.4535,1708.996,335535
2022-09-13,1749.1704,1799.6818,1737.0488,1791.8453,1759.459,1085709
2022-09-14,1767.6022,1830.2351,1767.6022,1824.7466,1791.7655,1076050
2022-09-15,1830.2644,1842.2979,1790.3484,1796.9521,1764.4735,405480
2022-09-16,1796.9521,1801.7362,1728.7135,1737.0195,1705.6241,777603
2022-09-19,1737.0195,1752.986,1719.3508,1736.6674,1705.2783,558882
2022-09-20,1745.355,1771.8579,1725.7784,1730.4158,1699.1398,416738
2022-09-21,1728.7135,1744.9734,1707.1119,1709.7534,1678.8508,210613
2022-09-22,1708.1685,1732.3235,1692.613,1713.6276,1682.6549,288257
2022-09-23,1721.6696,1732.1768,1671.7452,1675.5607,1645.2761,184160
2022-09-26,1656.5126,1673.7704,1618.3575,1624.345,1594.986,385642
2022-09-27,1624.345,1630.6846,1579.9678,1599.4856,1570.576,700193
2022-09-28,1584.8986,1610.7266,1568.4626,1585.016,1556.3679,307294
2022-09-29,1592.9698,1609.67,1584.8986,1604.7979,1575.7924,414664
2022-09-30,1612.8398,1635.4979,1586.3661,1626.4581,1597.0609,506266
2022-10-03,1626.4581,1630.5378,1581.1124,1589.0076,1560.2872,405756
2022-10-04,1605.4436,1637.3763,1599.8965,1614.1312,1584.9569,186967
2022-10-06,1622.2024,1653.9004,1615.5986,1643.8627,1614.1511,335634
2022-10-07,1648.2946,1659.3888,1626.0472,1655.1038,1625.1888,529082
2022-10-10,1628.9236,1646.2401,1616.0977,1628.8356,1599.3956,184741
2022-10-11,1636.9949,1639.8124,1596.2864,1600.3661,1571.4406,253398
2022-10-12,1608.3785,1631.7412,1585.8378,1625.9592,1596.5712,312616
2022-10-13,1625.9592,1630.7139,1597.8713,1608.408,1579.337,184935
2022-10-14,1638.7852,1638.7852,1604.5044,1612.1354,1582.9972,247194
2022-10-17,1611.2549,1622.8187,1596.668,1611.5778,1582.4496,105577
2022-10-18,1614.4834,1671.7745,1606.0599,1657.5105,1627.5521,573859
2022-10-19,1661.2085,1704.3823,1658.3029,1693.9924,1663.3746,833409
2022-10-20,1687.6235,1719.3215,1673.829,1688.1519,1657.6396,1214721
2022-10-21,1688.7975,1698.3656,1644.7726,1651.7872,1621.9323,261570
2022-10-24,1665.9045,1671.0702,1643.7454,1654.0471,1624.1512,38693
2022-10-25,1661.2085,1671.5104,1645.5356,1663.5859,1633.5177,181812
2022-10-27,1679.3468,1697.6025,1662.6467,1690.4117,1659.8586,440627
2022-10-28,1695.1958,1718.1475,1684.7179,1713.0699,1682.1074,664566
2022-10-31,1726.3655,1737.5184,1712.8645,1717.3257,1686.2861,566414
2022-11-01,1725.9253,1743.3884,1715.5647,1728.8602,1697.6122,520576
2022-11-02,1730.4158,1730.4158,1700.5669,1707.4641,1676.6029,161345
2022-11-03,1702.2985,1721.963,1693.3761,1697.3384,1666.66,280337
2022-11-04,1705.1748,1753.0153,1697.3384,1745.2668,1713.7222,646538
2022-11-07,1754.0132,1768.8643,1714.8016,1723.0782,1691.9348,457290
2022-11-09,1736.6379,1737.5184,1704.441,1711.9253,1680.9833,264942
2022-11-10,1711.8079,1726.9525,1694.6088,1713.3341,1682.3668,325175
2022-11-11,1721.9043,1742.1852,1706.8184,1712.3949,1681.4446,507724
2022-11-14,1715.7701,1726.9231,1698.7765,1704.8226,1674.009,237371
2022-11-15,1712.2775,1712.8352,1669.7201,1672.8312,1642.5959,445683
2022-11-16,1677.6445,1707.5521,1661.8835,1690.6172,1660.0605,743654
2022-11-17,1687.5941,1705.2335,1679.3175,1684.6299,1654.1814,458310
2022-11-18,1692.8478,1703.4725,1659.8878,1666.0807,1635.9675,380213
2022-11-21,1667.0492,1670.0135,1638.3156,1650.3784,1620.549,848682
2022-11-22,1658.6552,1666.0807,1637.1709,1645.6531,1615.9089,587806
2022-11-23,1636.5839,1642.718,1579.9092,1625.8418,1596.4558,2452673
2022-11-24,1638.3743,1671.3929,1631.976,1653.3721,1623.4885,1063540
2022-11-25,1653.3721,1669.3385,1614.2485,1631.0074,1601.5281,839496
2022-11-28,1631.8585,1650.349,1617.2716,1622.8774,1593.545,425898
2022-11-29,1627.1332,1639.3722,1615.0704,1631.0955,1601.6145,329695
2022-11-30,1634.412,1647.1206,1623.5232,1628.8943,1599.4532,803743
2022-12-01,1636.5546,1638.1981,1610.9614,1628.8943,1599.4532,742344
2022-12-02,1629.5106,1629.7454,1600.0725,1624.0808,1594.7267,512399
2022-12-05,1630.0975,1634.8523,1608.9656,1622.5253,1593.1991,299959
2022-12-06,1623.5819,1628.9236,1614.2485,1622.3198,1592.9974,278284
2022-12-07,1656.5419,1730.4745,1656.5419,1705.439,1674.6144,4856338
2022-12-08,1708.1685,1736.3445,1693.2001,1729.2124,1697.9579,959261
2022-12-09,1731.6484,1758.0635,1723.9294,1741.6274,1710.1487,1211718
2022-12-12,1737.225,1793.254,1734.6715,1783.5099,1751.2742,1514941
2022-12-13,1782.1598,1794.6335,1740.1893,1755.2166,1723.4921,996714
2022-12-14,1757.7406,1785.9459,1747.791,1777.6692,1745.5389,752293
2022-12-15,1775.6735,1775.6735,1734.7596,1741.334,1709.8605,333860
2022-12-16,1729.9169,1734.3486,1693.3174,1699.3928,1668.6775,741576
2022-12-19,1699.3928,1740.4241,1683.5145,1735.464,1704.0967,369496
2022-12-20,1726.3655,1753.3381,1721.7576,1735.0237,1703.6643,706855
2022-12-21,1740.4535,1753.8958,1681.1959,1693.1707,1662.5679,267492
2022-12-22,1697.0155,1708.1685,1671.2462,1679.4349,1649.0803,332174
2022-12-23,1672.9485,1679.2588,1628.1018,1636.085,1606.5138,347993
2022-12-26,1652.9906,1689.9421,1652.9906,1663.4391,1633.3735,882794
2022-12-27,1672.9485,1684.6885,1651.6111,1674.6509,1644.3828,313143
2022-12-28,1672.0387,1691.5271,1664.1436,1679.4935,1649.1378,186654
2022-12-29,1678.2316,1678.7892,1641.1332,1656.7473,1626.8027,532375
2022-12-30,1665.0533,1681.7241,1655.3385,1659.0953,1629.1084,236707
2023-01-02,1670.6006,1672.8605,1653.4602,1660.24,1630.2323,211608
2023-01-03,1662.9696,1675.7368,1658.2736,1665.5817,1635.4775,154523
2023-01-04,1660.0345,1671.6865,1649.4685,1652.6677,1622.7968,94896
2023-01-05,1663.5565,1705.9673,1652.7264,1699.481,1668.7639,516535
2023-01-06,1707.963,1714.4788,1686.743,1697.4264,1666.7466,389146
2023-01-09,1699.9211,1721.963,1695.2545,1704.441,1673.6343,273042
2023-01-10,1711.1035,1714.0385,1675.5901,1684.7766,1654.3253,216276
2023-01-11,1690.5585,1731.5898,1675.6487,1726.3655,1695.1626,575840
2023-01-12,1726.3655,1755.8916,1724.7512,1750.0216,1718.3911,582019
2023-01-13,1745.1495,1749.1411,1719.3215,1741.3927,1709.9182,371640
2023-01-16,1742.8015,1749.6987,1722.4913,1727.9504,1696.719,173518
2023-01-17,1778.2562,1792.6671,1705.351,1728.9777,1697.7277,2357942
2023-01-18,1743.3884,1810.4531,1739.3676,1798.948,1766.4332,2312918
2023-01-19,1798.5664,1816.1177,1786.2394,1788.969,1756.6346,842164
2023-01-20,1793.7823,1824.101,1786.9146,1796.7467,1764.2716,1055934
2023-01-23,1810.8934,1818.2603,1782.3652,1795.3379,1762.8883,493693
2023-01-24,1795.3379,1795.3379,1770.2144,1783.3044,1751.0725,481186
2023-01-25,1783.3044,1785.7112,1739.8665,1758.2396,1726.4607,438949
2023-01-27,1760.3821,1767.0446,1702.592,1736.2858,1704.9036,281959
2023-01-30,1735.7869,1753.2794,1702.2985,1712.3069,1681.3582,369712
2023-01-31,1717.0615,1749.2584,1712.5123,1717.8247,1696.6849,665699
2023-02-01,1731.6484,1802.7048,1697.2504,1728.7722,1707.4978,1739146
2023-02-02,1728.7722,1745.0908,1704.6759,1717.267,1696.134,592417
2023-02-03,1722.8141,1789.7615,1714.2146,1777.2583,1755.387,994847
2023-02-06,1786.2394,1812.0674,1772.3862,1807.0192,1784.7817,647329
2023-02-07,1817.9374,1840.2434,1793.8705,1830.2937,1807.7699,633612
2023-02-08,1830.8514,1839.95,1814.4741,1832.0254,1809.4802,330625
2023-02-09,1826.1554,1863.1364,1817.3505,1821.8704,1799.4503,905913
2023-02-10,1818.5244,1846.1134,1813.8284,1837.7487,1815.1331,344061
2023-02-13,1857.8534,1857.8534,1806.9606,1836.9562,1814.3503,507533
2023-02-14,1840.2434,1847.6689,1808.0171,1834.344,1811.7704,992697
2023-02-15,1849.0483,1906.6036,1814.5621,1895.6561,1872.3279,2489342
2023-02-16,1905.958,1907.7483,1886.088,1891.7233,1868.4434,868464
2023-02-17,1891.6938,1904.8134,1869.8281,1875.434,1852.3546,596654
2023-02-20,1884.2096,1903.0229,1874.2893,1876.608,1853.5143,577187
2023-02-21,1890.109,1939.9159,1875.9036,1933.6937,1909.8975,2267083
2023-02-22,1934.1633,1945.1989,1905.4297,1908.6288,1885.1409,876944
2023-02-23,1913.5596,1925.3583,1899.0021,1911.8573,1888.3296,539054
2023-02-24,1921.4254,1924.2136,1890.1383,1905.6938,1882.2422,273422
2023-02-27,1905.6938,1913.7944,1856.2684,1879.5137,1856.3842,521428
2023-02-28,1888.9351,1916.1718,1866.6583,1905.7526,1882.3,670709
2023-03-01,1912.4443,1917.5513,1896.1552,1911.9454,1888.4167,375381
2023-03-02,1913.6183,1913.6183,1831.4384,1838.5117,1815.8867,963864
2023-03-03,1851.9834,1868.478,1838.4824,1857.0316,1834.1787,515155
2023-03-06,1864.3104,1895.1865,1860.5242,1891.4004,1868.1246,394371
2023-03-08,1886.6163,1933.5763,1881.6268,1929.7314,1905.984,532620
2023-03-09,1934.1633,1949.8949,1928.7042,1936.6874,1912.8542,550547
2023-03-10,1913.6183,1950.3938,1906.0167,1942.4106,1918.5071,372576
2023-03-13,1948.1339,1948.809,1904.6666,1919.459,1895.8379,468760
2023-03-14,1916.4946,1923.3331,1891.1362,1909.4507,1885.9529,417775
2023-03-15,1928.1759,1943.0564,1916.5533,1925.7106,1902.0125,447100
2023-03-16,1920.4275,1922.3059,1880.6876,1915.8489,1892.2722,383899
2023-03-17,1925.3583,1947.0773,1915.2032,1931.4631,1907.6943,621528
2023-03-20,1913.6183,1941.765,1913.6183,1932.5491,1908.7668,244724
2023-03-21,1940.0333,1956.3812,1927.1193,1944.8174,1920.8843,385393
2023-03-22,1953.5343,1964.658,1922.8342,1941.4421,1917.5505,612734
2023-03-23,1941.4421,1960.5782,1935.2786,1951.7439,1927.7255,428836
2023-03-24,1966.4482,1966.4482,1940.5322,1956.7334,1932.6536,565595
2023-03-27,1956.7334,1969.7062,1923.3331,1931.0815,1907.3174,485104
2023-03-28,1934.1046,1941.7356,1910.7126,1921.0732,1897.4323,273833
2023-03-29,1922.981,1965.8613,1922.981,1952.2722,1928.2472,606070
2023-03-31,1952.3309,1966.4482,1945.9033,1953.0354,1929.0011,332017
2023-04-03,1964.6873,1972.3182,1943.0857,1968.0625,1943.8433,260150
2023-04-05,1968.0625,1982.6494,1951.0983,1967.1233,1942.9155,415184
2023-04-06,1967.5929,1975.4,1950.3058,1972.2302,1947.9598,473579
2023-04-10,1975.2533,1995.7982,1969.5887,1986.1715,1961.7295,421077
2023-04-11,1984.0582,1995.7982,1959.9913,1964.4525,1940.2777,372128
2023-04-12,1968.767,1982.1798,1947.4001,1957.4379,1933.3494,261652
2023-04-13,1960.549,1975.7816,1942.9683,1952.6538,1928.6241,412559
2023-04-17,1954.7083,1981.1233,1946.4904,1960.3728,1936.2482,300927
2023-04-18,1968.1506,1973.9912,1940.1508,1946.3435,1922.3916,402770
2023-04-19,1948.5448,1954.7083,1912.4443,1914.6456,1891.0837,460840
2023-04-20,1923.5973,1937.7733,1915.3207,1920.2515,1896.6205,328472
2023-04-21,1931.1696,1934.8971,1901.8783,1907.4255,1883.9525,328323
2023-04-24,1907.7483,1928.2933,1905.4297,1918.6665,1895.0552,218305
2023-04-25,1927.6476,1970.6747,1920.0753,1955.5007,1931.4362,710745
2023-04-26,1959.375,2028.8757,1957.6726,2023.7688,1998.864,1231057
2023-04-27,2025.1189,2043.9323,2013.4082,2018.9554,1994.1099,822523
2023-04-28,2025.1482,2036.2719,2014.0245,2024.9135,1999.9946,769114
2023-05-02,2032.3096,2071.3745,2025.1776,2054.5569,2029.2732,587097
2023-05-03,2054.4983,2082.9678,2037.123,2078.5066,2052.9282,591278
2023-05-04,2079.7393,2111.3784,2073.2822,2100.4895,2074.6406,682337
2023-05-05,2107.2988,2139.0847,2102.0452,2133.4202,2107.1658,595310
2023-05-08,2142.5188,2171.8982,2125.3196,2165.8813,2139.2278,551199
2023-05-09,2185.3992,2186.1328,2132.217,2151.1184,2124.6465,808217
2023-05-10,2160.1582,2207.0007,2151.4998,2180.3801,2153.5481,955917
2023-05-11,2184.46,2237.6421,2176.8877,2228.8665,2201.4377,880070
2023-05-12,2251.1431,2311.8389,2225.7847,2284.0444,2255.9368,2095305
2023-05-15,2297.5161,2304.1492,2241.8977,2250.2039,2222.5127,805223
2023-05-16,2263.47,2298.0737,2257.6001,2272.8621,2244.8921,618130
2023-05-17,2282.2539,2300.0989,2254.4009,2284.1323,2256.0234,635639
2023-05-18,2300.4509,2300.4509,2243.5708,2249.5288,2221.8459,687438
2023-05-19,2254.7532,2276.384,2124.3806,2185.2229,2158.3313,1256060
2023-05-22,2113.2568,2116.7202,1945.3457,1995.6222,1971.0638,8408508
2023-05-23,2005.7479,2014.5823,1977.0436,2002.0205,1977.3833,1757211
2023-05-24,2002.0205,2044.3431,1981.7103,2013.9952,1989.2107,1467905
2023-05-25,2018.1042,2053.647,2006.5404,2047.0139,2021.823,1252852
2023-05-26,2054.4983,2080.9131,2042.1418,2065.886,2040.4629,755510
2023-05-29,2083.8481,2086.1963,2049.2153,2061.9531,2036.5785,846908
2023-05-30,2073.8691,2116.1331,2066.3262,2089.542,2063.8279,1358081
2023-05-31,2089.7183,2100.6365,2067.9111,2084.8167,2059.1606,3283304
2023-06-01,2084.8167,2089.542,2065.0642,2074.6323,2049.1016,336448
2023-06-02,2077.3911,2095.5588,2070.1711,2085.4038,2059.7405,398025
2023-06-05,2085.4038,2103.6301,2061.5715,2067.4121,2041.9703,369899
2023-06-06,2069.2026,2109.0891,2064.0076,2105.127,2079.2209,528191
2023-06-07,2122.0032,2148.3301,2113.1982,2144.8374,2118.4426,981639
2023-06-08,2153.6719,2156.4014,2120.2715,2148.0952,2121.6606,674203
2023-06-09,2157.1938,2169.2273,2131.4246,2147.5669,2121.1387,465519
2023-06-12,2159.571,2160.1287,2135.5042,2147.479,2121.0518,205473
2023-06-13,2145.4832,2196.6694,2139.6426,2192.0908,2165.1147,513455
2023-06-14,2200.6611,2212.6064,2187.5122,2208.9966,2181.8125,424054
2023-06-15,2211.814,2217.6841,2189.8311,2202.2461,2175.1448,425059
2023-06-16,2199.2817,2230.011,2195.3782,2226.5479,2199.1477,521744
2023-06-19,2231.772,2252.9041,2220.8245,2235.1179,2207.6121,388770
2023-06-20,2248.208,2254.0781,2227.8979,2247.856,2220.1934,543980
2023-06-21,2251.1431,2265.7593,2218.9167,2231.9187,2204.4524,611843
2023-06-22,2235.2939,2236.468,2160.3928,2165.353,2138.7058,591744
2023-06-23,2170.1372,2175.3613,2136.7368,2157.634,2131.0818,293332
2023-06-26,2160.1287,2179.5291,2139.6719,2171.5166,2144.7937,365427
2023-06-27,2169.2566,2185.135,2165.1477,2175.5376,2148.7651,349944
2023-06-28,2191.8562,2219.7974,2161.5083,2209.9063,2182.7107,741217
2023-06-30,2209.4661,2216.4514,2186.397,2210.9043,2183.6968,332661
2023-07-03,2212.988,2223.554,2180.3801,2188.0112,2161.0852,232954
2023-07-04,2187.7471,2201.1895,2154.2881,2173.7766,2147.0259,427882
2023-07-05,2173.072,2206.531,2172.0449,2177.7681,2150.9683,391051
2023-07-06,2186.4263,2207.1182,2178.1497,2189.9482,2162.9985,370134
2023-07-07,2178.678,2200.5144,2160.2168,2166.2922,2139.6335,309705
2023-07-10,2171.8982,2179.9988,2135.5923,2141.0513,2114.7034,404344
2023-07-11,2152.2336,2216.51,2143.1646,2210.9922,2183.7834,684220
2023-07-12,2230.4807,2275.2981,2227.5164,2247.533,2219.8745,1560437
2023-07-13,2254.3127,2254.3127,2174.2461,2188.5396,2161.6072,745343
2023-07-14,2200.0447,2204.1831,2160.8037,2165.9106,2139.2566,819344
2023-07-17,2185.9861,2192.0029,2164.2964,2173.1309,2146.3879,559835
2023-07-18,2174.8918,2194.2041,2160.1582,2172.8667,2146.1272,505066
2023-07-19,2162.6235,2201.248,2162.6235,2177.9736,2151.1711,507758
2023-07-20,2182.4641,2197.6968,2060.6912,2133.978,2107.717,1133658
2023-07-21,2134.9172,2150.1497,2116.4561,2121.3867,2095.2805,595825
2023-07-24,2124.9382,2178.7073,2116.1626,2168.9043,2142.2134,468700
2023-07-25,2171.8101,2189.156,2152.1162,2167.6423,2140.9668,576871
2023-07-26,2171.311,2214.1621,2155.4915,2209.0552,2181.8701,349175
2023-07-27,2210.0237,2226.4597,2194.6736,2202.4221,2175.3188,299478
2023-07-28,2210.053,2268.342,2197.3445,2264.468,2236.6011,692509
2023-07-31,2312.4258,2388.4128,2290.7654,2338.019,2309.2468,2739155
2023-08-01,2350.9329,2350.9329,2276.384,2283.9856,2255.8787,558935
2023-08-02,2283.428,2287.8013,2223.2605,2241.751,2214.1638,549002
2023-08-03,2244.0696,2270.3967,2186.573,2227.6338,2200.2202,761346
2023-08-04,2236.468,2247.4744,2209.1433,2216.51,2189.2334,447988
2023-08-07,2236.468,2269.3401,2226.5183,2250.6147,2222.9185,591402
2023-08-08,2257.6001,2257.6001,2184.812,2218.4766,2191.1758,648131
2023-08-09,2230.5393,2230.5981,2159.3657,2190.7407,2163.781,1460256
2023-08-10,2193.03,2201.2188,2145.043,2153.3782,2126.8787,502959
2023-08-11,2154.2295,2177.269,2138.5271,2144.1624,2117.7761,366862
2023-08-14,2152.0576,2157.0764,2093.8271,2114.7244,2088.7002,463649
2023-08-16,2113.1982,2129.8396,2093.739,2117.5127,2091.4543,382100
2023-08-17,2127.2861,2130.2212,2092.9468,2099.1394,2073.3069,384688
2023-08-18,2100.2842,2131.9822,2100.2842,2116.7788,2090.7295,672406
2023-08-21,2132.4517,2152.2043,2121.0051,2144.2212,2117.834,523153
2023-08-22,2150.1204,2164.8835,2143.1646,2150.5608,2124.0957,305247
2023-08-23,2151.353,2194.2041,2151.353,2182.6694,2155.8091,548819
2023-08-24,2194.7324,2258.9209,2190.7407,2232.7112,2205.2351,1246331
2023-08-25,2234.1201,2268.7529,2218.6233,2222.9377,2195.582,666187
2023-08-28,2228.2207,2267.5203,2220.7659,2258.187,2230.3975,467613
2023-08-29,2271.1011,2280.4929,2260.8286,2268.9585,2241.0364,533864
2023-08-30,2280.4929,2283.428,2264.0864,2269.8389,2241.9058,425172
2023-08-31,2268.7529,2343.8596,2257.7175,2302.2708,2273.9387,1194157
2023-09-01,2302.2708,2303.885,2255.2815,2281.6963,2253.6177,455433
2023-09-04,2283.428,2299.9814,2245.4197,2284.7488,2256.6326,330030
2023-09-05,2289.2981,2305.0884,2279.231,2289.5034,2261.3286,390707
2023-09-06,2301.0381,2320.9961,2288.0066,2315.5955,2287.0994,398969
2023-09-07,2317.9143,2337.0798,2306.908,2312.7485,2284.2876,369790
2023-09-08,2315.7129,2332.6772,2305.7634,2316.0652,2287.5635,268889
2023-09-11,2316.0652,2347.9392,2309.8723,2321.4363,2292.8684,530792
2023-09-12,2328.4509,2337.9016,2238.2583,2254.0193,2226.281,582758
2023-09-13,2262.7656,2262.7656,2230.7153,2247.4155,2219.7585,240449
2023-09-14,2252.1409,2260.5349,2231.1851,2247.1221,2219.4688,284513
2023-09-15,2255.0173,2262.2666,2233.533,2236.967,2209.4385,672670
2023-09-18,2236.967,2248.7363,2207.5876,2218.1243,2190.8276,253485
2023-09-20,2215.2188,2236.4387,2201.0427,2215.3948,2188.1318,499215
2023-09-21,2212.988,2241.0759,2185.3992,2195.3782,2168.3616,463586
2023-09-22,2200.1621,2210.6987,2160.2168,2165.4705,2138.8218,244783
2023-09-25,2177.7681,2180.5857,2149.592,2168.7283,2142.0396,245560
2023-09-26,2171.8982,2176.7703,2153.613,2160.3342,2133.749,329823
2023-09-27,2160.1582,2192.4431,2138.5271,2186.896,2159.9839,375787
2023-09-28,2195.9358,2195.9358,2122.0032,2128.783,2102.5859,452819
2023-09-29,2130.3091,2165.9988,2130.3091,2155.7556,2129.2266,306121
2023-10-03,2148.4182,2155.4622,2088.8376,2095.3828,2069.5967,1181655
2023-10-04,2095.5881,2114.4016,2052.0623,2055.3201,2030.027,1326457
2023-10-05,2065.6511,2086.4309,2057.6094,2066.062,2040.6367,475857
2023-10-06,2080.7371,2098.5232,2055.6721,2073.8691,2048.3479,747181
2023-10-09,2066.2383,2088.1626,2036.0958,2079.1228,2053.5369,464336
2023-10-10,2076.2173,2115.6047,2076.2173,2107.9446,2082.0042,401794
2023-10-11,2128.4602,2133.1267,2081.2361,2088.8376,2063.1321,797232
2023-10-12,2089.7476,2119.0681,2088.8376,2113.7852,2087.7727,386339
2023-10-13,2092.6531,2118.6572,2091.0684,2108.6196,2082.6707,268932
2023-10-16,2113.1982,2124.3511,2099.1394,2114.4016,2088.3816,490957
2023-10-17,2127.7559,2127.7559,2101.4583,2109.1184,2083.1633,387230
2023-10-18,2110.2632,2119.655,2045.6932,2050.0076,2024.7799,904120
2023-10-19,2047.4248,2047.4248,2016.4607,2033.2195,2008.1985,705738
2023-10-20,2025.1189,2039.7938,2005.2196,2020.3348,1995.4723,425467
2023-10-23,2020.3348,2039.5297,1997.5886,2004.4565,1979.7894,324155
2023-10-25,2004.4565,2020.3641,1986.9933,2015.0812,1990.2833,408712
2023-10-26,2007.5382,2015.1399,1966.4482,1999.7605,1975.1512,689937
2023-10-27,1995.7982,2024.5319,1986.8466,2011.6472,1986.8916,265119
2023-10-30,1995.8864,2033.3369,1995.7982,2013.7605,1988.9789,217044
2023-10-31,2008.1252,2013.4082,1905.4004,1955.266,1931.2042,1997149
2023-11-01,1960.5782,1971.7313,1945.1989,1952.1548,1928.1313,598879
2023-11-02,1957.5846,1985.1149,1954.1213,1978.7166,1954.3662,203543
2023-11-03,1992.8633,1992.8633,1968.6202,1976.7501,1952.4241,432519
2023-11-06,1981.4462,1984.1169,1959.7859,1976.5447,1952.2211,765326
2023-11-07,1937.0983,1975.6935,1937.069,1965.0394,1940.8574,684705
2023-11-08,1963.5133,2013.4963,1963.5133,2009.8275,1985.0944,328797
2023-11-09,2016.9303,2022.2133,1984.6453,1989.5468,1965.0631,690511
2023-11-10,1986.9933,2007.3035,1982.3267,2000.1127,1975.4991,457427
2023-11-13,2008.1252,2015.4628,1994.771,2006.3643,1981.6737,164018
2023-11-15,2033.9532,2094.8838,2003.4586,2051.8567,2026.6062,2036950
2023-11-16,2060.2507,2078.3596,2035.0392,2069.1731,2043.7095,656910
2023-11-17,2072.1082,2102.1626,2055.7017,2096.0283,2070.2341,525864
2023-11-20,2101.4583,2110.2632,2089.7183,2105.0977,2079.1921,186235
2023-11-21,2113.1982,2118.8333,2090.54,2106.7705,2080.8445,300426
2023-11-22,2106.7705,2113.1982,2066.2383,2083.2612,2057.6245,278833
2023-11-23,2087.3701,2134.3301,2072.1082,2124.4685,2098.3245,535388
2023-11-24,2136.6782,2137.7642,2116.1626,2129.9863,2103.7747,392504
2023-11-28,2136.6782,2146.6572,2098.8459,2140.4937,2114.1526,460978
2023-11-29,2158.9841,2158.9841,2105.3618,2134.1833,2107.9199,1357340
2023-11-30,2136.6194,2151.676,2122.4141,2147.0093,2120.5879,859189
2023-12-01,2154.2881,2218.8286,2140.9045,2203.0679,2175.9565,683148
2023-12-04,2230.5686,2252.8748,2195.7302,2234.8245,2207.3225,1042728
2023-12-05,2236.468,2259.948,2216.5393,2256.1326,2228.3682,548981
2023-12-06,2259.948,2303.6794,2251.1724,2261.0928,2233.2676,743908
2023-12-07,2270.4846,2270.5139,2238.6399,2249.5288,2221.8459,239029
2023-12-08,2263.47,2278.9961,2221.8225,2246.5645,2218.918,270593
2023-12-11,2248.208,2286.363,2248.208,2281.2268,2253.1538,311661
2023-12-12,2281.2268,2292.9961,2249.969,2263.7341,2235.8762,227102
2023-12-13,2269.927,2316.887,2264.7322,2309.4907,2281.0698,443226
2023-12-14,2318.6479,2318.6479,2278.0276,2299.8933,2271.5903,363192
2023-12-15,2309.843,2321.583,2268.2834,2293.583,2265.3579,635745
2023-12-18,2298.2791,2491.8127,2289.9436,2429.7375,2399.8369,2801186
2023-12-19,2436.0479,2450.3706,2348.0273,2359.5032,2330.4668,880976
2023-12-20,2380.1655,2410.1318,2275.4448,2294.6689,2266.4304,735360
2023-12-21,2263.47,2332.7361,2235.969,2328.5977,2299.9419,586859
2023-12-22,2397.8928,2418.438,2306.6438,2321.9058,2293.332,1064690
2023-12-26,2339.1929,2358.2705,2327.5117,2350.5515,2321.6252,307874
2023-12-27,2365.5786,2379.0208,2327.1887,2334.8784,2306.145,721724
2023-12-28,2353.5452,2366.6057,2315.8596,2324.4299,2295.8252,1286801
2023-12-29,2332.1489,2366.0188,2317.5034,2362.4968,2333.4236,326993
2024-01-01,2365.021,2382.0439,2353.281,2362.9958,2333.9165,218044
2024-01-02,2374.4424,2376.761,2328.4509,2372.4172,2343.2222,358545
2024-01-03,2380.283,2412.5679,2379.7839,2397.981,2368.4712,591658
2024-01-04,2407.8718,2422.6055,2392.9329,2400.0354,2370.5005,376886
2024-01-05,2406.199,2415.2388,2381.457,2393.3142,2363.8618,238564
2024-01-08,2403.1758,2404.4087,2349.2014,2357.0964,2328.0898,286950
2024-01-09,2366.1069,2475.9639,2365.6079,2461.5237,2431.2319,1113636
2024-01-10,2460.0854,2482.5676,2434.8152,2454.0981,2423.8977,455041
2024-01-11,2458.3538,2464.165,2424.8948,2441.8005,2411.7515,222858
2024-01-12,2448.7563,2458.8235,2414.094,2438.4546,2408.4465,272920
2024-01-15,2443.7375,2453.3643,2416.7942,2444.0017,2413.9253,261472
2024-01-16,2451.4858,2465.3979,2399.0083,2408.7231,2379.0811,321412
2024-01-17,2402.002,2425.9807,2364.5806,2410.6895,2381.0232,302708
2024-01-18,2406.698,2410.0732,2327.4529,2372.5344,2343.3379,319526
2024-01-19,2395.5449,2436.6348,2384.9202,2431.0583,2401.1416,189988
2024-01-23,2400.8279,2426.4211,2359.738,2397.2473,2367.7466,817128
2024-01-24,2394.958,2472.4419,2380.8699,2464.8108,2434.4785,373434
2024-01-25,2473.5864,2477.7834,2430.178,2468.5676,2438.189,279327
2024-01-29,2467.7458,2535.2214,2463.2554,2527.3557,2496.2539,784343
2024-01-30,2535.2507,2544.6428,2409.1633,2432.2617,2411.8728,832629
2024-01-31,2415.5029,2472.9407,2398.6853,2430.4126,2410.0393,834154
2024-02-01,2442.5049,2494.3662,2365.2852,2409.4275,2389.2302,1086532
2024-02-02,2421.3728,2518.1985,2413.8005,2443.2681,2422.7871,921748
2024-02-05,2450.7229,2494.7478,2420.7566,2434.8445,2414.4341,523729
2024-02-06,2447.6704,2494.7478,2427.2722,2475.23,2454.4812,268988
2024-02-07,2518.1985,2518.1985,2443.1213,2494.2783,2473.3699,389046
2024-02-08,2505.3137,2544.6428,2474.2029,2480.9827,2460.1855,400136
2024-02-09,2483.4187,2524.8022,2439.5112,2509.8923,2488.8528,393964
2024-02-12,2509.8923,2558.907,2467.7458,2476.1692,2455.4124,529370
2024-02-13,2475.9639,2641.3804,2417.2639,2531.8462,2510.6228,1263116
2024-02-14,2512.0349,2610.9736,2512.0056,2570.7056,2549.1563,893019
2024-02-15,2582.7979,2586.2903,2537.5693,2551.54,2530.1514,173558
2024-02-16,2562.3408,2593.0996,2545.8169,2582.0054,2560.3616,241361
2024-02-19,2583.3555,2611.5608,2568.1228,2592.542,2570.8096,184575
2024-02-20,2603.3428,2615.0828,2587.2295,2603.783,2581.9563,222584
2024-02-21,2609.2126,2664.3027,2592.219,2606.4832,2584.634,371688
2024-02-22,2612.1477,2692.5667,2593.3638,2672.3152,2649.9141,403586
2024-02-23,2686.6965,2695.6484,2652.4158,2662.9231,2640.6008,264221
2024-02-26,2670.8477,2697.2627,2638.5627,2680.093,2657.6267,304792
2024-02-27,2680.0342,2727.4932,2678.4788,2691.5688,2669.0063,389099
2024-02-28,2708.3862,2734.6252,2663.9797,2686.5793,2664.0588,299446
2024-02-29,2689.2207,2770.6377,2646.8101,2746.7173,2723.6926,600743
2024-03-01,2758.8977,2761.7446,2725.7615,2759.3379,2736.2073,199138
2024-03-04,2776.5369,2781.2329,2742.5791,2752.5581,2729.4846,209615
2024-03-05,2769.6985,2793.9121,2751.3547,2776.5957,2753.3206,163935
2024-03-06,2785.3125,2785.3125,2717.8662,2763.9165,2740.7476,294519
2024-03-07,2776.5076,2784.1387,2732.9229,2740.4951,2717.5225,244233
2024-03-11,2741.2876,2918.7961,2741.2876,2777.0066,2753.728,1918967
2024-03-12,2785.3125,2838.1133,2758.8977,2807.2957,2783.7632,697414
2024-03-13,2808.7046,2843.4255,2708.2983,2729.6062,2706.7251,645685
2024-03-14,2730.1052,2810.6709,2688.3108,2789.0693,2765.6897,412460
2024-03-15,2798.8135,2829.6897,2748.3904,2800.7507,2777.2732,390562
2024-03-18,2802.8933,2849.8826,2785.8408,2837.7903,2814.0022,292720
2024-03-19,2841.0776,2846.6833,2701.7532,2723.5896,2700.7588,633503
2024-03-20,2740.5244,2793.2078,2678.0972,2764.5034,2741.3296,305029
2024-03-21,2788.2476,2907.9954,2783.2874,2901.157,2876.8376,786406
2024-03-22,2896.8718,2933.3538,2855.5471,2930.0374,2905.4758,479451
2024-03-26,2930.0374,3000.2717,2917.3875,2992.905,2967.8167,728012
2024-03-27,3011.3074,3146.3171,3003.9404,3104.4348,3078.4116,1348237
2024-03-28,3104.4348,3172.7322,3073.8228,3154.5647,3128.1211,678687
2024-04-01,3157.3821,3245.3735,3157.3821,3206.7195,3179.8386,631767
2024-04-02,3213.7927,3286.6101,3201.73,3273.6082,3246.1667,449484
2024-04-03,3234.9541,3329.6958,3234.9541,3313.7881,3286.0098,581683
2024-04-04,3314.2285,3386.9871,3290.1321,3303.0754,3275.387,623656
2024-04-05,3312.3208,3341.4653,3250.95,3307.3018,3279.5779,413155
2024-04-08,3332.9832,3367.8801,3308.3291,3327.113,3299.2231,398799
2024-04-09,3348.832,3355.1716,3277.6877,3290.2788,3262.6975,249533
2024-04-10,3306.5388,3306.5388,3257.8765,3277.1008,3249.6301,310376
2024-04-12,3277.1008,3340.0857,3257.8472,3273.9602,3246.5159,342661
2024-04-15,3238.0066,3298.937,3181.5078,3193.7761,3167.0039,371170
2024-04-16,3190.3423,3267.0923,3178.749,3247.1931,3219.9731,455424
2024-04-18,3248.4551,3313.0251,3228.2329,3275.1929,3247.738,855476
2024-04-19,3272.2581,3314.0522,3217.2268,3281.0337,3253.53,815322
2024-04-22,3288.3418,3425.1421,3286.6101,3386.0479,3357.6638,840690
2024-04-23,3404.5969,3412.1694,3337.0627,3343.373,3315.3469,311349
2024-04-24,3362.9202,3377.6245,3320.5681,3327.6707,3299.7761,453462
2024-04-25,3328.2871,3384.6392,3306.5681,3363.2429,3335.05,354724
2024-04-26,3375.2178,3409.4104,3344.635,3374.3665,3346.0803,261911
2024-04-29,3377.7124,3421.4438,3366.1191,3390.8906,3362.4661,252127
2024-04-30,3415.6326,3476.7393,3398.7856,3429.075,3400.3303,639090
2024-05-02,3429.075,3507.5862,3428.0769,3446.5674,3417.676,426724
2024-05-03,3469.1377,3491.4729,3443.5444,3479.7622,3450.5925,231533
2024-05-06,3498.5168,3637.0488,3497.9006,3585.1875,3555.1343,1312335
2024-05-07,3606.5249,3667.3967,3540.781,3577.5271,3547.5381,716801
2024-05-08,3591.9673,3719.8157,3535.0869,3701.0317,3670.0073,926467
2024-05-09,3709.2498,3718.6418,3589.4138,3598.4243,3568.26,639174
2024-05-10,3618.9399,3644.2688,3562.2358,3620.7009,3590.3499,731118
2024-05-13,3658.533,3912.9385,3650.2856,3885.9954,3853.4204,2284971
2024-05-14,3909.7688,3933.9238,3805.2241,3909.6807,3876.9075,1145060
2024-05-15,4120.7363,4249.8765,4065.5583,4179.0254,4143.9941,4758520
2024-05-16,4179.0254,4255.1885,4105.4746,4134.7363,4100.0762,2086652
2024-05-17,4150.0864,4244.0063,4134.8833,4217.7969,4182.4409,1152696
2024-05-21,4243.2432,4312.6851,4224.7529,4275.8511,4240.0083,1137886
2024-05-22,4305.0542,4305.0542,4187.7129,4202.5054,4167.2773,794072
2024-05-23,4220.5264,4336.2827,4206.5264,4327.1548,4290.8818,610893
2024-05-24,4311.5112,4311.5112,4249.8765,4275.2935,4239.4556,319901
2024-05-27,4275.3228,4297.981,4208.1406,4235.2896,4199.7866,677613
2024-05-28,4246.6479,4270.4214,4163.0005,4189.5913,4154.4717,516690
2024-05-29,4167.6377,4199.7173,4108.9966,4118.8579,4084.3311,794675
2024-05-30,4111.3442,4138.3462,4073.4243,4099.9858,4065.6172,474891
2024-05-31,4134.2373,4145.4492,4063.2397,4090.1831,4055.8967,1576340
2024-06-03,4255.7461,4311.4526,4190.061,4269.8345,4234.042,1132539
2024-06-04,4296.8364,4296.8364,3415.8674,3740.4487,3709.0938,2110529
2024-06-05,3885.9072,3885.9365,3602.5039,3832.05,3799.9275,1252949
2024-06-06,3874.1672,4014.1372,3871.291,3988.0452,3954.615,716019
2024-06-07,3991.626,4047.9192,3936.4185,4035.6802,4001.8506,448288
2024-06-10,4044.3972,4082.3174,4006.2715,4024.7913,3991.053,440649
2024-06-11,4062.0952,4129.1304,4039.261,4050.9128,4016.9556,706063
2024-06-12,4061.4202,4187.625,4060.8037,4147.3276,4112.5625,875733
2024-06-13,4185.3062,4383.7124,4163.1763,4341.8003,4305.4048,1481464
2024-06-14,4363.4604,4644.9561,4353.1294,4572.8433,4534.5107,2241455
2024-06-18,4593.2417,4602.6631,4497.0322,4536.2441,4498.2188,564554
2024-06-19,4558.6382,4584.4658,4411.3013,4424.8022,4387.7109,592516
2024-06-20,4425.9761,4432.9028,4361.4355,4417.1123,4380.085,531785
2024-06-21,4436.8945,4461.1963,4344.2363,4365.1045,4328.5132,427448
2024-06-24,4357.9429,4486.1143,4315.4443,4457.6445,4420.2778,521276
2024-06-25,4475.6362,4548.6592,4424.5381,4437.7163,4400.5166,840898
2024-06-26,4447.6953,4499.3511,4405.4897,4459.4937,4422.1113,373441
2024-06-27,4452.4204,4657.4302,4426.0347,4597.4976,4558.9585,2112969
2024-06-28,4609.4722,4609.4722,4478.8354,4522.5376,4484.627,769128
2024-07-01,4534.9233,4631.4258,4523.4766,4620.5957,4581.8633,582119
2024-07-02,4620.2729,4637.2959,4491.1919,4562.3066,4524.0625,521048
2024-07-03,4574.4868,4645.4844,4552.1812,4580.3862,4541.9907,475455
2024-07-04,4580.3862,4666,4545.4014,4617.8662,4579.1563,482014
2024-07-05,4618.5122,4677.623,4587.4009,4628.814,4590.0127,528860
2024-07-08,4657.4009,4657.7236,4511.1206,4544.1685,4506.0762,399489
2024-07-09,4555.1162,4592.6841,4534.6299,4557.4053,4519.2021,310552
2024-07-10,4578.5962,4616.1055,4461.1963,4605.9795,4567.3696,559951
2024-07-11,4657.166,4657.166,4556.1138,4564.5078,4526.2451,362284
2024-07-12,4583.292,4593.271,4461.6948,4469.1499,4431.6865,726216
2024-07-15,4469.1499,4501.8457,4433.1377,4484.5586,4446.9658,425054
2024-07-16,4496.416,4512.7935,4369.624,4384.0645,4347.3145,581874
2024-07-18,4384.0645,4389.9048,4141.3105,4180.1406,4145.1001,1477140
2024-07-19,4182.8115,4197.0464,4006.2715,4021.064,3987.3569,1158232
2024-07-22,3927.0559,4131.3022,3927.0559,4122.5854,4088.0271,636262
2024-07-23,4132.4175,4170.4844,3894.7417,3984.9634,3951.5588,1096685
2024-07-24,4003.0723,4086.6904,3938.7666,3974.6323,3941.3145,761424
2024-07-25,3954.6155,4079.6465,3915.9617,4013.2861,3979.6443,583872
2024-07-26,4038.9087,4095.5835,4015.106,4060.4517,4026.4143,600579
2024-07-29,4089.9189,4173.9185,4078.0615,4165.5537,4130.6357,636993
2024-07-30,4167.6963,4201.6836,4101.6885,4121.4116,4086.8635,672423
2024-07-31,4152.9922,4214.6563,4062.0364,4187.0088,4151.9106,793082
2024-08-01,4195.8428,4205.2056,4078.3257,4125.9019,4091.3162,914883
2024-08-02,4050.2964,4098.9883,3991.626,4036.502,4002.6653,756140
2024-08-05,3919.6304,3997.4666,3876.6326,3929.7854,3896.8435,851269
2024-08-06,3929.7854,4011.9067,3854.0625,3869.4419,3837.0059,417249
2024-08-07,3931.7227,4032.6865,3854.8257,4006.7117,3973.125,628182
2024-08-08,3968.1165,4020.3301,3908.4187,3973.3994,3940.092,809522
2024-08-09,4020.9465,4059.2483,3974.6028,4044.1331,4010.2327,1236449
2024-08-12,3991.5964,4138.3462,3971.0515,4062.594,4028.5388,1745187
2024-08-13,4054.4641,4134.8242,4020.9758,4090.8582,4056.5662,891985
2024-08-14,4092.355,4145.7427,4013.6089,4132.5059,4097.8647,574165
2024-08-16,4161.8262,4259.7085,4145.8892,4219.7632,4184.3906,681733
2024-08-19,4252.2241,4252.2241,4160.1533,4169.0171,4134.0698,401085
2024-08-20,4198.2202,4198.2202,4111.5791,4158.3335,4123.4756,299998
2024-08-21,4158.3335,4184.8369,4127.8389,4157.7466,4122.894,252134
2024-08-22,4182.1367,4182.1367,4126.6357,4141.8979,4107.1782,276213
2024-08-23,4141.8979,4172.3628,4114.8662,4121.9985,4087.4456,216093
2024-08-26,4147.5034,4147.5034,4105.0635,4134.2666,4099.6104,255325
2024-08-27,4155.9565,4166.8745,4108.9966,4114.1914,4079.7039,307347
2024-08-28,4119.269,4129.5415,4073.9231,4080.4976,4046.2922,343891
2024-08-29,4067.9358,4082.1118,3994.6782,4032.2756,3998.4746,628365
2024-08-30,4047.9485,4072.573,4025.0261,4046.2461,4012.3279,1198532
2024-09-02,4066.5857,4076.7114,3969.3198,3979.6218,3946.2622,452717
2024-09-03,3995.1184,4011.5251,3953.4417,3973.2822,3939.9756,592777
2024-09-04,3973.2822,4000.196,3939.3535,3967.4121,3934.1548,359134
2024-09-05,3985.7266,3991.626,3920.012,3924.7959,3891.8958,370346
2024-09-06,3898.8506,3932.8965,3874.7837,3882.6201,3850.0737,471099
2024-09-09,3880.0667,3902.9302,3817.1108,3849.6895,3817.4189,491146
2024-09-10,3874.1965,3900.6116,3837.157,3864.1589,3831.7671,393031
2024-09-11,3872.876,3935.6262,3852.9473,3869.9116,3837.4714,424370
2024-09-12,3902.2258,3911.7354,3863.4839,3906.1294,3873.386,263114
2024-09-13,3921.1565,3962.2466,3912.968,3938.9133,3905.8948,294560
2024-09-16,3950.5066,3976.9216,3937.5925,3940.4102,3907.3792,122874
2024-09-17,3947.5715,3976.9216,3928.3474,3970.4058,3937.1235,168805
2024-09-18,3991.5964,3992.6824,3936.4185,3956.5527,3923.3865,200604
2024-09-19,3976.9216,4017.2778,3818.4316,3947.9531,3914.8589,616978
2024-09-20,3963.3325,4027.8145,3940.146,4010.8208,3977.1997,992735
2024-09-23,4033.8606,4085.4871,4015.6636,4072.8372,4038.696,367189
2024-09-24,4072.8372,4182.0776,4067.9065,4165.1724,4130.2573,662603
2024-09-25,4171.8052,4239.8682,4153.0215,4212.8955,4177.5801,895767
2024-09-26,4232.2661,4248.6143,4103.1851,4154.3423,4119.5181,466136
2024-09-27,4154.3423,4299.1841,4129.5415,4282.2788,4246.3823,918736
2024-09-30,4281.8677,4296.7773,4214.1279,4255.7461,4220.0718,564906
2024-10-01,4270.3037,4431.8462,4258.1235,4409.3643,4372.4023,880290
2024-10-03,4374.144,4413.062,4288.0313,4312.333,4276.1841,412768
2024-10-04,4311.5112,4325.335,4215.8301,4253.8975,4218.2388,473491
2024-10-07,4288.5303,4307.373,4094.967,4107.9106,4073.4756,441247
2024-10-08,4114.8662,4343.7671,4082.7283,4327.4482,4291.1729,568002
2024-10-09,4329.1211,4545.1958,4323.1924,4506.5127,4468.7363,900194
2024-10-10,4519.896,4543.2881,4456.001,4512.1182,4474.2944,372795
2024-10-11,4514.0259,4566.8267,4436.542,4549.1875,4511.0532,376068
2024-10-14,4566.856,4569.791,4504.6343,4534.8057,4496.792,275138
2024-10-15,4581.8247,4625.6147,4522.0972,4619.7153,4580.9902,597918
2024-10-16,4619.7153,4772.2471,4611.4976,4687.9541,4648.6567,1656751
2024-10-17,4687.9541,4695.9961,4490.7222,4530.2568,4492.2813,662574
2024-10-18,4531.6948,4610.646,4440.6509,4580.3569,4541.9614,467830
2024-10-21,4602.0762,4621.7109,4375.5234,4391.6953,4354.8813,385957
2024-10-22,4391.6953,4391.6953,4232.7651,4249.1133,4213.4946,791353
2024-10-23,4248.7021,4271.3896,4021.5042,4033.8899,4000.0754,812625
2024-10-24,4049.7095,4092.531,3942.2886,4019.7725,3986.0762,788358
2024-10-25,4038.5564,4049.0344,3907.1567,3977.7727,3944.4287,536329
2024-10-28,3989.5127,4031.043,3929.9617,3963.0391,3929.8184,468112
2024-10-29,3985.7266,4061.8604,3915.2866,4054.7576,4020.7681,428213
2024-10-30,4060.2754,4116.5098,4003.9236,4067.9358,4033.8357,333351
2024-10-31,4056.1665,4113.7803,4056.1665,4095.0845,4060.7568,290668
2024-11-01,4095.1138,4114.25,4036.4138,4079.1182,4044.9246,30219
2024-11-04,4113.0469,4113.0469,3981.7349,4081.9944,4047.7764,485353
2024-11-05,4079.6758,4107.8223,4003.4832,4084.137,4049.9014,447964
2024-11-06,4108.4092,4173.5664,4072.9839,4138.6987,4104.0059,429473
2024-11-07,4179.4365,4197.604,4083.1978,4152.1113,4117.3057,344857
2024-11-08,4160.6523,4242.48,4114.5728,4211.3398,4176.0376,549978
2024-11-11,4205.8809,4214.6563,4128.9546,4136.0278,4101.3574,369477
2024-11-12,4144.187,4166.3755,3978.0955,3991.2737,3957.8164,380642
2024-11-13,3991.3323,4006.2715,3900.6409,3935.5674,3902.5769,365720
2024-11-14,3935.2446,3972.7244,3866.1255,3954.5276,3921.3784,433749
2024-11-18,4006.2715,4012.9338,3881.2993,3897.7939,3865.1201,240947
2024-11-19,3922.9175,3984.4351,3891.5425,3900.9932,3868.2925,377552
2024-11-21,3900.905,3939.9407,3845.6978,3898.6453,3865.9644,368778
2024-11-22,3912.0288,4094.3215,3902.9595,4020.5942,3986.8911,595041
2024-11-25,4098.4307,4341.8887,4092.2083,4313.5659,4277.4072,2501112
2024-11-26,4343.209,4349.7544,4243.9771,4251.3438,4215.7065,459152
2024-11-27,4401.9092,4474.668,4328.5635,4365.3979,4328.8047,2317671
2024-11-28,4393.6323,4460.2275,4342.2114,4355.5361,4319.0254,1252452
2024-11-29,4367.8633,4480.5669,4358.5005,4438.2148,4401.0112,984620
2024-12-02,4446.521,4489.3721,4393.7207,4439.5947,4402.3794,705697
2024-12-03,4472.936,4548.6592,4456.2358,4538.0933,4500.0522,791356
2024-12-04,4566.856,4664.6499,4533.1621,4548.7764,4510.6455,946992
2024-12-05,4578.5962,4607.9458,4534.5708,4574.1641,4535.8203,494198
2024-12-06,4578.5962,4636.1221,4550.4785,4571.3174,4532.998,401598
2024-12-09,4571.3174,4659.2202,4541.6152,4603.2793,4564.6919,515642
2024-12-10,4613.8159,4637.2959,4570.4956,4631.6606,4592.835,436346
2024-12-11,4631.6606,4650.21,4602.0762,4620.2729,4581.543,293787
2024-12-12,4624.3525,4672.5161,4596.2061,4646.8345,4607.8818,328359
2024-12-13,4646.1011,4666.5581,4573.8706,4628.4028,4589.605,226593
2024-12-16,4640.3779,4717.0986,4628.2563,4677.7695,4638.5576,416262
2024-12-17,4666.9395,4694.5869,4563.9209,4573.1074,4534.7729,420090
2024-12-18,4593.2417,4627.6689,4478.8062,4500.5249,4462.7988,405462
2024-12-19,4431.8462,4501.4058,4396.6553,4480.0684,4442.5137,304535
2024-12-20,4522.8311,4527.7324,4004.3931,4032.0408,3998.2417,2836225
2024-12-23,4026.8459,4056.0491,3899.144,4003.7769,3970.2148,1516757
2024-12-24,3997.4666,4003.1897,3862.4861,3906.4229,3873.6768,1368181
2024-12-26,3909.4165,3956.3765,3898.8799,3936.1543,3903.1589,489065
2024-12-27,3932.926,3971.0515,3828.5574,3842.4985,3810.2883,456623
2024-12-30,3862.4565,3930.5486,3751.0735,3776.52,3744.8628,2050470
2024-12-31,3796.6248,3878.4524,3773.8491,3836.658,3804.4966,742898
2025-01-01,3844.8467,3905.6011,3817.1697,3894.8296,3862.1807,396985
2025-01-02,3932.3096,3941.6428,3853.6516,3932.0161,3899.0554,667361
2025-01-03,3944.6365,3956.3765,3872.054,3879.8906,3847.3669,504796
2025-01-06,3891.1023,3893.8318,3771.7651,3799.7651,3767.9131,489305
2025-01-07,3811.1528,3843.1443,3771.501,3805.0188,3773.1228,528092
2025-01-08,3800.2639,3811.8279,3659.707,3696.1304,3665.1472,915457
2025-01-09,3696.512,3766.1301,3643.8286,3663.053,3632.3469,581738
2025-01-10,3656.948,3671.447,3561.3259,3583.5144,3553.4753,644503
2025-01-13,3568.3992,3568.634,3392.8569,3406.5342,3377.9785,562484
2025-01-14,3413.989,3463.2383,3386.312,3441.842,3412.9902,577767
2025-01-15,3460.3621,3473.0999,3402.8359,3409.5864,3381.0051,506588
2025-01-16,3447.7122,3547.6487,3443.3684,3527.8962,3498.3232,585101
2025-01-17,3527.8669,3645.2668,3488.5674,3629.5647,3599.1396,612114
2025-01-20,3633.5269,3648.9355,3588.3279,3602.093,3571.8982,152373
2025-01-21,3604.7639,3615.9167,3470.7224,3477.1501,3448.0027,352632
2025-01-22,3498.4583,3510.1689,3392.8569,3437.7332,3408.9158,403985
2025-01-23,3451.5276,3600.0679,3450.8818,3561.825,3531.9675,409453
2025-01-24,3551.3469,3561.3259,3424.6724,3451.3809,3422.4492,421077
2025-01-27,3439.8169,3439.8169,3334.157,3397.1714,3368.6943,333867
2025-01-28,3482.6387,3501.7454,3287.197,3336.7104,3308.7402,594390
2025-01-29,3340.0271,3431.012,3321.2432,3419.0078,3390.3477,285380
2025-01-30,3428.6641,3488.5085,3400.3413,3448.4753,3431.6123,502913
2025-01-31,3475.0369,3580.6968,3447.7415,3565.0532,3547.6201,698148
2025-02-01,3597.1328,3607.6987,3316.5471,3374.2197,3357.72,866946
2025-02-03,3376.4211,3386.9871,3042.0369,3067.6006,3052.6001,2949638
2025-02-04,3108.1624,3190.3423,3080.4854,3181.8601,3166.301,1902872
2025-02-05,3205.8684,3308.3291,3191.7217,3275.7507,3259.7324,938038
2025-02-06,3310.677,3350.417,3276.6311,3311.2642,3295.0723,698995
2025-02-07,3338.853,3345.897,3197.9731,3231.7256,3215.9226,674714
2025-02-10,3231.4614,3256.9666,3130.4976,3140.0071,3124.6526,576213
2025-02-11,3146.3467,3158.0571,3020.5527,3055.2444,3040.3044,854281
2025-02-12,3052.3972,3108.1035,2939.1064,3051.8984,3036.9749,1379042
2025-02-13,2993.6973,3109.5125,2946.1797,2996.7791,2982.125,1841280
2025-02-14,2999.5674,3027.5671,2903.6809,2929.6265,2915.3008,561232
2025-02-17,2903.8572,2924.2847,2811.2285,2852.4065,2838.4583,1358038
2025-02-18,2881.4338,2898.8088,2789.8032,2843.22,2829.3167,875987
2025-02-19,2823.4675,2927.9534,2801.5725,2908.5237,2894.301,1130801
2025-02-20,2904.4734,2957.2153,2872.2471,2950.2007,2935.7744,749470
2025-02-21,2940.8674,2969.8945,2850.5283,2888.8298,2874.7036,779092
2025-02-24,2874.4778,2874.5364,2800.8975,2860.3899,2846.4026,957130
2025-02-25,2868.0796,2895.4336,2824.9351,2839.7568,2825.8706,490647
2025-02-27,2841.5764,2857.3667,2734.6252,2751.061,2737.6084,641615
2025-02-28,2729.5476,2764.7676,2689.0447,2713.9922,2700.7209,919544
2025-03-03,2717.7783,2853.4045,2680.2397,2839.1404,2825.2571,810733
2025-03-04,2782.1135,2916.918,2782.1135,2895.0227,2880.8662,992217
2025-03-05,2895.0227,3012.4519,2895.0227,2985.3328,2970.7346,1248047
2025-03-06,3020.1123,3092.46,2985.3621,3029.0935,3014.2813,1446016
2025-03-07,3029.5044,3036.9885,2961.7646,2997.2781,2982.6216,1000990
2025-03-10,2997.2781,3018.5273,2905.6475,2920.0583,2905.7793,566630
2025-03-11,2876.2976,2925.8696,2848.1216,2900.9807,2886.7949,889506
2025-03-12,2928.7751,2940.3391,2823.7903,2879.6729,2865.5913,416828
2025-03-13,2905.0605,2986.2424,2871.3667,2892.6748,2878.5298,696251
2025-03-17,2920.3225,2931.769,2869.5764,2897.6936,2883.5239,435109
2025-03-18,4968.70,5116.20,4949.20,5107.60,5107.60,259115
2025-03-19,3010.1333,3083.0681,2989.5591,3066.7788,3051.7825,855208
2025-03-20,3087.6172,3092.783,3000.1543,3048.9341,3034.0249,548075
2025-03-21,3052.9255,3116.9673,3037.6636,3052.7788,3037.8508,1256241
2025-03-24,3090.5522,3137.3069,3055.3323,3066.0156,3051.0229,600664
2025-03-25,3081.7473,3102.1162,2998.3933,3004.9092,2990.2153,399335
2025-03-26,3111.0972,3240.2371,3052.9844,3180.51,3164.9575,4736380
2025-03-27,3181.5371,3193.2771,3111.0972,3119.4033,3104.1497,1078586
2025-03-28,3135.7512,3138.6863,3041.9487,3096.6277,3081.4854,1201834
2025-04-01,3075.8772,3143.3823,3052.3972,3069.978,3054.9658,562131
2025-04-02,3070.0073,3111.6843,3018.3513,3101.0303,3085.8665,634342
2025-04-03,3052.9844,3125.1853,3052.9844,3080.8962,3065.8308,677222
2025-04-04,3103.7305,3103.7305,2847.564,2892.8215,2878.6758,1869669
2025-04-07,2450,3087,2450,2812.45,2798.6973,2716014
2025-04-08,2938.3501,3031,2750,2763.45,2749.9368,2603929
2025-04-09,2789,2791.95,2667.8,2715.8501,2702.5696,866126
2025-04-11,2813,2813,2710.05,2727.8,2714.4612,784039
2025-04-15,2798,2850,2741.5,2839.5,2825.615,872503
2025-04-16,2860,2904.5,2799,2811.5,2797.752,865906
2025-04-17,2813.5,2850,2770,2810,2796.2593,537062
2025-04-21,2846,2847,2744,2827,2813.176,653092
2025-04-22,2840.5,2879.5,2813,2856.5,2842.5317,576915
2025-04-23,2875,2915,2841.5,2872,2857.9561,607062
2025-04-24,2885,2923.5,2870,2903.5,2889.302,453763
2025-04-25,2905,2918.5,2767,2833.5,2819.6443,776070
2025-04-28,2833.5,2926.5,2833,2916.5,2902.2385,460919
2025-04-29,2931.5,2988,2904,2930,2915.6724,674757
2025-04-30,2939,2945.5,2857,2901.5,2887.3118,512358
2025-05-02,2901.5,2950,2895.8,2912.5,2898.2581,367358
2025-05-05,2938,2965,2899.8,2951.7,2937.2664,237370
2025-05-06,2951.7,2972.3999,2916.8,2941.1001,2926.7183,269762
2025-05-07,2882.3,3009.6001,2882.1001,2967.2,2952.6904,415422
2025-05-08,2974.6001,2975,2820,2838.6001,2824.7195,898180
2025-05-09,2795,2875,2788.3,2857.2,2843.2283,539592
2025-05-12,2929,2953.6001,2865.8999,2895.8999,2881.739,506851
2025-05-13,2914,2947.3,2903,2916.7,2902.4375,784313
2025-05-14,2918,3039.8999,2918,3006.8,2992.0969,1814823
2025-05-15,3010,3028,2972,3009.5,2994.7837,501027
2025-05-16,3028,3114.8999,2996,3069.5,3054.4902,809043
2025-05-19,3080,3150.8,3025.8,3104.3999,3089.2195,596943
2025-05-20,3140,3207.8,3054.3999,3127.7,3112.4055,1314196
2025-05-21,3189,3305,3128.6001,3290.8,3274.7083,1482098
2025-05-22,3306.6001,3348,3227.3999,3304.6001,3288.4407,1026833
2025-05-23,3310.7,3335,3251.1001,3277.3,3261.2742,650091
2025-05-26,3290,3308.8999,3240,3248.7,3232.814,585314
2025-05-27,3306.8,3306.8,3256.2,3299.1001,3282.9675,663341
2025-05-28,3325,3347.7,3300.3,3337.6001,3321.2793,570286
2025-05-29,3357.7,3376,3326.6001,3349.2,3332.8225,515527
2025-05-30,3360,3370,3252,3265.6001,3249.6313,756152
2025-06-02,3270,3313.8999,3258.1001,3292,3275.9023,349448
2025-06-03,3306,3364.8,3302.1001,3314,3297.7947,390549
2025-06-04,3320.3,3336.5,3275.1001,3309.3,3293.1177,259833
2025-06-05,3315,3336.3,3276.6001,3280.5,3264.4585,185492
2025-06-06,3300,3348,3283,3297.5,3281.3752,333166
2025-06-09,3320,3405,3306.6001,3383.3,3366.7559,618824
2025-06-10,3400,3409,3362.7,3371.7,3355.2124,348784
2025-06-11,3381,3398,3338.2,3349.8999,3333.519,412042
2025-06-12,3350,3357.8999,3258,3267.5,3251.522,348509
2025-06-13,3195.1001,3271.3,3169.8999,3260,3244.0586,347257
2025-06-16,3248,3313,3243.8,3271.5,3255.5024,362584
2025-06-17,3278,3373.3,3276.5,3321.6001,3305.3577,834726
2025-06-18,3344.8999,3370,3300.2,3355.8,3339.3904,382866
2025-06-19,3349.8999,3385,3260.3,3284.8,3268.7375,547608
2025-06-20,3274.8,3297.3999,3195.1001,3214.2,3198.4827,1000560
2025-06-23,3200,3200,3082,3091.6001,3076.4822,1299174
2025-06-24,3109,3230,3109,3159.8,3144.3486,1187970
2025-06-25,3187,3190,3101.1001,3149.1001,3133.7012,845690
2025-06-26,3158,3175,3121.5,3164.8999,3149.4236,501325
2025-06-27,3184,3271.8999,3165,3178.3999,3162.8577,2052948
2025-06-30,3204.8,3298.7,3196.2,3251.5,3235.6003,880507
2025-07-01,3272,3378.8,3260,3323.1001,3306.8503,1445646
2025-07-02,3339,3365,3267,3287.7,3271.6233,592322
2025-07-03,3290,3326.8999,3285,3311.7,3295.5059,496857
2025-07-04,3320,3320,3237,3292.3999,3276.3003,504152
2025-07-07,3290,3307.5,3250,3278.2,3262.1697,439627
2025-07-08,3295,3354.8999,3275.3,3296.8,3280.6787,549860
2025-07-09,3292.3999,3303,3213,3218.3,3202.5627,458107
2025-07-10,3227,3228,3167,3191.6001,3175.9932,354856
2025-07-11,3178,3190.3,3105.1001,3117.7,3102.4546,370986
2025-07-14,3139,3164,3065,3152.6001,3137.1841,588779
2025-07-15,3148.1001,3161.7,3113.5,3146.8,3131.4124,361397
2025-07-16,3123,3140,3080,3089.3,3074.1934,624769
2025-07-17,3081.1001,3134.6001,3038.5,3110.3,3095.0908,991736
2025-07-18,3110.3,3150,3105,3128.3999,3113.1021,462228
2025-07-21,3125,3159.8,3098,3154.8,3139.3733,257721
2025-07-22,3160,3163.8,3120.8999,3141.8,3126.4368,348800
2025-07-23,3145,3162,3111.8,3143.1001,3127.7305,205688
2025-07-24,3143,3143,3101.1001,3129,3113.6992,295195
2025-07-25,3129,3130,3030.2,3038.2,3023.3433,246680
2025-07-28,3040,3077,3016.5,3061.6001,3046.6289,398906
2025-07-29,3053.5,3088.7,3034.6001,3068,3052.9976,255592
2025-07-30,3068,3079.5,3020,3071.3999,3056.3809,310945
2025-07-31,3010,3059.3,3005,3033.3999,3018.5667,299015
2025-08-01,3050,3050,2998,3023.6001,3008.8147,281885
2025-08-04,3000,3009,2928.5,2993.6001,2978.9614,478003
2025-08-05,3029.8999,3090.1001,3006.2,3081,3065.9341,772626
2025-08-06,3100,3114,3057,3083.8999,3068.8198,392854
2025-08-07,3079,3128.5,3051,3117,3101.7581,457545
2025-08-08,3147,3147,3023,3031.8,3016.9746,263161
2025-08-11,3020,3138.7,2925,3114.8,3099.5688,1102245
2025-08-12,3114.8,3200,3085.1001,3135.1001,3119.7695,697711
2025-08-13,3136.8999,3192,3102.2,3150.7,3135.2932,305836
2025-08-14,3150.7,3188.8999,3118.2,3169,3153.5037,330958
2025-08-18,3213.8999,3213.8999,3110.2,3118,3102.7532,276357
2025-08-19,3125,3153.3999,3120.1001,3133.2,3117.8787,189758
2025-08-20,3135,3164.8,3120.2,3155.1001,3139.6719,259839
2025-08-21,3174,3235,3150,3197.2,3181.5657,708572
2025-08-22,3210,3234.3,3158,3173.2,3157.6831,290166
2025-08-25,3185,3210,3147.8,3164.6001,3149.1252,335061
2025-08-26,3154.6001,3159.3999,3039,3048,3033.0955,829921
2025-08-28,3057.7,3078,3017.8999,3043.2,3028.3188,527913
2025-08-29,3043.1001,3094,3017.5,3063.7,3048.7185,430652
2025-09-01,3078.8,3151.3,3064,3138.8999,3123.5508,231094
2025-09-02,3139,3198,3120,3190.3,3174.6997,326742
2025-09-03,3190,3224.8999,3180,3211.8999,3196.1938,240535
2025-09-04,3225,3230.7,3150,3154.3999,3138.9751,191346
2025-09-05,3168.7,3182.8,3085,3089.1001,3073.9944,316358
2025-09-08,3110,3140.8999,3090.1001,3121.6001,3106.3357,221407
2025-09-09,3131.3999,3200,3095.2,3190.1001,3174.5007,307706
2025-09-10,3192.1001,3219.1001,3131.3999,3142.7,3127.3323,655563
2025-09-11,3147,3210,3147,3185.3,3169.7241,448621
2025-09-12,3202,3212,3181.5,3202,3186.3423,172093
2025-09-15,3200,3325,3190.1001,3293.7,3277.594,1094939
2025-09-16,3303.1001,3334.1001,3285,3313.8,3297.5957,441922
2025-09-17,3316,3368,3306.6001,3322.7,3306.4521,569372
2025-09-18,3322.6001,3350.1001,3288.1001,3317.8,3301.5762,459746
2025-09-19,3337.8999,3346.8,3308.5,3325.8999,3309.6365,431619
2025-09-22,3335,3335,3235.8,3243.5,3227.6394,292028
2025-09-23,3243.5,3272.8999,3225.5,3240.3999,3224.5544,204819
2025-09-24,3240,3244.3999,3193.8999,3201,3185.3472,257405
2025-09-25,3199.8999,3222,3145.3999,3156.3,3140.866,180638
2025-09-26,3156,3156,3075,3096.3,3081.1592,246575
2025-09-29,3115,3147,3092.3999,3105.2,3090.0156,615998
2025-09-30,3105.2,3137.7,3098,3129.2,3113.8982,315843
2025-10-01,3135,3158.3999,3094.1001,3121.5,3106.2361,195465
2025-10-03,3121.5,3174.8,3107.3,3164.1001,3148.6277,223614
2025-10-06,3182,3276.8999,3156.8,3251.7,3235.7993,597115
2025-10-07,3250,3262.2,3208,3250.8,3234.9038,221931
2025-10-08,3250,3270,3202.8999,3216.8,3201.0701,204414
2025-10-09,3205.2,3225,3170,3178.3999,3162.8577,129907
2025-10-10,3178,3201.8,3140,3147.3999,3132.0093,234596
2025-10-13,3147.3,3147.3999,3022.7,3077.5,3062.4512,622559
2025-10-14,3080,3119.8999,3063.5,3107.3,3092.1055,364449
2025-10-15,3111,3145,3097,3118.6001,3103.3503,208170
2025-10-16,3118,3150,3103.8,3119,3103.7483,415106
2025-10-17,3115,3142.3999,3101.5,3121.2,3105.9375,221425
2025-10-20,3124.8999,3144.1001,3093,3096.8,3081.6567,91651
2025-10-21,3124,3124,3099,3102.8999,3087.7268,37003
2025-10-23,3135,3174.3,3110,3149.8999,3134.4971,381414
2025-10-24,3150,3175,3121,3152.2,3136.7859,202470
2025-10-27,3161,3177.3,3141.3,3159.8999,3144.448,123806
2025-10-28,3169,3169,3078.2,3109.7,3094.4937,266222
2025-10-29,3122,3165.3999,3111,3148.7,3133.303,197714
2025-10-30,3164,3164.5,3115.8999,3126.8,3111.51,122934
2025-10-31,3131,3153.1001,3093.1001,3096.3,3081.1592,128829
2025-11-03,3099.8999,3143.8,3095,3127.5,3112.2065,132017
2025-11-04,3135,3135,3092,3119.6001,3104.3455,131676
2025-11-06,3109.8999,3127.3999,3071.5,3083.5,3068.4219,297842
2025-11-07,3085,3085.1001,3005,3033.3999,3018.5667,304289
2025-11-10,3033.3999,3088,3003.1001,3054.3999,3039.4641,465289
2025-11-11,3064,3069.8999,3007.1001,3022,3007.2224,214908
2025-11-12,3050,3068.3999,3017.7,3056.6001,3041.6533,284010
2025-11-13,3065,3124.7,3056.5,3066.1001,3051.1069,324328
2025-11-14,3070,3105,3037.7,3084.2,3069.1184,284674
2025-11-17,3093.3999,3242,3093.3999,3232.6001,3216.7927,1556685
2025-11-18,3244.8,3269.8999,3201.3,3249.5,3233.6101,596935
2025-11-19,3222,3246,3186.1001,3211.5,3195.7959,336775
2025-11-20,3220,3243.8,3205.7,3216.3,3200.5725,344112
2025-11-21,3205,3214.8999,3146,3173.5,3157.9817,424858
2025-11-24,3174.8999,3184.5,3147,3163.8999,3148.4285,597847
2025-11-25,3198.2,3202.8999,3154,3181.1001,3165.5447,397365
2025-11-26,3195,3332.6001,3184.8,3318.8,3302.5713,1149408
2025-11-27,3310,3316.6001,3266.2,3312.1001,3295.9041,269573
2025-11-28,3309,3311.8999,3285,3297,3280.8777,186409
2025-12-01,3324.8999,3324.8999,3274.3999,3310.2,3294.0132,194610
2025-12-02,3310.2,3384,3301.1001,3361,3344.5649,744346
2025-12-03,3372.1001,3374.6001,3308.8,3329.8999,3313.6167,368000
2025-12-04,3332.8999,3375,3313,3362.5,3346.0574,268367
2025-12-05,3362.5,3374,3280.6001,3325.8999,3309.6365,287226
2025-12-08,3325.8999,3325.8999,3192.5,3204.2,3188.5315,308854
2025-12-09,3200,3210,3125,3142.8,3127.4319,387788
2025-12-10,3150,3183.3,3105.2,3179.8999,3164.3503,358536
2025-12-11,3180.7,3205.3999,3155.7,3196.5,3180.8691,223515
2025-12-12,3207.8999,3208.7,2992.8,3144.6001,3129.2231,1390227
2025-12-15,3142.1001,3188.5,3100.1001,3157.8,3142.3584,810524
2025-12-16,3157.8,3175,3130.7,3161.3999,3145.9407,255211
2025-12-17,3171,3180,3130.8,3140.1001,3124.7451,282648
2025-12-18,3132,3132,3051.8999,3074,3058.9683,489930
2025-12-19,3067,3122,3065,3111.6001,3096.3845,488781
2025-12-22,3120,3151,3110,3140,3124.6455,355883
2025-12-23,3141.3999,3141.3999,3107.5,3134.2,3118.8738,219121
2025-12-24,3134.2,3147,3090,3098,3082.8508,255036
2025-12-26,3098,3123,3088.3999,3100.8999,3085.7366,229163
2025-12-29,3100.8999,3108.3,3050,3054.3,3039.3647,157194
2025-12-30,3056.1001,3063.5,2993.3999,3029.5,3014.6858,406282
2025-12-31,3045,3080,3031.6001,3063.3,3048.3206,114705
2026-01-01,3072,3095.7,3050.2,3091.3,3076.1836,68164
2026-01-02,3094.8,3117.2,3058.3999,3097.7,3082.5522,283939
2026-01-05,3097.7,3123,3072.6001,3086.6001,3071.5068,155847
2026-01-06,3089,3132,3058.3999,3128.1001,3112.8037,374745
2026-01-07,3120,3138.3999,3090,3133.6001,3118.2769,190568
2026-01-08,3130,3152.5,2990.8,3009.5,2994.7837,581946
2026-01-09,3013,3108,2985,3043.8,3028.916,587723
2026-01-12,3035,3035,2925,2980.8,2966.2241,423168
2026-01-13,3014,3015.1001,2930.3999,2947.7,2933.2859,561556
2026-01-14,2950,2986,2930.5,2970.8,2956.2729,148958
2026-01-15,,,,,,
2026-01-16,2971,2974.8,2903,2919.2,2904.925,280317
2026-01-19,2919.8999,2975.8999,2910.1001,2952.6001,2938.1619,219839
2026-01-20,2942,2950,2837.6001,2848.6001,2834.6707,203479
2026-01-21,2848.2,2895.8999,2826,2884.5,2870.3948,291591
2026-01-22,2901,2934.3999,2872.7,2928.2,2913.8811,239704
2026-01-23,2928,2942.6001,2890,2900.3999,2886.217,281797
2026-01-27,2918,2926.5,2852,2894,2879.8484,227790
2026-01-28,2891,2989,2887,2980.8,2966.2241,249534
2026-01-29,2980,3118.8999,2960.8,3096.3,3081.1592,487145
2026-01-30,3092.6001,3115,3052.3,3101.3,3086.1348,242521
2026-02-02,2984.8999,3098,2972.6001,3089.8999,3074.7903,211371
2026-02-03,3160,3249,3159.8999,3211.7,3195.9949,555228
2026-02-04,3246,3321,3190,3290.5,3274.4097,466540
2026-02-05,3305,3324.6001,3250.1001,3300,3283.863,205714
2026-02-06,3288,3324.3999,3132,3176.2,3160.6685,851068
2026-02-09,3115.1001,3138.8,3036.7,3109,3093.7971,643425
2026-02-10,3126,3140.2,3094,3111.5,3096.2849,223168
2026-02-11,3119.8999,3158,3105.1001,3151.6001,3136.189,191571
2026-02-12,3160,3165.8,3114.7,3148.5,3133.104,410311
2026-02-13,3131,3184.5,3083.1001,3116.5,3101.2605,411114
2026-02-16,3116.5,3226,3083.1001,3215.6001,3199.876,293293
2026-02-17,3212,3262,3162.6001,3186.3999,3170.8186,274307
2026-02-18,3198.8999,3214.7,3170.5,3187.8999,3172.3113,159481
2026-02-19,3187.8999,3218.8999,3098.2,3107.1001,3091.9065,176679
2026-02-20,3111.8999,3307,3105,3206.2,3190.5217,1339800
2026-02-23,3210.1001,3317,3201,3302.2,3286.0522,756804
2026-02-24,3305,3391.8999,3274.2,3365.6001,3349.1423,532121
2026-02-25,3376.8999,3396,3304,3350.8,3334.4148,386158
2026-02-26,3365,3373.8,3328.3999,3336.8999,3320.5825,153440
2026-02-27,3336,3440,3271.8,3418.6001,3401.8833,857596
2026-03-02,3396.2,3396.3,3295.2,3341.6001,3325.2598,598519
2026-03-04,3285,3285,3141.7,3161,3145.5427,424094
2026-03-05,3172,3236,3170.1001,3215.7,3199.9753,277723
2026-03-06,3215.1001,3318.8999,3177.5,3268.8999,3252.915,384941
2026-03-09,3180,3246.8,3130,3228.8999,3213.1106,292747
2026-03-10,3265,3333,3246.3999,3274.8999,3258.8857,359689
2026-03-11,3296,3348.3999,3262.6001,3272.2,3256.199,293668
2026-03-12,3249.5,3349.6001,3219.6001,3324.7,3308.4424,361947
2026-03-13,3324,3361.8999,3195.8999,3207.6001,3191.915,312590
2026-03-16,3220,3233.1001,3101,3149.6001,3134.1987,681618
2026-03-17,3153.3999,3183.3,3121,3173.5,3157.9817,269351
2026-03-18,3180,3231.6001,3144,3220.8999,3205.1499,203255
2026-03-19,3175,3175,3066,3079,3063.9438,410905
2026-03-20,3121.1001,3199,3089.8999,3129.6001,3114.2964,336513
2026-03-23,3110,3110,2937,2988.3,2973.6873,524215
2026-03-24,3069.8999,3070,2980,3001.8,2987.1213,563273
2026-03-25,3015,3127,3015,3101.3,3086.1348,366090
2026-03-27,3096,3105,3010,3048.8999,3033.991,499098
2026-03-30,2997.6001,3020.3,2923.1001,2935,2920.6479,480280
2026-04-01,3010,3072.3,2985.7,3017,3002.2471,276980
2026-04-02,2970,3045,2906,3026.6001,3011.8,265901
2026-04-06,3041.3999,3065.8999,2965.1001,3048,3033.0955,372908
2026-04-07,3053.3999,3084,2992.8,3075.5,3060.4609,184684
2026-04-08,3180,3245.6001,3147,3226.1001,3210.3245,398432
2026-04-09,3230.8999,3255,3181,3222.5,3206.7422,279120
2026-04-10,3234.3999,3402.3999,3232,3388.5,3371.9304,625209
2026-04-13,3340,3375.5,3275.5,3343.5,3327.1504,329882
2026-04-15,3400,3590,3365.6001,3576.1001,3558.613,2134727
2026-04-16,3600,3619.3,3532.8,3563.8,3546.3733,1020682
2026-04-17,3589,3718.8999,3565,3707.8999,3689.7683,1034058
2026-04-20,3702,3778.5,3659.5,3709,3690.863,659226
2026-04-21,3726,3787,3701,3721.7,3703.501,371076
2026-04-22,3709,3885,3706.6001,3844.3,3825.5015,882278
2026-04-23,3849,3901,3811.5,3864.3999,3845.5032,663008
2026-04-24,3882,3893.6001,3767.8999,3808.8999,3790.2744,315661
2026-04-27,3830.5,3881,3797,3856,3837.1443,309453
2026-04-28,3856,3892,3805.5,3827.3,3808.5847,267852
2026-04-29,3850,3870,3765.6001,3776.8,3758.3315,204618
2026-04-30,3790,3847.6001,3734.5,3808.2,3789.5779,474246
2026-05-01,3808.2,3808.2,3808.2,3808.2,3789.5779,0
2026-05-04,3850,3930,3820,3834.1001,3815.3516,813487
2026-05-05,3851.2,3866.5,3809.5,3846.6001,3827.7903,253569
2026-05-06,3880,3885,3783,3841.8,3823.0137,330665
2026-05-07,3860,3895.5,3792.8999,3871.5,3852.5686,315030
2026-05-08,3871.6001,3906.8999,3786,3822.6001,3803.9077,366353
2026-05-11,3720,3720,3552.8999,3605.6001,3587.9688,996964
2026-05-12,3605,3644.8,3555.8,3574.3999,3556.9211,385531
2026-05-13,3574.3999,3628.5,3518.2,3532.2,3514.9277,396807
2026-05-14,3574,3712,3469,3693.8,3675.7375,788580
2026-05-15,3724.5,3724.5,3575,3587.8999,3570.3552,284206
2026-05-18,3572,3572,3454.5,3535.1001,3517.8135,305148
2026-05-19,3540,3593.8999,3518.8,3550.8999,3533.5361,213583
2026-05-20,3524,3705,3493.1001,3696.3999,3678.3247,507079
2026-05-21,3739,3780,3710.8,3720.6001,3702.4065,346583
2026-05-22,3720.6001,3834,3714,3811.7,3793.0608,534453
2026-05-25,3836.3999,3878.5,3658,3667.5,3649.5662,471211
2026-05-26,3685.8,3697.8999,3620,3677.2,3659.2185,713402
2026-05-27,3569.7,3909.8999,3543.3,3878.7,3859.7332,1738785
2026-05-28,3878.7,3878.7,3878.7,3878.7,3859.7332,0
2026-05-29,3859.7,3937.3,3744.6001,3844,3825.2029,2024437
2026-06-01,3850,3856.7,3681.7,3711.3,3693.1519,526590
2026-06-02,3712.7,3756.8999,3639.6001,3729.7,3711.4619,628712
2026-06-03,3728.1001,3755,3665,3709.6001,3691.4602,464320
2026-06-04,3719,3765,3679.1001,3686.8999,3668.8711,341821
2026-06-05,3695,3724.8999,3647.1001,3700.8,3682.7034,343897
2026-06-08,3620,3675,3568.1001,3624,3606.2788,449233
2026-06-09,3623.8999,3630,3573.1001,3619.8,3602.0994,323100
2026-06-10,3634,3635.7,3555.1001,3582.7,3565.1807,600841
2026-06-11,3555.8,3586,3501,3522,3504.7776,249193
2026-06-12,3590,3599.7,3518,3569.6001,3552.1448,223315
2026-06-15,3630,3650,3582.7,3601.8,3584.1873,367596
2026-06-16,3611,3669,3604.3999,3636.8999,3619.1155,325257
2026-06-17,3661,3737.8,3626,3725.3999,3707.1829,401570
2026-06-18,3735,3755,3686.3999,3746.2,3727.8811,342772
2026-06-19,3744.5,3776.1001,3710.5,3759.6001,3741.2158,339876
2026-06-22,3779,3785,3726,3767.8,3749.3757,285178
2026-06-23,3770,3807.7,3654,3685.8999,3667.876,303345
2026-06-24,3688,3710.3999,3550.1001,3561.5,3544.0845,326149
2026-06-25,3581.3,3665,3571.6001,3627.8999,3610.1597,504071
2026-06-26,3627.8999,3627.8999,3627.8999,3627.8999,3610.1597,0
2026-06-29,3650,3668.3999,3561.1001,3573.1001,3555.6277,402739
2026-06-30,3600.3999,3616.3,3576.7,3599.8999,3582.2966,301665
2026-07-01,3606.1001,3630,3550,3560.7,3543.2883,313455
2026-07-02,3578.5,3616.5,3519,3580.3999,3562.8918,241163
2026-07-03,3590,3599.2,3497.5,3536.3,3519.0076,433734
2026-07-06,3553.8999,3583.6001,3515.1001,3571.6001,3554.135,427908
2026-07-07,3574,3584.8999,3450,3495,3477.9097,379280
2026-07-08,3479.1001,3502,3398.1001,3446.1001,3429.2488,358879
2026-07-09,3429,3484.6001,3426,3476.3999,3459.4004,283931
2026-07-10,3490.7,3542,3486,3496.5,3479.4023,231262
2026-07-13,3479.3,3498,3440.5,3477.8,3460.7937,231661
2026-07-14,3450,3525,3437,3510.3,3493.1348,224121
2026-07-15,3531,3608,3527.8,3571.8,3554.334,315307
2026-07-16,3599,3855,3558.7,3657.6001,3639.7146,1382371
2026-07-17,3657.6001,3690.2,3614.8,3658.8,3640.9087,339615
2026-07-20,3651,3700,3617,3678.3999,3660.4126,157367
2026-07-21,3678.3999,3709.3,3631.6001,3667.8,3649.8647,244297
2026-07-22,3685,3700,3632,3649.3999,3631.5544,226832
2026-07-23,3640,3709,3617.3999,3686.3,3668.2742,301522
2026-07-24,3631.2,3711.6001,3622.6001,3689.8,3671.7571,232607
2026-07-27,3721,3745,3690,3718,3699.8191,273869
2026-07-28,3700,3712.8999,3620,3681,3663,337464
2026-07-29,3660,3681.1001,3576.1001,3650.8,3650.8,234026
2026-07-30,3650.8,3665,3582.6001,3658.8,3658.8,214869
2026-07-31,3662.1001,3808.3999,3662.1001,3760,3760,565322
2026-08-03,3741.7,3905,3694.2,3900,3900,609663
2026-08-04,3919.6001,4073.8,3919.6001,4000.5,4000.5,1107988
2026-08-05,4035,4069.8999,3955,3980,3980,355546
2026-08-06,3990.3999,4019,3948.8,3952,3952,213389
2026-08-07,3955.1001,3984.5,3921,3940.1001,3940.1001,221514
2026-08-10,3940.2,3992.6001,3905,3914.3,3914.3,261301
2026-08-11,3924,4040,3854.6001,4011,4011,1266007
2026-08-12,4022,4097.8999,3991.7,4019,4019,716413
2026-08-13,4020,4024,3951,3987,3987,233755
2026-08-14,3968.1001,4052,3924,3940,3940,299051
2026-08-17,3940,3966.2,3910.3,3943,3943,201072
2026-08-18,3940.2,3988.5,3936.3999,3957,3957,120386
2026-08-19,3940,3956.3,3875.3,3898.8999,3898.8999,146047
2026-08-20,3935.1001,3954.8,3880,3880,3880,189186
2026-08-21,3880,3960,3879.8999,3920,3920,373459
2026-08-24,3920,4118.2002,3903.3,4114,4114,1317215
2026-08-25,4114,4149.3999,4060,4090.5,4090.5,625842
2026-08-26,4117,4117,4042.1001,4043,4043,374331
2026-08-27,4050,4128.7998,4050,4095,4095,455385
2026-08-28,4089.3,4113,4060,4089,4089,278973
2026-08-31,4061.3999,4068.7,3997,4030,4030,222185
2026-09-01,4029.8999,4093.2,3975.1001,4030,4030,317161
2026-09-02,4024.8999,4029,3966.2,4018.8999,4018.8999,263290
2026-09-03,4018.8999,4111.8999,4008.1001,4030,4030,388897
2026-09-04,4042,4042,3974.1001,3977,3977,177116
2026-09-07,3990,3998.1001,3904.1001,3927,3927,200987
2026-09-08,3911,3998.8,3911,3951.3,3951.3,349820
2026-09-09,3932,4003,3911.8,3949.1001,3949.1001,378664
2026-09-10,3949,3987.8999,3905.2,3954.3999,3954.3999,227398
2026-09-11,3912.1001,3957,3858.3999,3957,3957,172514
2026-09-14,3957,3957,3957,3957,3957,0
2026-09-15,3957.3999,3964,3770,3770,3770,347469
2026-09-16,3764,3799.3,3682.3999,3742,3742,132688
2026-09-17,3743.1001,3817.3999,3742,3763.5,3763.5,373967
2026-09-18,3781.3999,3913.8999,3770,3913.8999,3913.8999,666502
2026-09-21,3880,3919,3851.5,3887,3887,196942
2026-09-22,3890,3954.3,3850.1001,3858,3858,257553
2026-09-23,3878.3,3903,3828,3886,3886,133100
